10YQ2021,10Y Q2021,F2:10Y\Q21,10Y,20210831
10YU2021,10Y U2021,F2:10Y\U21,10Y,20210930
10YV2021,10Y V2021,F2:10Y\V21,10Y,20211029
10YX2021,10Y X2021,F2:10Y\X21,10Y,20211130
10YZ2021,10Y Z2021,F2:10Y\Z21,10Y,20211231
10YF2022,10Y F2022,F2:10Y\F22,10Y,20220131
10YG2022,10Y G2022,F2:10Y\G22,10Y,20220228
10YH2022,10Y H2022,F2:10Y\H22,10Y,20220331
10YJ2022,10Y J2022,F2:10Y\J22,10Y,20220429
10YK2022,10Y K2022,F2:10Y\K22,10Y,20220531
10YM2022,10Y M2022,F2:10Y\M22,10Y,20220630
10YN2022,10Y N2022,F2:10Y\N22,10Y,20220729
2YYQ2021,2YY Q2021,F2:2YY\Q21,2YY,20210831
2YYU2021,2YY U2021,F2:2YY\U21,2YY,20210930
2YYV2021,2YY V2021,F2:2YY\V21,2YY,20211029
2YYX2021,2YY X2021,F2:2YY\X21,2YY,20211130
2YYZ2021,2YY Z2021,F2:2YY\Z21,2YY,20211231
2YYF2022,2YY F2022,F2:2YY\F22,2YY,20220131
2YYG2022,2YY G2022,F2:2YY\G22,2YY,20220228
2YYH2022,2YY H2022,F2:2YY\H22,2YY,20220331
2YYJ2022,2YY J2022,F2:2YY\J22,2YY,20220429
2YYK2022,2YY K2022,F2:2YY\K22,2YY,20220531
2YYM2022,2YY M2022,F2:2YY\M22,2YY,20220630
2YYN2022,2YY N2022,F2:2YY\N22,2YY,20220729
30YQ2021,30Y Q2021,F2:30Y\Q21,30Y,20210831
30YU2021,30Y U2021,F2:30Y\U21,30Y,20210930
30YV2021,30Y V2021,F2:30Y\V21,30Y,20211029
30YX2021,30Y X2021,F2:30Y\X21,30Y,20211130
30YZ2021,30Y Z2021,F2:30Y\Z21,30Y,20211231
30YF2022,30Y F2022,F2:30Y\F22,30Y,20220131
30YG2022,30Y G2022,F2:30Y\G22,30Y,20220228
30YH2022,30Y H2022,F2:30Y\H22,30Y,20220331
30YJ2022,30Y J2022,F2:30Y\J22,30Y,20220429
30YK2022,30Y K2022,F2:30Y\K22,30Y,20220531
30YM2022,30Y M2022,F2:30Y\M22,30Y,20220630
30YN2022,30Y N2022,F2:30Y\N22,30Y,20220729
5YYQ2021,5YY Q2021,F2:5YY\Q21,5YY,20210831
5YYU2021,5YY U2021,F2:5YY\U21,5YY,20210930
5YYV2021,5YY V2021,F2:5YY\V21,5YY,20211029
5YYX2021,5YY X2021,F2:5YY\X21,5YY,20211130
5YYZ2021,5YY Z2021,F2:5YY\Z21,5YY,20211231
5YYF2022,5YY F2022,F2:5YY\F22,5YY,20220131
5YYG2022,5YY G2022,F2:5YY\G22,5YY,20220228
5YYH2022,5YY H2022,F2:5YY\H22,5YY,20220331
5YYJ2022,5YY J2022,F2:5YY\J22,5YY,20220429
5YYK2022,5YY K2022,F2:5YY\K22,5YY,20220531
5YYM2022,5YY M2022,F2:5YY\M22,5YY,20220630
5YYN2022,5YY N2022,F2:5YY\N22,5YY,20220729
MKCK2014,MKC K2014,F2:MKC\K14,MKC,20140514
MKCN2014,MKC N2014,F2:MKC\N14,MKC,20140714
MKCU2014,MKC U2014,F2:MKC\U14,MKC,20140912
MKCZ2014,MKC Z2014,F2:MKC\Z14,MKC,20141212
MKCH2015,MKC H2015,F2:MKC\H15,MKC,20150313
MKCK2015,MKC K2015,F2:MKC\K15,MKC,20150514
MKCN2015,MKC N2015,F2:MKC\N15,MKC,20150714
MKCU2015,MKC U2015,F2:MKC\U15,MKC,20150914
MKCZ2015,MKC Z2015,F2:MKC\Z15,MKC,20151214
MKCH2016,MKC H2016,F2:MKC\H16,MKC,20160314
MKCK2016,MKC K2016,F2:MKC\K16,MKC,20160513
MKCN2016,MKC N2016,F2:MKC\N16,MKC,20160714
MKCU2016,MKC U2016,F2:MKC\U16,MKC,20160914
MKCZ2016,MKC Z2016,F2:MKC\Z16,MKC,20161214
MKCH2017,MKC H2017,F2:MKC\H17,MKC,20170314
MKCK2017,MKC K2017,F2:MKC\K17,MKC,20170512
MKCN2017,MKC N2017,F2:MKC\N17,MKC,20170714
MKCU2017,MKC U2017,F2:MKC\U17,MKC,20170914
MKCZ2017,MKC Z2017,F2:MKC\Z17,MKC,20171214
MKCH2018,MKC H2018,F2:MKC\H18,MKC,20180314
MKCK2018,MKC K2018,F2:MKC\K18,MKC,20180514
MKCN2018,MKC N2018,F2:MKC\N18,MKC,20180713
MKCU2018,MKC U2018,F2:MKC\U18,MKC,20180914
MKCZ2018,MKC Z2018,F2:MKC\Z18,MKC,20181214
MKCH2019,MKC H2019,F2:MKC\H19,MKC,20190314
MKCK2019,MKC K2019,F2:MKC\K19,MKC,20190514
MKCN2019,MKC N2019,F2:MKC\N19,MKC,20190712
MKCU2019,MKC U2019,F2:MKC\U19,MKC,20190913
MKCZ2019,MKC Z2019,F2:MKC\Z19,MKC,20191213
MKCH2020,MKC H2020,F2:MKC\H20,MKC,20200313
MKCK2020,MKC K2020,F2:MKC\K20,MKC,20200514
MKCN2020,MKC N2020,F2:MKC\N20,MKC,20200714
MKCU2020,MKC U2020,F2:MKC\U20,MKC,20200914
MKCZ2020,MKC Z2020,F2:MKC\Z20,MKC,20201214
MKCH2021,MKC H2021,F2:MKC\H21,MKC,20210312
MKCK2021,MKC K2021,F2:MKC\K21,MKC,20210514
MKCN2021,MKC N2021,F2:MKC\N21,MKC,20210714
MKCU2021,MKC U2021,F2:MKC\U21,MKC,20210914
MKCZ2021,MKC Z2021,F2:MKC\Z21,MKC,20211214
MKCH2022,MKC H2022,F2:MKC\H22,MKC,20220314
MKCK2022,MKC K2022,F2:MKC\K22,MKC,20220513
MKCN2022,MKC N2022,F2:MKC\N22,MKC,20220714
MKCU2022,MKC U2022,F2:MKC\U22,MKC,20220914
MKCZ2022,MKC Z2022,F2:MKC\Z22,MKC,20221214
MKCH2023,MKC H2023,F2:MKC\H23,MKC,20230314
MKCK2023,MKC K2023,F2:MKC\K23,MKC,20230512
MKCN2023,MKC N2023,F2:MKC\N23,MKC,20230714
MKCU2023,MKC U2023,F2:MKC\U23,MKC,20230914
MKCZ2023,MKC Z2023,F2:MKC\Z23,MKC,20231214
MKCH2024,MKC H2024,F2:MKC\H24,MKC,20240314
MKCK2024,MKC K2024,F2:MKC\K24,MKC,20240514
MKCN2024,MKC N2024,F2:MKC\N24,MKC,20240712
MYMM2019,MYM M2019,F2:MYM\M19,MYM,20190621
MYMU2019,MYM U2019,F2:MYM\U19,MYM,20190920
MYMZ2019,MYM Z2019,F2:MYM\Z19,MYM,20191220
MYMH2020,MYM H2020,F2:MYM\H20,MYM,20200320
MYMM2020,MYM M2020,F2:MYM\M20,MYM,20200619
MYMU2020,MYM U2020,F2:MYM\U20,MYM,20200918
MYMZ2020,MYM Z2020,F2:MYM\Z20,MYM,20201218
MYMH2021,MYM H2021,F2:MYM\H21,MYM,20210319
MYMM2021,MYM M2021,F2:MYM\M21,MYM,20210618
MYMU2021,MYM U2021,F2:MYM\U21,MYM,20210917
MYMZ2021,MYM Z2021,F2:MYM\Z21,MYM,20211217
YMTZ2015,YMT Z2015,F2:YMT\Z15,YMT,20151218
YMTH2016,YMT H2016,F2:YMT\H16,YMT,20160318
YMTM2016,YMT M2016,F2:YMT\M16,YMT,20160617
YMTU2016,YMT U2016,F2:YMT\U16,YMT,20160916
YMTZ2016,YMT Z2016,F2:YMT\Z16,YMT,20161216
YMTH2017,YMT H2017,F2:YMT\H17,YMT,20170317
YMTM2017,YMT M2017,F2:YMT\M17,YMT,20170616
YMTU2017,YMT U2017,F2:YMT\U17,YMT,20170915
YMTZ2017,YMT Z2017,F2:YMT\Z17,YMT,20171215
YMTH2018,YMT H2018,F2:YMT\H18,YMT,20180316
YMTM2018,YMT M2018,F2:YMT\M18,YMT,20180615
YMTU2018,YMT U2018,F2:YMT\U18,YMT,20180921
YMTZ2018,YMT Z2018,F2:YMT\Z18,YMT,20181221
YMTH2019,YMT H2019,F2:YMT\H19,YMT,20190315
YMTM2019,YMT M2019,F2:YMT\M19,YMT,20190621
YMTU2019,YMT U2019,F2:YMT\U19,YMT,20190919
YMTZ2019,YMT Z2019,F2:YMT\Z19,YMT,20191219
YMTH2020,YMT H2020,F2:YMT\H20,YMT,20200319
YMTM2020,YMT M2020,F2:YMT\M20,YMT,20200618
YMTU2020,YMT U2020,F2:YMT\U20,YMT,20200917
YMTZ2020,YMT Z2020,F2:YMT\Z20,YMT,20201217
YMTH2021,YMT H2021,F2:YMT\H21,YMT,20210318
YMTM2021,YMT M2021,F2:YMT\M21,YMT,20210617
YMTU2021,YMT U2021,F2:YMT\U21,YMT,20210916
YMTZ2021,YMT Z2021,F2:YMT\Z21,YMT,20211216
YMTH2022,YMT H2022,F2:YMT\H22,YMT,20220317
YMTM2022,YMT M2022,F2:YMT\M22,YMT,20220616
YMTU2022,YMT U2022,F2:YMT\U22,YMT,20220915
YMTZ2022,YMT Z2022,F2:YMT\Z22,YMT,20221215
YMTH2023,YMT H2023,F2:YMT\H23,YMT,20230316
YMTM2023,YMT M2023,F2:YMT\M23,YMT,20230615
