MYMM2019,MYM M2019,F2:MYM\M19,MYM,20190621
MYMU2019,MYM U2019,F2:MYM\U19,MYM,20190920
MYMZ2019,MYM Z2019,F2:MYM\Z19,MYM,20191220
MYMH2020,MYM H2020,F2:MYM\H20,MYM,20200320
MYMM2020,MYM M2020,F2:MYM\M20,MYM,20200619
MYMU2020,MYM U2020,F2:MYM\U20,MYM,20200918
MYMZ2020,MYM Z2020,F2:MYM\Z20,MYM,20201218
MYMH2021,MYM H2021,F2:MYM\H21,MYM,20210319
MYMM2021,MYM M2021,F2:MYM\M21,MYM,20210618
MYMU2021,MYM U2021,F2:MYM\U21,MYM,20210917
MYMZ2021,MYM Z2021,F2:MYM\Z21,MYM,20211217
MYMH2022,MYM H2022,F2:MYM\H22,MYM,20220318
MYMM2022,MYM M2022,F2:MYM\M22,MYM,20220617
MYMU2022,MYM U2022,F2:MYM\U22,MYM,20220916
MYMZ2022,MYM Z2022,F2:MYM\Z22,MYM,20221216
MYMH2023,MYM H2023,F2:MYM\H23,MYM,20230317
MYMM2023,MYM M2023,F2:MYM\M23,MYM,20230616
XCK2007,XC K2007,F2:XC\K07,XC,20070514
XCN2007,XC N2007,F2:XC\N07,XC,20070713
XCU2007,XC U2007,F2:XC\U07,XC,20070914
XCZ2007,XC Z2007,F2:XC\Z07,XC,20071214
XCH2008,XC H2008,F2:XC\H08,XC,20080314
XCK2008,XC K2008,F2:XC\K08,XC,20080514
XCN2008,XC N2008,F2:XC\N08,XC,20080714
XCU2008,XC U2008,F2:XC\U08,XC,20080912
XCZ2008,XC Z2008,F2:XC\Z08,XC,20081212
XCH2009,XC H2009,F2:XC\H09,XC,20090313
XCK2009,XC K2009,F2:XC\K09,XC,20090514
XCN2009,XC N2009,F2:XC\N09,XC,20090714
XCU2009,XC U2009,F2:XC\U09,XC,20090914
XCZ2009,XC Z2009,F2:XC\Z09,XC,20091214
XCH2010,XC H2010,F2:XC\H10,XC,20100312
XCK2010,XC K2010,F2:XC\K10,XC,20100514
XCN2010,XC N2010,F2:XC\N10,XC,20100714
XCU2010,XC U2010,F2:XC\U10,XC,20100914
XCZ2010,XC Z2010,F2:XC\Z10,XC,20101214
XCH2011,XC H2011,F2:XC\H11,XC,20110314
XCK2011,XC K2011,F2:XC\K11,XC,20110513
XCN2011,XC N2011,F2:XC\N11,XC,20110714
XCU2011,XC U2011,F2:XC\U11,XC,20110914
XCZ2011,XC Z2011,F2:XC\Z11,XC,20111214
XCH2012,XC H2012,F2:XC\H12,XC,20120314
XCK2012,XC K2012,F2:XC\K12,XC,20120514
XCN2012,XC N2012,F2:XC\N12,XC,20120713
XCU2012,XC U2012,F2:XC\U12,XC,20120914
XCZ2012,XC Z2012,F2:XC\Z12,XC,20121214
XCH2013,XC H2013,F2:XC\H13,XC,20130314
XCK2013,XC K2013,F2:XC\K13,XC,20130514
XCN2013,XC N2013,F2:XC\N13,XC,20130712
XCU2013,XC U2013,F2:XC\U13,XC,20130913
XCZ2013,XC Z2013,F2:XC\Z13,XC,20131213
XCH2014,XC H2014,F2:XC\H14,XC,20140314
XCK2014,XC K2014,F2:XC\K14,XC,20140514
XCN2014,XC N2014,F2:XC\N14,XC,20140714
XCU2014,XC U2014,F2:XC\U14,XC,20140912
XCZ2014,XC Z2014,F2:XC\Z14,XC,20141212
XCH2015,XC H2015,F2:XC\H15,XC,20150313
XCK2015,XC K2015,F2:XC\K15,XC,20150514
XCN2015,XC N2015,F2:XC\N15,XC,20150714
XCU2015,XC U2015,F2:XC\U15,XC,20150914
XCZ2015,XC Z2015,F2:XC\Z15,XC,20151214
XCH2016,XC H2016,F2:XC\H16,XC,20160314
XCK2016,XC K2016,F2:XC\K16,XC,20160513
XCN2016,XC N2016,F2:XC\N16,XC,20160714
XCU2016,XC U2016,F2:XC\U16,XC,20160914
XCZ2016,XC Z2016,F2:XC\Z16,XC,20161214
XCH2017,XC H2017,F2:XC\H17,XC,20170314
XCK2017,XC K2017,F2:XC\K17,XC,20170512
XCN2017,XC N2017,F2:XC\N17,XC,20170714
XCU2017,XC U2017,F2:XC\U17,XC,20170914
XCZ2017,XC Z2017,F2:XC\Z17,XC,20171214
XCH2018,XC H2018,F2:XC\H18,XC,20180314
XCK2018,XC K2018,F2:XC\K18,XC,20180514
XCN2018,XC N2018,F2:XC\N18,XC,20180713
XCU2018,XC U2018,F2:XC\U18,XC,20180914
XCZ2018,XC Z2018,F2:XC\Z18,XC,20181214
XCH2019,XC H2019,F2:XC\H19,XC,20190314
XCK2019,XC K2019,F2:XC\K19,XC,20190514
XCN2019,XC N2019,F2:XC\N19,XC,20190712
XCU2019,XC U2019,F2:XC\U19,XC,20190913
XCZ2019,XC Z2019,F2:XC\Z19,XC,20191213
XCH2020,XC H2020,F2:XC\H20,XC,20200313
XCK2020,XC K2020,F2:XC\K20,XC,20200514
XCN2020,XC N2020,F2:XC\N20,XC,20200714
XCU2020,XC U2020,F2:XC\U20,XC,20200914
XCZ2020,XC Z2020,F2:XC\Z20,XC,20201214
XCH2021,XC H2021,F2:XC\H21,XC,20210312
XCK2021,XC K2021,F2:XC\K21,XC,20210514
XCN2021,XC N2021,F2:XC\N21,XC,20210714
XCU2021,XC U2021,F2:XC\U21,XC,20210914
XCZ2021,XC Z2021,F2:XC\Z21,XC,20211214
XCH2022,XC H2022,F2:XC\H22,XC,20220314
XCK2022,XC K2022,F2:XC\K22,XC,20220513
XCN2022,XC N2022,F2:XC\N22,XC,20220714
XCU2022,XC U2022,F2:XC\U22,XC,20220914
XCZ2022,XC Z2022,F2:XC\Z22,XC,20221214
XCH2023,XC H2023,F2:XC\H23,XC,20230314
XCK2023,XC K2023,F2:XC\K23,XC,20230512
XCN2023,XC N2023,F2:XC\N23,XC,20230714
XCU2023,XC U2023,F2:XC\U23,XC,20230914
XCZ2023,XC Z2023,F2:XC\Z23,XC,20231214
XCH2024,XC H2024,F2:XC\H24,XC,20240314
XCK2024,XC K2024,F2:XC\K24,XC,20240514
XCN2024,XC N2024,F2:XC\N24,XC,20240712
XCU2024,XC U2024,F2:XC\U24,XC,20240913
XCZ2024,XC Z2024,F2:XC\Z24,XC,20241213
XCN2025,XC N2025,F2:XC\N25,XC,20250714
XCZ2025,XC Z2025,F2:XC\Z25,XC,20251212
XKV2006,XB V2006,F2:XK\V06,XK,20061102
XKX2006,XB X2006,F2:XK\X06,XK,20061204
XKZ2006,XB Z2006,F2:XK\Z06,XK,20070102
XKF2007,XB F2007,F2:XK\F07,XK,20070202
XKG2007,XB G2007,F2:XK\G07,XK,20070302
XKK2007,XB K2007,F2:XK\K07,XK,20070514
XKN2007,XB N2007,F2:XK\N07,XK,20070713
XKQ2007,XB Q2007,F2:XK\Q07,XK,20070831
XKU2007,XB U2007,F2:XK\U07,XK,20070914
XKX2007,XB X2007,F2:XK\X07,XK,20071130
XKF2008,XB F2008,F2:XK\F08,XK,20080131
XKH2008,XB H2008,F2:XK\H08,XK,20080314
XKK2008,XB K2008,F2:XK\K08,XK,20080514
XKN2008,XB N2008,F2:XK\N08,XK,20080714
XKQ2008,XB Q2008,F2:XK\Q08,XK,20080829
XKU2008,XB U2008,F2:XK\U08,XK,20080912
XKX2008,XB X2008,F2:XK\X08,XK,20081128
XKF2009,XB F2009,F2:XK\F09,XK,20090130
XKH2009,XB H2009,F2:XK\H09,XK,20090313
XKK2009,XB K2009,F2:XK\K09,XK,20090514
XKN2009,XB N2009,F2:XK\N09,XK,20090714
XKQ2009,XB Q2009,F2:XK\Q09,XK,20090831
XKU2009,XB U2009,F2:XK\U09,XK,20090914
XKX2009,XB X2009,F2:XK\X09,XK,20091130
XKF2010,XB F2010,F2:XK\F10,XK,20100129
XKH2010,XB H2010,F2:XK\H10,XK,20100312
XKK2010,XB K2010,F2:XK\K10,XK,20100514
XKN2010,XB N2010,F2:XK\N10,XK,20100714
XKQ2010,XB Q2010,F2:XK\Q10,XK,20100831
XKU2010,XB U2010,F2:XK\U10,XK,20100914
XKX2010,XB X2010,F2:XK\X10,XK,20101130
XKF2011,XB F2011,F2:XK\F11,XK,20110131
XKH2011,XB H2011,F2:XK\H11,XK,20110314
XKK2011,XB K2011,F2:XK\K11,XK,20110513
XKN2011,XB N2011,F2:XK\N11,XK,20110714
XKQ2011,XB Q2011,F2:XK\Q11,XK,20110831
XKU2011,XB U2011,F2:XK\U11,XK,20110914
XKX2011,XB X2011,F2:XK\X11,XK,20111130
XKF2012,XB F2012,F2:XK\F12,XK,20120131
XKH2012,XB H2012,F2:XK\H12,XK,20120314
XKK2012,XB K2012,F2:XK\K12,XK,20120514
XKN2012,XB N2012,F2:XK\N12,XK,20120713
XKQ2012,XB Q2012,F2:XK\Q12,XK,20120831
XKU2012,XB U2012,F2:XK\U12,XK,20120914
XKX2012,XB X2012,F2:XK\X12,XK,20121130
XKF2013,XB F2013,F2:XK\F13,XK,20130131
XKH2013,XB H2013,F2:XK\H13,XK,20130314
XKK2013,XB K2013,F2:XK\K13,XK,20130514
XKN2013,XB N2013,F2:XK\N13,XK,20130712
XKQ2013,XB Q2013,F2:XK\Q13,XK,20130830
XKU2013,XB U2013,F2:XK\U13,XK,20130913
XKX2013,XB X2013,F2:XK\X13,XK,20131129
XKF2014,XB F2014,F2:XK\F14,XK,20140131
XKH2014,XB H2014,F2:XK\H14,XK,20140314
XKK2014,XB K2014,F2:XK\K14,XK,20140514
XKN2014,XB N2014,F2:XK\N14,XK,20140714
XKQ2014,XB Q2014,F2:XK\Q14,XK,20140829
XKU2014,XB U2014,F2:XK\U14,XK,20140912
XKX2014,XB X2014,F2:XK\X14,XK,20141128
XKF2015,XB F2015,F2:XK\F15,XK,20150130
XKH2015,XB H2015,F2:XK\H15,XK,20150313
XKK2015,XB K2015,F2:XK\K15,XK,20150514
XKN2015,XB N2015,F2:XK\N15,XK,20150714
XKQ2015,XB Q2015,F2:XK\Q15,XK,20150831
XKU2015,XB U2015,F2:XK\U15,XK,20150914
XKX2015,XB X2015,F2:XK\X15,XK,20151130
XKF2016,XB F2016,F2:XK\F16,XK,20160129
XKH2016,XB H2016,F2:XK\H16,XK,20160314
XKK2016,XB K2016,F2:XK\K16,XK,20160513
XKN2016,XB N2016,F2:XK\N16,XK,20160714
XKQ2016,XB Q2016,F2:XK\Q16,XK,20160812
XKU2016,XB U2016,F2:XK\U16,XK,20160914
XKX2016,XB X2016,F2:XK\X16,XK,20161114
XKF2017,XB F2017,F2:XK\F17,XK,20170113
XKH2017,XB H2017,F2:XK\H17,XK,20170314
XKK2017,XB K2017,F2:XK\K17,XK,20170512
XKN2017,XB N2017,F2:XK\N17,XK,20170714
XKQ2017,XB Q2017,F2:XK\Q17,XK,20170814
XKU2017,XB U2017,F2:XK\U17,XK,20170914
XKX2017,XB X2017,F2:XK\X17,XK,20171114
XKF2018,XB F2018,F2:XK\F18,XK,20180112
XKH2018,XB H2018,F2:XK\H18,XK,20180314
XKK2018,XB K2018,F2:XK\K18,XK,20180514
XKN2018,XB N2018,F2:XK\N18,XK,20180713
XKQ2018,XB Q2018,F2:XK\Q18,XK,20180814
XKU2018,XB U2018,F2:XK\U18,XK,20180914
XKX2018,XB X2018,F2:XK\X18,XK,20181114
XKF2019,XB F2019,F2:XK\F19,XK,20190114
XKH2019,XB H2019,F2:XK\H19,XK,20190314
XKK2019,XB K2019,F2:XK\K19,XK,20190514
XKN2019,XB N2019,F2:XK\N19,XK,20190712
XKQ2019,XB Q2019,F2:XK\Q19,XK,20190814
XKU2019,XB U2019,F2:XK\U19,XK,20190913
XKX2019,XB X2019,F2:XK\X19,XK,20191114
XKF2020,XB F2020,F2:XK\F20,XK,20200114
XKH2020,XB H2020,F2:XK\H20,XK,20200313
XKK2020,XB K2020,F2:XK\K20,XK,20200514
XKN2020,XB N2020,F2:XK\N20,XK,20200714
XKQ2020,XB Q2020,F2:XK\Q20,XK,20200814
XKU2020,XB U2020,F2:XK\U20,XK,20200914
XKX2020,XB X2020,F2:XK\X20,XK,20201113
XKF2021,XB F2021,F2:XK\F21,XK,20210114
XKH2021,XB H2021,F2:XK\H21,XK,20210312
XKK2021,XB K2021,F2:XK\K21,XK,20210514
XKN2021,XB N2021,F2:XK\N21,XK,20210714
XKQ2021,XB Q2021,F2:XK\Q21,XK,20210813
XKU2021,XB U2021,F2:XK\U21,XK,20210914
XKX2021,XB X2021,F2:XK\X21,XK,20211112
XKF2022,XB F2022,F2:XK\F22,XK,20220114
XKH2022,XB H2022,F2:XK\H22,XK,20220314
XKK2022,XB K2022,F2:XK\K22,XK,20220513
XKN2022,XB N2022,F2:XK\N22,XK,20220714
XKQ2022,XB Q2022,F2:XK\Q22,XK,20220812
XKU2022,XB U2022,F2:XK\U22,XK,20220914
XKX2022,XB X2022,F2:XK\X22,XK,20221114
XKF2023,XB F2023,F2:XK\F23,XK,20230113
XKH2023,XB H2023,F2:XK\H23,XK,20230314
XKK2023,XB K2023,F2:XK\K23,XK,20230512
XKN2023,XB N2023,F2:XK\N23,XK,20230714
XKQ2023,XB Q2023,F2:XK\Q23,XK,20230814
XKU2023,XB U2023,F2:XK\U23,XK,20230914
XKX2023,XB X2023,F2:XK\X23,XK,20231114
XKF2024,XB F2024,F2:XK\F24,XK,20240112
XKH2024,XB H2024,F2:XK\H24,XK,20240314
XKK2024,XB K2024,F2:XK\K24,XK,20240514
XKN2024,XB N2024,F2:XK\N24,XK,20240712
XKQ2024,XB Q2024,F2:XK\Q24,XK,20240814
XKU2024,XB U2024,F2:XK\U24,XK,20240913
XKX2024,XB X2024,F2:XK\X24,XK,20241114
XKN2025,XB N2025,F2:XK\N25,XK,20250714
XKX2025,XB X2025,F2:XK\X25,XK,20251114
XWK2007,XW K2007,F2:XW\K07,XW,20070514
XWN2007,XW N2007,F2:XW\N07,XW,20070713
XWU2007,XW U2007,F2:XW\U07,XW,20070914
XWZ2007,XW Z2007,F2:XW\Z07,XW,20071214
XWH2008,XW H2008,F2:XW\H08,XW,20080314
XWK2008,XW K2008,F2:XW\K08,XW,20080514
XWN2008,XW N2008,F2:XW\N08,XW,20080714
XWU2008,XW U2008,F2:XW\U08,XW,20080912
XWZ2008,XW Z2008,F2:XW\Z08,XW,20081212
XWH2009,XW H2009,F2:XW\H09,XW,20090313
XWK2009,XW K2009,F2:XW\K09,XW,20090514
XWN2009,XW N2009,F2:XW\N09,XW,20090714
XWU2009,XW U2009,F2:XW\U09,XW,20090914
XWZ2009,XW Z2009,F2:XW\Z09,XW,20091214
XWH2010,XW H2010,F2:XW\H10,XW,20100312
XWK2010,XW K2010,F2:XW\K10,XW,20100514
XWN2010,XW N2010,F2:XW\N10,XW,20100714
XWU2010,XW U2010,F2:XW\U10,XW,20100914
XWZ2010,XW Z2010,F2:XW\Z10,XW,20101214
XWH2011,XW H2011,F2:XW\H11,XW,20110314
XWK2011,XW K2011,F2:XW\K11,XW,20110513
XWN2011,XW N2011,F2:XW\N11,XW,20110714
XWU2011,XW U2011,F2:XW\U11,XW,20110914
XWZ2011,XW Z2011,F2:XW\Z11,XW,20111214
XWH2012,XW H2012,F2:XW\H12,XW,20120314
XWK2012,XW K2012,F2:XW\K12,XW,20120514
XWN2012,XW N2012,F2:XW\N12,XW,20120713
XWU2012,XW U2012,F2:XW\U12,XW,20120914
XWZ2012,XW Z2012,F2:XW\Z12,XW,20121214
XWH2013,XW H2013,F2:XW\H13,XW,20130314
XWK2013,XW K2013,F2:XW\K13,XW,20130514
XWN2013,XW N2013,F2:XW\N13,XW,20130712
XWU2013,XW U2013,F2:XW\U13,XW,20130913
XWZ2013,XW Z2013,F2:XW\Z13,XW,20131213
XWH2014,XW H2014,F2:XW\H14,XW,20140314
XWK2014,XW K2014,F2:XW\K14,XW,20140514
XWN2014,XW N2014,F2:XW\N14,XW,20140714
XWU2014,XW U2014,F2:XW\U14,XW,20140912
XWZ2014,XW Z2014,F2:XW\Z14,XW,20141212
XWH2015,XW H2015,F2:XW\H15,XW,20150313
XWK2015,XW K2015,F2:XW\K15,XW,20150514
XWN2015,XW N2015,F2:XW\N15,XW,20150714
XWU2015,XW U2015,F2:XW\U15,XW,20150914
XWZ2015,XW Z2015,F2:XW\Z15,XW,20151214
XWH2016,XW H2016,F2:XW\H16,XW,20160314
XWK2016,XW K2016,F2:XW\K16,XW,20160513
XWN2016,XW N2016,F2:XW\N16,XW,20160714
XWU2016,XW U2016,F2:XW\U16,XW,20160914
XWZ2016,XW Z2016,F2:XW\Z16,XW,20161214
XWH2017,XW H2017,F2:XW\H17,XW,20170314
XWK2017,XW K2017,F2:XW\K17,XW,20170512
XWN2017,XW N2017,F2:XW\N17,XW,20170714
XWU2017,XW U2017,F2:XW\U17,XW,20170914
XWZ2017,XW Z2017,F2:XW\Z17,XW,20171214
XWH2018,XW H2018,F2:XW\H18,XW,20180314
XWK2018,XW K2018,F2:XW\K18,XW,20180514
XWN2018,XW N2018,F2:XW\N18,XW,20180713
XWU2018,XW U2018,F2:XW\U18,XW,20180914
XWZ2018,XW Z2018,F2:XW\Z18,XW,20181214
XWH2019,XW H2019,F2:XW\H19,XW,20190314
XWK2019,XW K2019,F2:XW\K19,XW,20190514
XWN2019,XW N2019,F2:XW\N19,XW,20190712
XWU2019,XW U2019,F2:XW\U19,XW,20190913
XWZ2019,XW Z2019,F2:XW\Z19,XW,20191213
XWH2020,XW H2020,F2:XW\H20,XW,20200313
XWK2020,XW K2020,F2:XW\K20,XW,20200514
XWN2020,XW N2020,F2:XW\N20,XW,20200714
XWU2020,XW U2020,F2:XW\U20,XW,20200914
XWZ2020,XW Z2020,F2:XW\Z20,XW,20201214
XWH2021,XW H2021,F2:XW\H21,XW,20210312
XWK2021,XW K2021,F2:XW\K21,XW,20210514
XWN2021,XW N2021,F2:XW\N21,XW,20210714
XWU2021,XW U2021,F2:XW\U21,XW,20210914
XWZ2021,XW Z2021,F2:XW\Z21,XW,20211214
XWH2022,XW H2022,F2:XW\H22,XW,20220314
XWK2022,XW K2022,F2:XW\K22,XW,20220513
XWN2022,XW N2022,F2:XW\N22,XW,20220714
XWU2022,XW U2022,F2:XW\U22,XW,20220914
XWZ2022,XW Z2022,F2:XW\Z22,XW,20221214
XWH2023,XW H2023,F2:XW\H23,XW,20230314
XWK2023,XW K2023,F2:XW\K23,XW,20230512
XWN2023,XW N2023,F2:XW\N23,XW,20230714
XWU2023,XW U2023,F2:XW\U23,XW,20230914
XWZ2023,XW Z2023,F2:XW\Z23,XW,20231214
XWH2024,XW H2024,F2:XW\H24,XW,20240314
XWK2024,XW K2024,F2:XW\K24,XW,20240514
XWN2024,XW N2024,F2:XW\N24,XW,20240712
XWU2024,XW U2024,F2:XW\U24,XW,20240913
XWZ2024,XW Z2024,F2:XW\Z24,XW,20241213
XWH2025,XW H2025,F2:XW\H25,XW,20250314
XWK2025,XW K2025,F2:XW\K25,XW,20250514
XWN2025,XW N2025,F2:XW\N25,XW,20250714
YMM2002,YM M2002,F2:YM\M02,YM,20020620
YMU2002,YM U2002,F2:YM\U02,YM,20020919
YMZ2002,YM Z2002,F2:YM\Z02,YM,20021220
YMH2003,YM H2003,F2:YM\H03,YM,20030321
YMM2003,YM M2003,F2:YM\M03,YM,20030620
YMU2003,YM U2003,F2:YM\U03,YM,20030919
YMZ2003,YM Z2003,F2:YM\Z03,YM,20031218
YMH2004,YM H2004,F2:YM\H04,YM,20040318
YMM2004,YM M2004,F2:YM\M04,YM,20040617
YMU2004,YM U2004,F2:YM\U04,YM,20040916
YMZ2004,YM Z2004,F2:YM\Z04,YM,20041216
YMH2005,YM H2005,F2:YM\H05,YM,20050317
YMM2005,YM M2005,F2:YM\M05,YM,20050616
YMU2005,YM U2005,F2:YM\U05,YM,20050915
YMZ2005,YM Z2005,F2:YM\Z05,YM,20051215
YMH2006,YM H2006,F2:YM\H06,YM,20060316
YMM2006,YM M2006,F2:YM\M06,YM,20060615
YMU2006,YM U2006,F2:YM\U06,YM,20060914
YMZ2006,YM Z2006,F2:YM\Z06,YM,20061214
YMH2007,YM H2007,F2:YM\H07,YM,20070315
YMM2007,YM M2007,F2:YM\M07,YM,20070614
YMU2007,YM U2007,F2:YM\U07,YM,20070920
YMZ2007,YM Z2007,F2:YM\Z07,YM,20071220
YMH2008,YM H2008,F2:YM\H08,YM,20080319
YMM2008,YM M2008,F2:YM\M08,YM,20080619
YMU2008,YM U2008,F2:YM\U08,YM,20080918
YMZ2008,YM Z2008,F2:YM\Z08,YM,20081219
YMH2009,YM H2009,F2:YM\H09,YM,20090320
YMM2009,YM M2009,F2:YM\M09,YM,20090619
YMU2009,YM U2009,F2:YM\U09,YM,20090918
YMZ2009,YM Z2009,F2:YM\Z09,YM,20091218
YMH2010,YM H2010,F2:YM\H10,YM,20100319
YMM2010,YM M2010,F2:YM\M10,YM,20100618
YMU2010,YM U2010,F2:YM\U10,YM,20100917
YMZ2010,YM Z2010,F2:YM\Z10,YM,20101217
YMH2011,YM H2011,F2:YM\H11,YM,20110318
YMM2011,YM M2011,F2:YM\M11,YM,20110617
YMU2011,YM U2011,F2:YM\U11,YM,20110916
YMZ2011,YM Z2011,F2:YM\Z11,YM,20111216
YMH2012,YM H2012,F2:YM\H12,YM,20120316
YMM2012,YM M2012,F2:YM\M12,YM,20120615
YMU2012,YM U2012,F2:YM\U12,YM,20120921
YMZ2012,YM Z2012,F2:YM\Z12,YM,20121221
YMH2013,YM H2013,F2:YM\H13,YM,20130315
YMM2013,YM M2013,F2:YM\M13,YM,20130621
YMU2013,YM U2013,F2:YM\U13,YM,20130920
YMZ2013,YM Z2013,F2:YM\Z13,YM,20131220
YMH2014,YM H2014,F2:YM\H14,YM,20140321
YMM2014,YM M2014,F2:YM\M14,YM,20140620
YMU2014,YM U2014,F2:YM\U14,YM,20140919
YMZ2014,YM Z2014,F2:YM\Z14,YM,20141219
YMH2015,YM H2015,F2:YM\H15,YM,20150320
YMM2015,YM M2015,F2:YM\M15,YM,20150619
YMU2015,YM U2015,F2:YM\U15,YM,20150918
YMZ2015,YM Z2015,F2:YM\Z15,YM,20151218
YMH2016,YM H2016,F2:YM\H16,YM,20160318
YMM2016,YM M2016,F2:YM\M16,YM,20160617
YMU2016,YM U2016,F2:YM\U16,YM,20160916
YMZ2016,YM Z2016,F2:YM\Z16,YM,20161216
YMH2017,YM H2017,F2:YM\H17,YM,20170317
YMM2017,YM M2017,F2:YM\M17,YM,20170616
YMU2017,YM U2017,F2:YM\U17,YM,20170915
YMZ2017,YM Z2017,F2:YM\Z17,YM,20171215
YMH2018,YM H2018,F2:YM\H18,YM,20180316
YMM2018,YM M2018,F2:YM\M18,YM,20180615
YMU2018,YM U2018,F2:YM\U18,YM,20180921
YMZ2018,YM Z2018,F2:YM\Z18,YM,20181221
YMH2019,YM H2019,F2:YM\H19,YM,20190315
YMM2019,YM M2019,F2:YM\M19,YM,20190621
YMU2019,YM U2019,F2:YM\U19,YM,20190920
YMZ2019,YM Z2019,F2:YM\Z19,YM,20191220
YMH2020,YM H2020,F2:YM\H20,YM,20200320
YMM2020,YM M2020,F2:YM\M20,YM,20200619
YMU2020,YM U2020,F2:YM\U20,YM,20200918
YMZ2020,YM Z2020,F2:YM\Z20,YM,20201218
YMH2021,YM H2021,F2:YM\H21,YM,20210319
YMM2021,YM M2021,F2:YM\M21,YM,20210618
YMU2021,YM U2021,F2:YM\U21,YM,20210917
YMZ2021,YM Z2021,F2:YM\Z21,YM,20211217
YMH2022,YM H2022,F2:YM\H22,YM,20220318
YMM2022,YM M2022,F2:YM\M22,YM,20220617
YMU2022,YM U2022,F2:YM\U22,YM,20220916
YMZ2022,YM Z2022,F2:YM\Z22,YM,20221216
YMH2023,YM H2023,F2:YM\H23,YM,20230317
YMM2023,YM M2023,F2:YM\M23,YM,20230616
