BIOZ2005,BIO Z2005,F2:BIO\Z05,BIO,20051216
BIOH2006,BIO H2006,F2:BIO\H06,BIO,20060317
BIOM2006,BIO M2006,F2:BIO\M06,BIO,20060616
BIOU2006,BIO U2006,F2:BIO\U06,BIO,20060915
BIOZ2006,BIO Z2006,F2:BIO\Z06,BIO,20061215
BIOH2007,BIO H2007,F2:BIO\H07,BIO,20070316
BIOM2007,BIO M2007,F2:BIO\M07,BIO,20070615
BIOU2007,BIO U2007,F2:BIO\U07,BIO,20070921
BIOZ2007,BIO Z2007,F2:BIO\Z07,BIO,20071221
BIOH2008,BIO H2008,F2:BIO\H08,BIO,20080320
BIOM2008,BIO M2008,F2:BIO\M08,BIO,20080620
BIOU2008,BIO U2008,F2:BIO\U08,BIO,20080919
BIOZ2008,BIO Z2008,F2:BIO\Z08,BIO,20081219
BIOH2009,BIO H2009,F2:BIO\H09,BIO,20090320
BIOM2009,BIO M2009,F2:BIO\M09,BIO,20090619
BIOU2009,BIO U2009,F2:BIO\U09,BIO,20090918
BIOZ2009,BIO Z2009,F2:BIO\Z09,BIO,20091218
BIOH2010,BIO H2010,F2:BIO\H10,BIO,20100319
BIOM2010,BIO M2010,F2:BIO\M10,BIO,20100618
BIOU2010,BIO U2010,F2:BIO\U10,BIO,20100917
BIOZ2010,BIO Z2010,F2:BIO\Z10,BIO,20101217
BIOH2011,BIO H2011,F2:BIO\H11,BIO,20110318
BIOM2011,BIO M2011,F2:BIO\M11,BIO,20110617
BIOU2011,BIO U2011,F2:BIO\U11,BIO,20110916
BIOZ2011,BIO Z2011,F2:BIO\Z11,BIO,20111216
BIOH2012,BIO H2012,F2:BIO\H12,BIO,20120316
BIOM2012,BIO M2012,F2:BIO\M12,BIO,20120615
BIOU2012,BIO U2012,F2:BIO\U12,BIO,20120921
BIOZ2012,BIO Z2012,F2:BIO\Z12,BIO,20121221
BIOH2013,BIO H2013,F2:BIO\H13,BIO,20130315
BIOM2013,BIO M2013,F2:BIO\M13,BIO,20130621
BIOU2013,BIO U2013,F2:BIO\U13,BIO,20130920
BIOZ2013,BIO Z2013,F2:BIO\Z13,BIO,20131220
BIOH2014,BIO H2014,F2:BIO\H14,BIO,20140321
BIOM2014,BIO M2014,F2:BIO\M14,BIO,20140620
BIOU2014,BIO U2014,F2:BIO\U14,BIO,20140919
BIOZ2014,BIO Z2014,F2:BIO\Z14,BIO,20141219
BIOH2015,BIO H2015,F2:BIO\H15,BIO,20150320
BIOM2015,BIO M2015,F2:BIO\M15,BIO,20150619
BIOU2015,BIO U2015,F2:BIO\U15,BIO,20150918
BIOZ2015,BIO Z2015,F2:BIO\Z15,BIO,20151218
BIOH2016,BIO H2016,F2:BIO\H16,BIO,20160318
BIOM2016,BIO M2016,F2:BIO\M16,BIO,20160617
BIOU2016,BIO U2016,F2:BIO\U16,BIO,20160916
BIOZ2016,BIO Z2016,F2:BIO\Z16,BIO,20161216
BIOH2017,BIO H2017,F2:BIO\H17,BIO,20170317
BIOM2017,BIO M2017,F2:BIO\M17,BIO,20170616
BIOU2017,BIO U2017,F2:BIO\U17,BIO,20170915
BIOZ2017,BIO Z2017,F2:BIO\Z17,BIO,20171215
BIOH2018,BIO H2018,F2:BIO\H18,BIO,20180316
BIOM2018,BIO M2018,F2:BIO\M18,BIO,20180615
BIOU2018,BIO U2018,F2:BIO\U18,BIO,20180921
BIOZ2018,BIO Z2018,F2:BIO\Z18,BIO,20181221
BIOH2019,BIO H2019,F2:BIO\H19,BIO,20190315
BIOM2019,BIO M2019,F2:BIO\M19,BIO,20190621
BIOU2019,BIO U2019,F2:BIO\U19,BIO,20190920
BIOZ2019,BIO Z2019,F2:BIO\Z19,BIO,20191220
BIOH2020,BIO H2020,F2:BIO\H20,BIO,20200320
BIOM2020,BIO M2020,F2:BIO\M20,BIO,20200619
BIOU2020,BIO U2020,F2:BIO\U20,BIO,20200918
BIOZ2020,BIO Z2020,F2:BIO\Z20,BIO,20201218
BIOH2021,BIO H2021,F2:BIO\H21,BIO,20210319
BIOM2021,BIO M2021,F2:BIO\M21,BIO,20210618
BIOU2021,BIO U2021,F2:BIO\U21,BIO,20210917
BIOZ2021,BIO Z2021,F2:BIO\Z21,BIO,20211217
BIOH2022,BIO H2022,F2:BIO\H22,BIO,20220318
BIOM2022,BIO M2022,F2:BIO\M22,BIO,20220617
BIOU2022,BIO U2022,F2:BIO\U22,BIO,20220916
BIOZ2022,BIO Z2022,F2:BIO\Z22,BIO,20221216
BIOH2023,BIO H2023,F2:BIO\H23,BIO,20230317
BIOM2023,BIO M2023,F2:BIO\M23,BIO,20230616
BIOU2023,BIO U2023,F2:BIO\U23,BIO,20230915
E7Z1999,ZE Z1999,F2:E7\Z99,E7,19991213
E7H2000,ZE H2000,F2:E7\H00,E7,20000329
E7M2000,ZE M2000,F2:E7\M00,E7,20000619
E7U2000,ZE U2000,F2:E7\U00,E7,20000918
E7Z2000,ZE Z2000,F2:E7\Z00,E7,20001218
E7H2001,ZE H2001,F2:E7\H01,E7,20010319
E7M2001,ZE M2001,F2:E7\M01,E7,20010618
E7U2001,ZE U2001,F2:E7\U01,E7,20010917
E7Z2001,ZE Z2001,F2:E7\Z01,E7,20011217
E7H2002,ZE H2002,F2:E7\H02,E7,20020318
E7M2002,ZE M2002,F2:E7\M02,E7,20020617
E7U2002,ZE U2002,F2:E7\U02,E7,20020916
E7Z2002,ZE Z2002,F2:E7\Z02,E7,20021216
E7H2003,ZE H2003,F2:E7\H03,E7,20030317
E7M2003,ZE M2003,F2:E7\M03,E7,20030616
E7U2003,ZE U2003,F2:E7\U03,E7,20030915
E7Z2003,ZE Z2003,F2:E7\Z03,E7,20031215
E7H2004,ZE H2004,F2:E7\H04,E7,20040315
E7M2004,ZE M2004,F2:E7\M04,E7,20040614
E7U2004,ZE U2004,F2:E7\U04,E7,20040913
E7Z2004,ZE Z2004,F2:E7\Z04,E7,20041213
E7H2005,ZE H2005,F2:E7\H05,E7,20050314
E7M2005,ZE M2005,F2:E7\M05,E7,20050613
E7U2005,ZE U2005,F2:E7\U05,E7,20050919
E7Z2005,ZE Z2005,F2:E7\Z05,E7,20051219
E7H2006,ZE H2006,F2:E7\H06,E7,20060313
E7M2006,ZE M2006,F2:E7\M06,E7,20060619
E7U2006,ZE U2006,F2:E7\U06,E7,20060918
E7Z2006,ZE Z2006,F2:E7\Z06,E7,20061218
E7H2007,ZE H2007,F2:E7\H07,E7,20070319
E7M2007,ZE M2007,F2:E7\M07,E7,20070618
E7U2007,ZE U2007,F2:E7\U07,E7,20070917
E7Z2007,ZE Z2007,F2:E7\Z07,E7,20071217
E7H2008,ZE H2008,F2:E7\H08,E7,20080317
E7M2008,ZE M2008,F2:E7\M08,E7,20080616
E7U2008,ZE U2008,F2:E7\U08,E7,20080915
E7Z2008,ZE Z2008,F2:E7\Z08,E7,20081215
E7H2009,ZE H2009,F2:E7\H09,E7,20090316
E7M2009,ZE M2009,F2:E7\M09,E7,20090615
E7U2009,ZE U2009,F2:E7\U09,E7,20090914
E7Z2009,ZE Z2009,F2:E7\Z09,E7,20091214
E7H2010,ZE H2010,F2:E7\H10,E7,20100315
E7M2010,ZE M2010,F2:E7\M10,E7,20100614
E7U2010,ZE U2010,F2:E7\U10,E7,20100913
E7Z2010,ZE Z2010,F2:E7\Z10,E7,20101213
E7H2011,ZE H2011,F2:E7\H11,E7,20110314
E7M2011,ZE M2011,F2:E7\M11,E7,20110613
E7U2011,ZE U2011,F2:E7\U11,E7,20110919
E7Z2011,ZE Z2011,F2:E7\Z11,E7,20111219
E7H2012,ZE H2012,F2:E7\H12,E7,20120319
E7M2012,ZE M2012,F2:E7\M12,E7,20120618
E7U2012,ZE U2012,F2:E7\U12,E7,20120917
E7Z2012,ZE Z2012,F2:E7\Z12,E7,20121217
E7H2013,ZE H2013,F2:E7\H13,E7,20130318
E7M2013,ZE M2013,F2:E7\M13,E7,20130617
E7U2013,ZE U2013,F2:E7\U13,E7,20130916
E7Z2013,ZE Z2013,F2:E7\Z13,E7,20131216
E7H2014,ZE H2014,F2:E7\H14,E7,20140317
E7M2014,ZE M2014,F2:E7\M14,E7,20140616
E7U2014,ZE U2014,F2:E7\U14,E7,20140915
E7Z2014,ZE Z2014,F2:E7\Z14,E7,20141215
E7H2015,ZE H2015,F2:E7\H15,E7,20150316
E7M2015,ZE M2015,F2:E7\M15,E7,20150615
E7U2015,ZE U2015,F2:E7\U15,E7,20150914
E7Z2015,ZE Z2015,F2:E7\Z15,E7,20151214
E7H2016,ZE H2016,F2:E7\H16,E7,20160314
E7M2016,ZE M2016,F2:E7\M16,E7,20160613
E7U2016,ZE U2016,F2:E7\U16,E7,20160919
E7Z2016,ZE Z2016,F2:E7\Z16,E7,20161219
E7H2017,ZE H2017,F2:E7\H17,E7,20170313
E7M2017,ZE M2017,F2:E7\M17,E7,20170619
E7U2017,ZE U2017,F2:E7\U17,E7,20170918
E7Z2017,ZE Z2017,F2:E7\Z17,E7,20171218
E7H2018,ZE H2018,F2:E7\H18,E7,20180319
E7M2018,ZE M2018,F2:E7\M18,E7,20180618
E7U2018,ZE U2018,F2:E7\U18,E7,20180917
E7Z2018,ZE Z2018,F2:E7\Z18,E7,20181217
E7H2019,ZE H2019,F2:E7\H19,E7,20190318
E7M2019,ZE M2019,F2:E7\M19,E7,20190617
E7U2019,ZE U2019,F2:E7\U19,E7,20190916
E7Z2019,ZE Z2019,F2:E7\Z19,E7,20191216
E7H2020,ZE H2020,F2:E7\H20,E7,20200316
E7M2020,ZE M2020,F2:E7\M20,E7,20200615
E7U2020,ZE U2020,F2:E7\U20,E7,20200914
E7Z2020,ZE Z2020,F2:E7\Z20,E7,20201214
E7H2021,ZE H2021,F2:E7\H21,E7,20210315
E7M2021,ZE M2021,F2:E7\M21,E7,20210614
E7U2021,ZE U2021,F2:E7\U21,E7,20210913
E7Z2021,ZE Z2021,F2:E7\Z21,E7,20211213
E7H2022,ZE H2022,F2:E7\H22,E7,20220314
E7M2022,ZE M2022,F2:E7\M22,E7,20220613
E7U2022,ZE U2022,F2:E7\U22,E7,20220919
E7Z2022,ZE Z2022,F2:E7\Z22,E7,20221219
EMDH2002,MC H2002,F2:EMD\H02,EMD,20020315
EMDM2002,MC M2002,F2:EMD\M02,EMD,20020621
EMDU2002,MC U2002,F2:EMD\U02,EMD,20020920
EMDZ2002,MC Z2002,F2:EMD\Z02,EMD,20021220
EMDH2003,MC H2003,F2:EMD\H03,EMD,20030321
EMDM2003,MC M2003,F2:EMD\M03,EMD,20030620
EMDU2003,MC U2003,F2:EMD\U03,EMD,20030919
EMDZ2003,MC Z2003,F2:EMD\Z03,EMD,20031219
EMDH2004,MC H2004,F2:EMD\H04,EMD,20040319
EMDM2004,MC M2004,F2:EMD\M04,EMD,20040618
EMDU2004,MC U2004,F2:EMD\U04,EMD,20040917
EMDZ2004,MC Z2004,F2:EMD\Z04,EMD,20041217
EMDH2005,MC H2005,F2:EMD\H05,EMD,20050318
EMDM2005,MC M2005,F2:EMD\M05,EMD,20050617
EMDU2005,MC U2005,F2:EMD\U05,EMD,20050916
EMDZ2005,MC Z2005,F2:EMD\Z05,EMD,20051216
EMDH2006,MC H2006,F2:EMD\H06,EMD,20060331
EMDM2006,MC M2006,F2:EMD\M06,EMD,20060616
EMDU2006,MC U2006,F2:EMD\U06,EMD,20060915
EMDZ2006,MC Z2006,F2:EMD\Z06,EMD,20061215
EMDH2007,MC H2007,F2:EMD\H07,EMD,20070316
EMDM2007,MC M2007,F2:EMD\M07,EMD,20070615
EMDU2007,MC U2007,F2:EMD\U07,EMD,20070921
EMDZ2007,MC Z2007,F2:EMD\Z07,EMD,20071221
EMDH2008,MC H2008,F2:EMD\H08,EMD,20080320
EMDM2008,MC M2008,F2:EMD\M08,EMD,20080620
EMDU2008,MC U2008,F2:EMD\U08,EMD,20080919
EMDZ2008,MC Z2008,F2:EMD\Z08,EMD,20081219
EMDH2009,MC H2009,F2:EMD\H09,EMD,20090320
EMDM2009,MC M2009,F2:EMD\M09,EMD,20090619
EMDU2009,MC U2009,F2:EMD\U09,EMD,20090918
EMDZ2009,MC Z2009,F2:EMD\Z09,EMD,20091231
EMDH2010,MC H2010,F2:EMD\H10,EMD,20100319
EMDM2010,MC M2010,F2:EMD\M10,EMD,20100618
EMDU2010,MC U2010,F2:EMD\U10,EMD,20100916
EMDZ2010,MC Z2010,F2:EMD\Z10,EMD,20101216
EMDH2011,MC H2011,F2:EMD\H11,EMD,20110317
EMDM2011,MC M2011,F2:EMD\M11,EMD,20110616
EMDU2011,MC U2011,F2:EMD\U11,EMD,20110916
EMDZ2011,MC Z2011,F2:EMD\Z11,EMD,20111216
EMDH2012,MC H2012,F2:EMD\H12,EMD,20120316
EMDM2012,MC M2012,F2:EMD\M12,EMD,20120615
EMDU2012,MC U2012,F2:EMD\U12,EMD,20120921
EMDZ2012,MC Z2012,F2:EMD\Z12,EMD,20121221
EMDH2013,MC H2013,F2:EMD\H13,EMD,20130315
EMDM2013,MC M2013,F2:EMD\M13,EMD,20130621
EMDU2013,MC U2013,F2:EMD\U13,EMD,20130920
EMDZ2013,MC Z2013,F2:EMD\Z13,EMD,20131220
EMDH2014,MC H2014,F2:EMD\H14,EMD,20140321
EMDM2014,MC M2014,F2:EMD\M14,EMD,20140620
EMDU2014,MC U2014,F2:EMD\U14,EMD,20140919
EMDZ2014,MC Z2014,F2:EMD\Z14,EMD,20141219
EMDH2015,MC H2015,F2:EMD\H15,EMD,20150320
EMDM2015,MC M2015,F2:EMD\M15,EMD,20150619
EMDU2015,MC U2015,F2:EMD\U15,EMD,20150918
EMDZ2015,MC Z2015,F2:EMD\Z15,EMD,20151218
EMDH2016,MC H2016,F2:EMD\H16,EMD,20160318
EMDM2016,MC M2016,F2:EMD\M16,EMD,20160617
EMDU2016,MC U2016,F2:EMD\U16,EMD,20160916
EMDZ2016,MC Z2016,F2:EMD\Z16,EMD,20161216
EMDH2017,MC H2017,F2:EMD\H17,EMD,20170331
EMDM2017,MC M2017,F2:EMD\M17,EMD,20170616
EMDU2017,MC U2017,F2:EMD\U17,EMD,20170915
EMDZ2017,MC Z2017,F2:EMD\Z17,EMD,20171215
EMDH2018,MC H2018,F2:EMD\H18,EMD,20180316
EMDM2018,MC M2018,F2:EMD\M18,EMD,20180615
EMDU2018,MC U2018,F2:EMD\U18,EMD,20180921
EMDZ2018,MC Z2018,F2:EMD\Z18,EMD,20181221
EMDH2019,MC H2019,F2:EMD\H19,EMD,20190315
EMDM2019,MC M2019,F2:EMD\M19,EMD,20190621
EMDU2019,MC U2019,F2:EMD\U19,EMD,20190920
EMDZ2019,MC Z2019,F2:EMD\Z19,EMD,20191220
EMDH2020,MC H2020,F2:EMD\H20,EMD,20200320
EMDM2020,MC M2020,F2:EMD\M20,EMD,20200619
EMDU2020,MC U2020,F2:EMD\U20,EMD,20200918
EMDZ2020,MC Z2020,F2:EMD\Z20,EMD,20201218
EMDH2021,MC H2021,F2:EMD\H21,EMD,20210319
EMDM2021,MC M2021,F2:EMD\M21,EMD,20210618
EMDU2021,MC U2021,F2:EMD\U21,EMD,20210917
EMDZ2021,MC Z2021,F2:EMD\Z21,EMD,20211217
EMDH2022,MC H2022,F2:EMD\H22,EMD,20220318
EMDM2022,MC M2022,F2:EMD\M22,EMD,20220617
EMDU2022,MC U2022,F2:EMD\U22,EMD,20220916
EMDZ2022,MC Z2022,F2:EMD\Z22,EMD,20221216
EMDH2023,MC H2023,F2:EMD\H23,EMD,20230317
EMDM2023,MC M2023,F2:EMD\M23,EMD,20230616
EMDU2023,MC U2023,F2:EMD\U23,EMD,20230915
ESU1997,ES U1997,F2:ES\U97,ES,19970918
ESZ1997,ES Z1997,F2:ES\Z97,ES,19971218
ESH1998,ES H1998,F2:ES\H98,ES,19980320
ESM1998,ES M1998,F2:ES\M98,ES,19980619
ESU1998,ES U1998,F2:ES\U98,ES,19980918
ESZ1998,ES Z1998,F2:ES\Z98,ES,19981218
ESH1999,ES H1999,F2:ES\H99,ES,19990318
ESM1999,ES M1999,F2:ES\M99,ES,19990618
ESU1999,ES U1999,F2:ES\U99,ES,19990917
ESZ1999,ES Z1999,F2:ES\Z99,ES,19991217
ESH2000,ES H2000,F2:ES\H00,ES,20000317
ESM2000,ES M2000,F2:ES\M00,ES,20000616
ESU2000,ES U2000,F2:ES\U00,ES,20000915
ESZ2000,ES Z2000,F2:ES\Z00,ES,20001215
ESH2001,ES H2001,F2:ES\H01,ES,20010316
ESM2001,ES M2001,F2:ES\M01,ES,20010615
ESU2001,ES U2001,F2:ES\U01,ES,20010921
ESZ2001,ES Z2001,F2:ES\Z01,ES,20011221
ESH2002,ES H2002,F2:ES\H02,ES,20020315
ESM2002,ES M2002,F2:ES\M02,ES,20020621
ESU2002,ES U2002,F2:ES\U02,ES,20020920
ESZ2002,ES Z2002,F2:ES\Z02,ES,20021220
ESH2003,ES H2003,F2:ES\H03,ES,20030321
ESM2003,ES M2003,F2:ES\M03,ES,20030620
ESU2003,ES U2003,F2:ES\U03,ES,20030919
ESZ2003,ES Z2003,F2:ES\Z03,ES,20031219
ESH2004,ES H2004,F2:ES\H04,ES,20040319
ESM2004,ES M2004,F2:ES\M04,ES,20040618
ESU2004,ES U2004,F2:ES\U04,ES,20040917
ESZ2004,ES Z2004,F2:ES\Z04,ES,20041217
ESH2005,ES H2005,F2:ES\H05,ES,20050318
ESM2005,ES M2005,F2:ES\M05,ES,20050617
ESU2005,ES U2005,F2:ES\U05,ES,20050916
ESZ2005,ES Z2005,F2:ES\Z05,ES,20051216
ESH2006,ES H2006,F2:ES\H06,ES,20060317
ESM2006,ES M2006,F2:ES\M06,ES,20060616
ESU2006,ES U2006,F2:ES\U06,ES,20060915
ESZ2006,ES Z2006,F2:ES\Z06,ES,20061215
ESH2007,ES H2007,F2:ES\H07,ES,20070316
ESM2007,ES M2007,F2:ES\M07,ES,20070615
ESU2007,ES U2007,F2:ES\U07,ES,20070921
ESZ2007,ES Z2007,F2:ES\Z07,ES,20071221
ESH2008,ES H2008,F2:ES\H08,ES,20080320
ESM2008,ES M2008,F2:ES\M08,ES,20080620
ESU2008,ES U2008,F2:ES\U08,ES,20080919
ESZ2008,ES Z2008,F2:ES\Z08,ES,20081219
ESH2009,ES H2009,F2:ES\H09,ES,20090320
ESM2009,ES M2009,F2:ES\M09,ES,20090619
ESU2009,ES U2009,F2:ES\U09,ES,20090918
ESZ2009,ES Z2009,F2:ES\Z09,ES,20091218
ESH2010,ES H2010,F2:ES\H10,ES,20100319
ESM2010,ES M2010,F2:ES\M10,ES,20100618
ESU2010,ES U2010,F2:ES\U10,ES,20100917
ESZ2010,ES Z2010,F2:ES\Z10,ES,20101217
ESH2011,ES H2011,F2:ES\H11,ES,20110318
ESM2011,ES M2011,F2:ES\M11,ES,20110617
ESU2011,ES U2011,F2:ES\U11,ES,20110916
ESZ2011,ES Z2011,F2:ES\Z11,ES,20111216
ESH2012,ES H2012,F2:ES\H12,ES,20120316
ESM2012,ES M2012,F2:ES\M12,ES,20120615
ESU2012,ES U2012,F2:ES\U12,ES,20120921
ESZ2012,ES Z2012,F2:ES\Z12,ES,20121221
ESH2013,ES H2013,F2:ES\H13,ES,20130315
ESM2013,ES M2013,F2:ES\M13,ES,20130621
ESU2013,ES U2013,F2:ES\U13,ES,20130920
ESZ2013,ES Z2013,F2:ES\Z13,ES,20131220
ESH2014,ES H2014,F2:ES\H14,ES,20140321
ESM2014,ES M2014,F2:ES\M14,ES,20140620
ESU2014,ES U2014,F2:ES\U14,ES,20140919
ESZ2014,ES Z2014,F2:ES\Z14,ES,20141219
ESH2015,ES H2015,F2:ES\H15,ES,20150320
ESM2015,ES M2015,F2:ES\M15,ES,20150619
ESU2015,ES U2015,F2:ES\U15,ES,20150918
ESZ2015,ES Z2015,F2:ES\Z15,ES,20151218
ESH2016,ES H2016,F2:ES\H16,ES,20160318
ESM2016,ES M2016,F2:ES\M16,ES,20160617
ESU2016,ES U2016,F2:ES\U16,ES,20160916
ESZ2016,ES Z2016,F2:ES\Z16,ES,20161216
ESH2017,ES H2017,F2:ES\H17,ES,20170317
ESM2017,ES M2017,F2:ES\M17,ES,20170616
ESU2017,ES U2017,F2:ES\U17,ES,20170915
ESZ2017,ES Z2017,F2:ES\Z17,ES,20171215
ESH2018,ES H2018,F2:ES\H18,ES,20180316
ESM2018,ES M2018,F2:ES\M18,ES,20180615
ESU2018,ES U2018,F2:ES\U18,ES,20180921
ESZ2018,ES Z2018,F2:ES\Z18,ES,20181221
ESH2019,ES H2019,F2:ES\H19,ES,20190315
ESM2019,ES M2019,F2:ES\M19,ES,20190621
ESU2019,ES U2019,F2:ES\U19,ES,20190920
ESZ2019,ES Z2019,F2:ES\Z19,ES,20191220
ESH2020,ES H2020,F2:ES\H20,ES,20200320
ESM2020,ES M2020,F2:ES\M20,ES,20200619
ESU2020,ES U2020,F2:ES\U20,ES,20200918
ESZ2020,ES Z2020,F2:ES\Z20,ES,20201218
ESH2021,ES H2021,F2:ES\H21,ES,20210319
ESM2021,ES M2021,F2:ES\M21,ES,20210618
ESU2021,ES U2021,F2:ES\U21,ES,20210917
ESZ2021,ES Z2021,F2:ES\Z21,ES,20211217
ESH2022,ES H2022,F2:ES\H22,ES,20220318
ESM2022,ES M2022,F2:ES\M22,ES,20220617
ESU2022,ES U2022,F2:ES\U22,ES,20220916
ESZ2022,ES Z2022,F2:ES\Z22,ES,20221216
ESH2023,ES H2023,F2:ES\H23,ES,20230317
ESM2023,ES M2023,F2:ES\M23,ES,20230616
ESU2023,ES U2023,F2:ES\U23,ES,20230915
ESZ2023,ES Z2023,F2:ES\Z23,ES,20231215
ESH2024,ES H2024,F2:ES\H24,ES,20240315
ESM2024,ES M2024,F2:ES\M24,ES,20240621
ESU2024,ES U2024,F2:ES\U24,ES,20240920
ESZ2024,ES Z2024,F2:ES\Z24,ES,20241220
ESZ2025,ES Z2025,F2:ES\Z25,ES,20251219
ESZ2026,ES Z2026,F2:ES\Z26,ES,20261218
ESGZ2019,ESG Z2019,F2:ESG\Z19,ESG,20191220
ESGH2020,ESG H2020,F2:ESG\H20,ESG,20200320
ESGM2020,ESG M2020,F2:ESG\M20,ESG,20200619
ESGU2020,ESG U2020,F2:ESG\U20,ESG,20200918
ESGZ2020,ESG Z2020,F2:ESG\Z20,ESG,20201218
ESGH2021,ESG H2021,F2:ESG\H21,ESG,20210319
ESGM2021,ESG M2021,F2:ESG\M21,ESG,20210618
ESGU2021,ESG U2021,F2:ESG\U21,ESG,20210917
ESGZ2021,ESG Z2021,F2:ESG\Z21,ESG,20211217
ESGH2022,ESG H2022,F2:ESG\H22,ESG,20220318
ESGM2022,ESG M2022,F2:ESG\M22,ESG,20220617
ESGU2022,ESG U2022,F2:ESG\U22,ESG,20220916
ESGZ2022,ESG Z2022,F2:ESG\Z22,ESG,20221216
ESGH2023,ESG H2023,F2:ESG\H23,ESG,20230317
ESGM2023,ESG M2023,F2:ESG\M23,ESG,20230616
ESGU2023,ESG U2023,F2:ESG\U23,ESG,20230915
J7Z1999,ZJ Z1999,F2:J7\Z99,J7,19991213
J7H2000,ZJ H2000,F2:J7\H00,J7,20000313
J7M2000,ZJ M2000,F2:J7\M00,J7,20000619
J7U2000,ZJ U2000,F2:J7\U00,J7,20000918
J7Z2000,ZJ Z2000,F2:J7\Z00,J7,20001218
J7H2001,ZJ H2001,F2:J7\H01,J7,20010319
J7M2001,ZJ M2001,F2:J7\M01,J7,20010618
J7U2001,ZJ U2001,F2:J7\U01,J7,20010917
J7Z2001,ZJ Z2001,F2:J7\Z01,J7,20011217
J7H2002,ZJ H2002,F2:J7\H02,J7,20020315
J7M2002,ZJ M2002,F2:J7\M02,J7,20020617
J7U2002,ZJ U2002,F2:J7\U02,J7,20020916
J7Z2002,ZJ Z2002,F2:J7\Z02,J7,20021216
J7H2003,ZJ H2003,F2:J7\H03,J7,20030317
J7M2003,ZJ M2003,F2:J7\M03,J7,20030616
J7U2003,ZJ U2003,F2:J7\U03,J7,20030915
J7Z2003,ZJ Z2003,F2:J7\Z03,J7,20031215
J7H2004,ZJ H2004,F2:J7\H04,J7,20040315
J7M2004,ZJ M2004,F2:J7\M04,J7,20040614
J7U2004,ZJ U2004,F2:J7\U04,J7,20040913
J7Z2004,ZJ Z2004,F2:J7\Z04,J7,20041213
J7H2005,ZJ H2005,F2:J7\H05,J7,20050314
J7M2005,ZJ M2005,F2:J7\M05,J7,20050613
J7U2005,ZJ U2005,F2:J7\U05,J7,20050919
J7Z2005,ZJ Z2005,F2:J7\Z05,J7,20051219
J7H2006,ZJ H2006,F2:J7\H06,J7,20060313
J7M2006,ZJ M2006,F2:J7\M06,J7,20060619
J7U2006,ZJ U2006,F2:J7\U06,J7,20060918
J7Z2006,ZJ Z2006,F2:J7\Z06,J7,20061218
J7H2007,ZJ H2007,F2:J7\H07,J7,20070319
J7M2007,ZJ M2007,F2:J7\M07,J7,20070618
J7U2007,ZJ U2007,F2:J7\U07,J7,20070917
J7Z2007,ZJ Z2007,F2:J7\Z07,J7,20071217
J7H2008,ZJ H2008,F2:J7\H08,J7,20080317
J7M2008,ZJ M2008,F2:J7\M08,J7,20080616
J7U2008,ZJ U2008,F2:J7\U08,J7,20080915
J7Z2008,ZJ Z2008,F2:J7\Z08,J7,20081215
J7H2009,ZJ H2009,F2:J7\H09,J7,20090316
J7M2009,ZJ M2009,F2:J7\M09,J7,20090615
J7U2009,ZJ U2009,F2:J7\U09,J7,20090914
J7Z2009,ZJ Z2009,F2:J7\Z09,J7,20091214
J7H2010,ZJ H2010,F2:J7\H10,J7,20100315
J7M2010,ZJ M2010,F2:J7\M10,J7,20100614
J7U2010,ZJ U2010,F2:J7\U10,J7,20100913
J7Z2010,ZJ Z2010,F2:J7\Z10,J7,20101213
J7H2011,ZJ H2011,F2:J7\H11,J7,20110314
J7M2011,ZJ M2011,F2:J7\M11,J7,20110613
J7U2011,ZJ U2011,F2:J7\U11,J7,20110919
J7Z2011,ZJ Z2011,F2:J7\Z11,J7,20111219
J7H2012,ZJ H2012,F2:J7\H12,J7,20120319
J7M2012,ZJ M2012,F2:J7\M12,J7,20120618
J7U2012,ZJ U2012,F2:J7\U12,J7,20120917
J7Z2012,ZJ Z2012,F2:J7\Z12,J7,20121217
J7H2013,ZJ H2013,F2:J7\H13,J7,20130318
J7M2013,ZJ M2013,F2:J7\M13,J7,20130617
J7U2013,ZJ U2013,F2:J7\U13,J7,20130916
J7Z2013,ZJ Z2013,F2:J7\Z13,J7,20131216
J7H2014,ZJ H2014,F2:J7\H14,J7,20140317
J7M2014,ZJ M2014,F2:J7\M14,J7,20140616
J7U2014,ZJ U2014,F2:J7\U14,J7,20140915
J7Z2014,ZJ Z2014,F2:J7\Z14,J7,20141215
J7H2015,ZJ H2015,F2:J7\H15,J7,20150316
J7M2015,ZJ M2015,F2:J7\M15,J7,20150615
J7U2015,ZJ U2015,F2:J7\U15,J7,20150914
J7Z2015,ZJ Z2015,F2:J7\Z15,J7,20151214
J7H2016,ZJ H2016,F2:J7\H16,J7,20160314
J7M2016,ZJ M2016,F2:J7\M16,J7,20160613
J7U2016,ZJ U2016,F2:J7\U16,J7,20160919
J7Z2016,ZJ Z2016,F2:J7\Z16,J7,20161219
J7H2017,ZJ H2017,F2:J7\H17,J7,20170313
J7M2017,ZJ M2017,F2:J7\M17,J7,20170619
J7U2017,ZJ U2017,F2:J7\U17,J7,20170918
J7Z2017,ZJ Z2017,F2:J7\Z17,J7,20171218
J7H2018,ZJ H2018,F2:J7\H18,J7,20180319
J7M2018,ZJ M2018,F2:J7\M18,J7,20180618
J7U2018,ZJ U2018,F2:J7\U18,J7,20180917
J7Z2018,ZJ Z2018,F2:J7\Z18,J7,20181217
J7H2019,ZJ H2019,F2:J7\H19,J7,20190318
J7M2019,ZJ M2019,F2:J7\M19,J7,20190617
J7U2019,ZJ U2019,F2:J7\U19,J7,20190916
J7Z2019,ZJ Z2019,F2:J7\Z19,J7,20191216
J7H2020,ZJ H2020,F2:J7\H20,J7,20200316
J7M2020,ZJ M2020,F2:J7\M20,J7,20200615
J7U2020,ZJ U2020,F2:J7\U20,J7,20200914
J7Z2020,ZJ Z2020,F2:J7\Z20,J7,20201214
J7H2021,ZJ H2021,F2:J7\H21,J7,20210315
J7M2021,ZJ M2021,F2:J7\M21,J7,20210614
J7U2021,ZJ U2021,F2:J7\U21,J7,20210913
J7Z2021,ZJ Z2021,F2:J7\Z21,J7,20211213
J7H2022,ZJ H2022,F2:J7\H22,J7,20220314
J7M2022,ZJ M2022,F2:J7\M22,J7,20220613
J7U2022,ZJ U2022,F2:J7\U22,J7,20220919
J7Z2022,ZJ Z2022,F2:J7\Z22,J7,20221219
MESM2019,MES M2019,F2:MES\M19,MES,20190621
MESU2019,MES U2019,F2:MES\U19,MES,20190920
MESZ2019,MES Z2019,F2:MES\Z19,MES,20191220
MESH2020,MES H2020,F2:MES\H20,MES,20200320
MESM2020,MES M2020,F2:MES\M20,MES,20200619
MESU2020,MES U2020,F2:MES\U20,MES,20200918
MESZ2020,MES Z2020,F2:MES\Z20,MES,20201218
MESH2021,MES H2021,F2:MES\H21,MES,20210319
MESM2021,MES M2021,F2:MES\M21,MES,20210618
MESU2021,MES U2021,F2:MES\U21,MES,20210917
MESZ2021,MES Z2021,F2:MES\Z21,MES,20211217
MESH2022,MES H2022,F2:MES\H22,MES,20220318
MESM2022,MES M2022,F2:MES\M22,MES,20220617
MESU2022,MES U2022,F2:MES\U22,MES,20220916
MESZ2022,MES Z2022,F2:MES\Z22,MES,20221216
MESH2023,MES H2023,F2:MES\H23,MES,20230317
MESM2023,MES M2023,F2:MES\M23,MES,20230616
MESU2023,MES U2023,F2:MES\U23,MES,20230915
NQU1999,NQ U1999,F2:NQ\U99,NQ,19990917
NQZ1999,NQ Z1999,F2:NQ\Z99,NQ,19991217
NQH2000,NQ H2000,F2:NQ\H00,NQ,20000317
NQM2000,NQ M2000,F2:NQ\M00,NQ,20000616
NQU2000,NQ U2000,F2:NQ\U00,NQ,20000915
NQZ2000,NQ Z2000,F2:NQ\Z00,NQ,20001215
NQH2001,NQ H2001,F2:NQ\H01,NQ,20010316
NQM2001,NQ M2001,F2:NQ\M01,NQ,20010615
NQU2001,NQ U2001,F2:NQ\U01,NQ,20010921
NQZ2001,NQ Z2001,F2:NQ\Z01,NQ,20011221
NQH2002,NQ H2002,F2:NQ\H02,NQ,20020315
NQM2002,NQ M2002,F2:NQ\M02,NQ,20020621
NQU2002,NQ U2002,F2:NQ\U02,NQ,20020920
NQZ2002,NQ Z2002,F2:NQ\Z02,NQ,20021220
NQH2003,NQ H2003,F2:NQ\H03,NQ,20030321
NQM2003,NQ M2003,F2:NQ\M03,NQ,20030620
NQU2003,NQ U2003,F2:NQ\U03,NQ,20030919
NQZ2003,NQ Z2003,F2:NQ\Z03,NQ,20031219
NQH2004,NQ H2004,F2:NQ\H04,NQ,20040319
NQM2004,NQ M2004,F2:NQ\M04,NQ,20040618
NQU2004,NQ U2004,F2:NQ\U04,NQ,20040917
NQZ2004,NQ Z2004,F2:NQ\Z04,NQ,20041217
NQH2005,NQ H2005,F2:NQ\H05,NQ,20050318
NQM2005,NQ M2005,F2:NQ\M05,NQ,20050617
NQU2005,NQ U2005,F2:NQ\U05,NQ,20050916
NQZ2005,NQ Z2005,F2:NQ\Z05,NQ,20051216
NQH2006,NQ H2006,F2:NQ\H06,NQ,20060317
NQM2006,NQ M2006,F2:NQ\M06,NQ,20060616
NQU2006,NQ U2006,F2:NQ\U06,NQ,20060915
NQZ2006,NQ Z2006,F2:NQ\Z06,NQ,20061215
NQH2007,NQ H2007,F2:NQ\H07,NQ,20070316
NQM2007,NQ M2007,F2:NQ\M07,NQ,20070615
NQU2007,NQ U2007,F2:NQ\U07,NQ,20070921
NQZ2007,NQ Z2007,F2:NQ\Z07,NQ,20071221
NQH2008,NQ H2008,F2:NQ\H08,NQ,20080320
NQM2008,NQ M2008,F2:NQ\M08,NQ,20080620
NQU2008,NQ U2008,F2:NQ\U08,NQ,20080919
NQZ2008,NQ Z2008,F2:NQ\Z08,NQ,20081219
NQH2009,NQ H2009,F2:NQ\H09,NQ,20090320
NQM2009,NQ M2009,F2:NQ\M09,NQ,20090619
NQU2009,NQ U2009,F2:NQ\U09,NQ,20090918
NQZ2009,NQ Z2009,F2:NQ\Z09,NQ,20091218
NQH2010,NQ H2010,F2:NQ\H10,NQ,20100319
NQM2010,NQ M2010,F2:NQ\M10,NQ,20100618
NQU2010,NQ U2010,F2:NQ\U10,NQ,20100917
NQZ2010,NQ Z2010,F2:NQ\Z10,NQ,20101217
NQH2011,NQ H2011,F2:NQ\H11,NQ,20110318
NQM2011,NQ M2011,F2:NQ\M11,NQ,20110617
NQU2011,NQ U2011,F2:NQ\U11,NQ,20110916
NQZ2011,NQ Z2011,F2:NQ\Z11,NQ,20111216
NQH2012,NQ H2012,F2:NQ\H12,NQ,20120316
NQM2012,NQ M2012,F2:NQ\M12,NQ,20120615
NQU2012,NQ U2012,F2:NQ\U12,NQ,20120921
NQZ2012,NQ Z2012,F2:NQ\Z12,NQ,20121221
NQH2013,NQ H2013,F2:NQ\H13,NQ,20130315
NQM2013,NQ M2013,F2:NQ\M13,NQ,20130621
NQU2013,NQ U2013,F2:NQ\U13,NQ,20130920
NQZ2013,NQ Z2013,F2:NQ\Z13,NQ,20131220
NQH2014,NQ H2014,F2:NQ\H14,NQ,20140321
NQM2014,NQ M2014,F2:NQ\M14,NQ,20140620
NQU2014,NQ U2014,F2:NQ\U14,NQ,20140919
NQZ2014,NQ Z2014,F2:NQ\Z14,NQ,20141219
NQH2015,NQ H2015,F2:NQ\H15,NQ,20150320
NQM2015,NQ M2015,F2:NQ\M15,NQ,20150619
NQU2015,NQ U2015,F2:NQ\U15,NQ,20150918
NQZ2015,NQ Z2015,F2:NQ\Z15,NQ,20151218
NQH2016,NQ H2016,F2:NQ\H16,NQ,20160318
NQM2016,NQ M2016,F2:NQ\M16,NQ,20160617
NQU2016,NQ U2016,F2:NQ\U16,NQ,20160916
NQZ2016,NQ Z2016,F2:NQ\Z16,NQ,20161216
NQH2017,NQ H2017,F2:NQ\H17,NQ,20170317
NQM2017,NQ M2017,F2:NQ\M17,NQ,20170616
NQU2017,NQ U2017,F2:NQ\U17,NQ,20170915
NQZ2017,NQ Z2017,F2:NQ\Z17,NQ,20171215
NQH2018,NQ H2018,F2:NQ\H18,NQ,20180316
NQM2018,NQ M2018,F2:NQ\M18,NQ,20180615
NQU2018,NQ U2018,F2:NQ\U18,NQ,20180921
NQZ2018,NQ Z2018,F2:NQ\Z18,NQ,20181221
NQH2019,NQ H2019,F2:NQ\H19,NQ,20190315
NQM2019,NQ M2019,F2:NQ\M19,NQ,20190621
NQU2019,NQ U2019,F2:NQ\U19,NQ,20190920
NQZ2019,NQ Z2019,F2:NQ\Z19,NQ,20191220
NQH2020,NQ H2020,F2:NQ\H20,NQ,20200320
NQM2020,NQ M2020,F2:NQ\M20,NQ,20200619
NQU2020,NQ U2020,F2:NQ\U20,NQ,20200918
NQZ2020,NQ Z2020,F2:NQ\Z20,NQ,20201218
NQH2021,NQ H2021,F2:NQ\H21,NQ,20210319
NQM2021,NQ M2021,F2:NQ\M21,NQ,20210618
NQU2021,NQ U2021,F2:NQ\U21,NQ,20210917
NQZ2021,NQ Z2021,F2:NQ\Z21,NQ,20211217
NQH2022,NQ H2022,F2:NQ\H22,NQ,20220318
NQM2022,NQ M2022,F2:NQ\M22,NQ,20220617
NQU2022,NQ U2022,F2:NQ\U22,NQ,20220916
NQZ2022,NQ Z2022,F2:NQ\Z22,NQ,20221216
NQH2023,NQ H2023,F2:NQ\H23,NQ,20230317
NQM2023,NQ M2023,F2:NQ\M23,NQ,20230616
NQU2023,NQ U2023,F2:NQ\U23,NQ,20230915
NQZ2023,NQ Z2023,F2:NQ\Z23,NQ,20231215
NQZ2024,NQ Z2024,F2:NQ\Z24,NQ,20241220
NQZ2025,NQ Z2025,F2:NQ\Z25,NQ,20251219
NQZ2026,NQ Z2026,F2:NQ\Z26,NQ,20261218
QCNZ2003,QCN Z2003,F2:QCN\Z03,QCN,20031219
QCNH2004,QCN H2004,F2:QCN\H04,QCN,20040319
QCNM2004,QCN M2004,F2:QCN\M04,QCN,20040618
QCNU2004,QCN U2004,F2:QCN\U04,QCN,20040917
QCNZ2004,QCN Z2004,F2:QCN\Z04,QCN,20041217
QCNH2005,QCN H2005,F2:QCN\H05,QCN,20050318
QCNM2005,QCN M2005,F2:QCN\M05,QCN,20050617
QCNU2005,QCN U2005,F2:QCN\U05,QCN,20050916
QCNZ2005,QCN Z2005,F2:QCN\Z05,QCN,20051216
QCNH2006,QCN H2006,F2:QCN\H06,QCN,20060317
QCNM2006,QCN M2006,F2:QCN\M06,QCN,20060616
QCNU2006,QCN U2006,F2:QCN\U06,QCN,20060915
QCNZ2006,QCN Z2006,F2:QCN\Z06,QCN,20061215
QCNH2007,QCN H2007,F2:QCN\H07,QCN,20070316
QCNM2007,QCN M2007,F2:QCN\M07,QCN,20070615
QCNU2007,QCN U2007,F2:QCN\U07,QCN,20070921
QCNZ2007,QCN Z2007,F2:QCN\Z07,QCN,20071221
QCNH2008,QCN H2008,F2:QCN\H08,QCN,20080320
QCNM2008,QCN M2008,F2:QCN\M08,QCN,20080620
QCNU2008,QCN U2008,F2:QCN\U08,QCN,20080919
QCNZ2008,QCN Z2008,F2:QCN\Z08,QCN,20081219
QCNH2009,QCN H2009,F2:QCN\H09,QCN,20090320
QCNM2009,QCN M2009,F2:QCN\M09,QCN,20090619
QCNU2009,QCN U2009,F2:QCN\U09,QCN,20090918
QCNZ2009,QCN Z2009,F2:QCN\Z09,QCN,20091218
QCNH2010,QCN H2010,F2:QCN\H10,QCN,20100319
QCNM2010,QCN M2010,F2:QCN\M10,QCN,20100618
QCNU2010,QCN U2010,F2:QCN\U10,QCN,20100917
QCNZ2010,QCN Z2010,F2:QCN\Z10,QCN,20101217
QCNH2011,QCN H2011,F2:QCN\H11,QCN,20110318
QCNM2011,QCN M2011,F2:QCN\M11,QCN,20110617
QCNU2011,QCN U2011,F2:QCN\U11,QCN,20110916
QCNZ2011,QCN Z2011,F2:QCN\Z11,QCN,20111216
QCNH2012,QCN H2012,F2:QCN\H12,QCN,20120316
QCNM2012,QCN M2012,F2:QCN\M12,QCN,20120615
QCNU2012,QCN U2012,F2:QCN\U12,QCN,20120921
QCNZ2012,QCN Z2012,F2:QCN\Z12,QCN,20121221
QCNH2013,QCN H2013,F2:QCN\H13,QCN,20130315
QCNM2013,QCN M2013,F2:QCN\M13,QCN,20130621
QCNU2013,QCN U2013,F2:QCN\U13,QCN,20130920
QCNZ2013,QCN Z2013,F2:QCN\Z13,QCN,20131220
QCNH2014,QCN H2014,F2:QCN\H14,QCN,20140321
QCNM2014,QCN M2014,F2:QCN\M14,QCN,20140620
QCNU2014,QCN U2014,F2:QCN\U14,QCN,20140919
QCNZ2014,QCN Z2014,F2:QCN\Z14,QCN,20141219
QCNH2015,QCN H2015,F2:QCN\H15,QCN,20150320
QCNM2015,QCN M2015,F2:QCN\M15,QCN,20150619
QCNU2015,QCN U2015,F2:QCN\U15,QCN,20150918
QCNZ2015,QCN Z2015,F2:QCN\Z15,QCN,20151218
QCNH2016,QCN H2016,F2:QCN\H16,QCN,20160318
QCNM2016,QCN M2016,F2:QCN\M16,QCN,20160617
QCNU2016,QCN U2016,F2:QCN\U16,QCN,20160916
QCNZ2016,QCN Z2016,F2:QCN\Z16,QCN,20161216
QCNH2017,QCN H2017,F2:QCN\H17,QCN,20170317
QCNM2017,QCN M2017,F2:QCN\M17,QCN,20170616
QCNU2017,QCN U2017,F2:QCN\U17,QCN,20170915
QCNZ2017,QCN Z2017,F2:QCN\Z17,QCN,20171215
QCNH2018,QCN H2018,F2:QCN\H18,QCN,20180316
QCNM2018,QCN M2018,F2:QCN\M18,QCN,20180615
QCNU2018,QCN U2018,F2:QCN\U18,QCN,20180921
QCNZ2018,QCN Z2018,F2:QCN\Z18,QCN,20181221
QCNH2019,QCN H2019,F2:QCN\H19,QCN,20190315
QCNM2019,QCN M2019,F2:QCN\M19,QCN,20190621
QCNU2019,QCN U2019,F2:QCN\U19,QCN,20190920
QCNZ2019,QCN Z2019,F2:QCN\Z19,QCN,20191220
QCNH2020,QCN H2020,F2:QCN\H20,QCN,20200320
QCNM2020,QCN M2020,F2:QCN\M20,QCN,20200619
QCNU2020,QCN U2020,F2:QCN\U20,QCN,20200918
QCNZ2020,QCN Z2020,F2:QCN\Z20,QCN,20201218
QCNH2021,QCN H2021,F2:QCN\H21,QCN,20210319
QCNM2021,QCN M2021,F2:QCN\M21,QCN,20210618
QCNU2021,QCN U2021,F2:QCN\U21,QCN,20210917
QCNZ2021,QCN Z2021,F2:QCN\Z21,QCN,20211217
QCNH2022,QCN H2022,F2:QCN\H22,QCN,20220318
QCNM2022,QCN M2022,F2:QCN\M22,QCN,20220617
QCNU2022,QCN U2022,F2:QCN\U22,QCN,20220916
QCNZ2022,QCN Z2022,F2:QCN\Z22,QCN,20221216
SMCZ2002,T6 Z2002,F2:SMC\Z02,SMC,20021220
SMCH2003,T6 H2003,F2:SMC\H03,SMC,20030321
SMCM2003,T6 M2003,F2:SMC\M03,SMC,20030620
SMCU2003,T6 U2003,F2:SMC\U03,SMC,20030919
SMCZ2003,T6 Z2003,F2:SMC\Z03,SMC,20031219
SMCH2004,T6 H2004,F2:SMC\H04,SMC,20040319
SMCM2004,T6 M2004,F2:SMC\M04,SMC,20040618
SMCU2004,T6 U2004,F2:SMC\U04,SMC,20040917
SMCZ2004,T6 Z2004,F2:SMC\Z04,SMC,20041217
SMCH2005,T6 H2005,F2:SMC\H05,SMC,20050318
SMCM2005,T6 M2005,F2:SMC\M05,SMC,20050617
SMCU2005,T6 U2005,F2:SMC\U05,SMC,20050916
SMCZ2005,T6 Z2005,F2:SMC\Z05,SMC,20051216
SMCH2006,T6 H2006,F2:SMC\H06,SMC,20060331
SMCM2006,T6 M2006,F2:SMC\M06,SMC,20060616
SMCU2006,T6 U2006,F2:SMC\U06,SMC,20060915
SMCZ2006,T6 Z2006,F2:SMC\Z06,SMC,20061215
SMCH2007,T6 H2007,F2:SMC\H07,SMC,20070316
SMCM2007,T6 M2007,F2:SMC\M07,SMC,20070615
SMCU2007,T6 U2007,F2:SMC\U07,SMC,20070921
SMCZ2007,T6 Z2007,F2:SMC\Z07,SMC,20071221
SMCH2008,T6 H2008,F2:SMC\H08,SMC,20080320
SMCM2008,T6 M2008,F2:SMC\M08,SMC,20080620
SMCU2008,T6 U2008,F2:SMC\U08,SMC,20080919
SMCZ2008,T6 Z2008,F2:SMC\Z08,SMC,20081219
SMCH2009,T6 H2009,F2:SMC\H09,SMC,20090320
SMCM2009,T6 M2009,F2:SMC\M09,SMC,20090619
SMCU2009,T6 U2009,F2:SMC\U09,SMC,20090918
SMCZ2009,T6 Z2009,F2:SMC\Z09,SMC,20091218
SMCH2010,T6 H2010,F2:SMC\H10,SMC,20100319
SMCM2010,T6 M2010,F2:SMC\M10,SMC,20100618
SMCU2010,T6 U2010,F2:SMC\U10,SMC,20100917
SMCZ2010,T6 Z2010,F2:SMC\Z10,SMC,20101217
SMCH2011,T6 H2011,F2:SMC\H11,SMC,20110318
SMCM2011,T6 M2011,F2:SMC\M11,SMC,20110617
SMCU2011,T6 U2011,F2:SMC\U11,SMC,20110916
SMCZ2011,T6 Z2011,F2:SMC\Z11,SMC,20111216
SMCH2012,T6 H2012,F2:SMC\H12,SMC,20120316
SMCM2012,T6 M2012,F2:SMC\M12,SMC,20120615
SMCU2012,T6 U2012,F2:SMC\U12,SMC,20120921
SMCZ2012,T6 Z2012,F2:SMC\Z12,SMC,20121221
SMCH2013,T6 H2013,F2:SMC\H13,SMC,20130315
SMCM2013,T6 M2013,F2:SMC\M13,SMC,20130621
SMCU2013,T6 U2013,F2:SMC\U13,SMC,20130920
SMCZ2013,T6 Z2013,F2:SMC\Z13,SMC,20131220
SMCH2014,T6 H2014,F2:SMC\H14,SMC,20140321
SMCM2014,T6 M2014,F2:SMC\M14,SMC,20140620
SMCU2014,T6 U2014,F2:SMC\U14,SMC,20140919
SMCZ2014,T6 Z2014,F2:SMC\Z14,SMC,20141219
SMCH2015,T6 H2015,F2:SMC\H15,SMC,20150320
SMCM2015,T6 M2015,F2:SMC\M15,SMC,20150619
SMCU2015,T6 U2015,F2:SMC\U15,SMC,20150918
SMCZ2015,T6 Z2015,F2:SMC\Z15,SMC,20151218
SMCH2016,T6 H2016,F2:SMC\H16,SMC,20160318
SMCM2016,T6 M2016,F2:SMC\M16,SMC,20160617
SMCU2016,T6 U2016,F2:SMC\U16,SMC,20160916
SMCZ2016,T6 Z2016,F2:SMC\Z16,SMC,20161216
SMCH2017,T6 H2017,F2:SMC\H17,SMC,20170317
SMCM2017,T6 M2017,F2:SMC\M17,SMC,20170616
SMCU2017,T6 U2017,F2:SMC\U17,SMC,20170915
SMCZ2017,T6 Z2017,F2:SMC\Z17,SMC,20171215
SMCH2018,T6 H2018,F2:SMC\H18,SMC,20180316
SMCM2018,T6 M2018,F2:SMC\M18,SMC,20180615
SMCU2018,T6 U2018,F2:SMC\U18,SMC,20180921
SMCZ2018,T6 Z2018,F2:SMC\Z18,SMC,20181221
SMCH2019,T6 H2019,F2:SMC\H19,SMC,20190315
SMCM2019,T6 M2019,F2:SMC\M19,SMC,20190621
SMCU2019,T6 U2019,F2:SMC\U19,SMC,20190920
SMCZ2019,T6 Z2019,F2:SMC\Z19,SMC,20191220
SMCH2020,T6 H2020,F2:SMC\H20,SMC,20200320
SMCM2020,T6 M2020,F2:SMC\M20,SMC,20200619
SMCU2020,T6 U2020,F2:SMC\U20,SMC,20200918
SMCZ2020,T6 Z2020,F2:SMC\Z20,SMC,20201218
SMCH2021,T6 H2021,F2:SMC\H21,SMC,20210319
SMCM2021,T6 M2021,F2:SMC\M21,SMC,20210618
SMCU2021,T6 U2021,F2:SMC\U21,SMC,20210917
SMCZ2021,T6 Z2021,F2:SMC\Z21,SMC,20211217
SMCH2022,T6 H2022,F2:SMC\H22,SMC,20220318
SMCM2022,T6 M2022,F2:SMC\M22,SMC,20220617
SMCU2022,T6 U2022,F2:SMC\U22,SMC,20220916
SMCZ2022,T6 Z2022,F2:SMC\Z22,SMC,20221216
SMCH2023,T6 H2023,F2:SMC\H23,SMC,20230317
SMCM2023,T6 M2023,F2:SMC\M23,SMC,20230616
SMCU2023,T6 U2023,F2:SMC\U23,SMC,20230915
XABM2011,XAB M2011,F2:XAB\M11,XAB,20110617
XABU2011,XAB U2011,F2:XAB\U11,XAB,20110916
XABZ2011,XAB Z2011,F2:XAB\Z11,XAB,20111216
XABH2012,XAB H2012,F2:XAB\H12,XAB,20120316
XABM2012,XAB M2012,F2:XAB\M12,XAB,20120615
XABU2012,XAB U2012,F2:XAB\U12,XAB,20120921
XABZ2012,XAB Z2012,F2:XAB\Z12,XAB,20121221
XABH2013,XAB H2013,F2:XAB\H13,XAB,20130315
XABM2013,XAB M2013,F2:XAB\M13,XAB,20130621
XABU2013,XAB U2013,F2:XAB\U13,XAB,20130920
XABZ2013,XAB Z2013,F2:XAB\Z13,XAB,20131220
XABH2014,XAB H2014,F2:XAB\H14,XAB,20140321
XABM2014,XAB M2014,F2:XAB\M14,XAB,20140620
XABU2014,XAB U2014,F2:XAB\U14,XAB,20140919
XABZ2014,XAB Z2014,F2:XAB\Z14,XAB,20141219
XABH2015,XAB H2015,F2:XAB\H15,XAB,20150320
XABM2015,XAB M2015,F2:XAB\M15,XAB,20150619
XABU2015,XAB U2015,F2:XAB\U15,XAB,20150918
XABZ2015,XAB Z2015,F2:XAB\Z15,XAB,20151218
XABH2016,XAB H2016,F2:XAB\H16,XAB,20160318
XABM2016,XAB M2016,F2:XAB\M16,XAB,20160617
XABU2016,XAB U2016,F2:XAB\U16,XAB,20160916
XABZ2016,XAB Z2016,F2:XAB\Z16,XAB,20161216
XABH2017,XAB H2017,F2:XAB\H17,XAB,20170317
XABM2017,XAB M2017,F2:XAB\M17,XAB,20170616
XABU2017,XAB U2017,F2:XAB\U17,XAB,20170915
XABZ2017,XAB Z2017,F2:XAB\Z17,XAB,20171215
XABH2018,XAB H2018,F2:XAB\H18,XAB,20180316
XABM2018,XAB M2018,F2:XAB\M18,XAB,20180615
XABU2018,XAB U2018,F2:XAB\U18,XAB,20180921
XABZ2018,XAB Z2018,F2:XAB\Z18,XAB,20181221
XABH2019,XAB H2019,F2:XAB\H19,XAB,20190315
XABM2019,XAB M2019,F2:XAB\M19,XAB,20190621
XABU2019,XAB U2019,F2:XAB\U19,XAB,20190920
XABZ2019,XAB Z2019,F2:XAB\Z19,XAB,20191220
XABH2020,XAB H2020,F2:XAB\H20,XAB,20200320
XABM2020,XAB M2020,F2:XAB\M20,XAB,20200619
XABU2020,XAB U2020,F2:XAB\U20,XAB,20200918
XABZ2020,XAB Z2020,F2:XAB\Z20,XAB,20201218
XABH2021,XAB H2021,F2:XAB\H21,XAB,20210319
XABM2021,XAB M2021,F2:XAB\M21,XAB,20210618
XABU2021,XAB U2021,F2:XAB\U21,XAB,20210917
XABZ2021,XAB Z2021,F2:XAB\Z21,XAB,20211217
XABH2022,XAB H2022,F2:XAB\H22,XAB,20220318
XABM2022,XAB M2022,F2:XAB\M22,XAB,20220617
XABU2022,XAB U2022,F2:XAB\U22,XAB,20220916
XABZ2022,XAB Z2022,F2:XAB\Z22,XAB,20221216
XABH2023,XAB H2023,F2:XAB\H23,XAB,20230317
XABM2023,XAB M2023,F2:XAB\M23,XAB,20230616
XABU2023,XAB U2023,F2:XAB\U23,XAB,20230915
XAEM2011,XAE M2011,F2:XAE\M11,XAE,20110617
XAEU2011,XAE U2011,F2:XAE\U11,XAE,20110916
XAEZ2011,XAE Z2011,F2:XAE\Z11,XAE,20111216
XAEH2012,XAE H2012,F2:XAE\H12,XAE,20120316
XAEM2012,XAE M2012,F2:XAE\M12,XAE,20120615
XAEU2012,XAE U2012,F2:XAE\U12,XAE,20120921
XAEZ2012,XAE Z2012,F2:XAE\Z12,XAE,20121221
XAEH2013,XAE H2013,F2:XAE\H13,XAE,20130315
XAEM2013,XAE M2013,F2:XAE\M13,XAE,20130621
XAEU2013,XAE U2013,F2:XAE\U13,XAE,20130920
XAEZ2013,XAE Z2013,F2:XAE\Z13,XAE,20131220
XAEH2014,XAE H2014,F2:XAE\H14,XAE,20140321
XAEM2014,XAE M2014,F2:XAE\M14,XAE,20140620
XAEU2014,XAE U2014,F2:XAE\U14,XAE,20140919
XAEZ2014,XAE Z2014,F2:XAE\Z14,XAE,20141219
XAEH2015,XAE H2015,F2:XAE\H15,XAE,20150320
XAEM2015,XAE M2015,F2:XAE\M15,XAE,20150619
XAEU2015,XAE U2015,F2:XAE\U15,XAE,20150918
XAEZ2015,XAE Z2015,F2:XAE\Z15,XAE,20151218
XAEH2016,XAE H2016,F2:XAE\H16,XAE,20160318
XAEM2016,XAE M2016,F2:XAE\M16,XAE,20160617
XAEU2016,XAE U2016,F2:XAE\U16,XAE,20160916
XAEZ2016,XAE Z2016,F2:XAE\Z16,XAE,20161216
XAEH2017,XAE H2017,F2:XAE\H17,XAE,20170317
XAEM2017,XAE M2017,F2:XAE\M17,XAE,20170616
XAEU2017,XAE U2017,F2:XAE\U17,XAE,20170915
XAEZ2017,XAE Z2017,F2:XAE\Z17,XAE,20171215
XAEH2018,XAE H2018,F2:XAE\H18,XAE,20180316
XAEM2018,XAE M2018,F2:XAE\M18,XAE,20180615
XAEU2018,XAE U2018,F2:XAE\U18,XAE,20180921
XAEZ2018,XAE Z2018,F2:XAE\Z18,XAE,20181221
XAEH2019,XAE H2019,F2:XAE\H19,XAE,20190315
XAEM2019,XAE M2019,F2:XAE\M19,XAE,20190621
XAEU2019,XAE U2019,F2:XAE\U19,XAE,20190920
XAEZ2019,XAE Z2019,F2:XAE\Z19,XAE,20191220
XAEH2020,XAE H2020,F2:XAE\H20,XAE,20200320
XAEM2020,XAE M2020,F2:XAE\M20,XAE,20200619
XAEU2020,XAE U2020,F2:XAE\U20,XAE,20200918
XAEZ2020,XAE Z2020,F2:XAE\Z20,XAE,20201218
XAEH2021,XAE H2021,F2:XAE\H21,XAE,20210319
XAEM2021,XAE M2021,F2:XAE\M21,XAE,20210618
XAEU2021,XAE U2021,F2:XAE\U21,XAE,20210917
XAEZ2021,XAE Z2021,F2:XAE\Z21,XAE,20211217
XAEH2022,XAE H2022,F2:XAE\H22,XAE,20220318
XAEM2022,XAE M2022,F2:XAE\M22,XAE,20220617
XAEU2022,XAE U2022,F2:XAE\U22,XAE,20220916
XAEZ2022,XAE Z2022,F2:XAE\Z22,XAE,20221216
XAEH2023,XAE H2023,F2:XAE\H23,XAE,20230317
XAEM2023,XAE M2023,F2:XAE\M23,XAE,20230616
XAEU2023,XAE U2023,F2:XAE\U23,XAE,20230915
XAFM2011,XAF M2011,F2:XAF\M11,XAF,20110617
XAFU2011,XAF U2011,F2:XAF\U11,XAF,20110916
XAFZ2011,XAF Z2011,F2:XAF\Z11,XAF,20111216
XAFH2012,XAF H2012,F2:XAF\H12,XAF,20120316
XAFM2012,XAF M2012,F2:XAF\M12,XAF,20120615
XAFU2012,XAF U2012,F2:XAF\U12,XAF,20120921
XAFZ2012,XAF Z2012,F2:XAF\Z12,XAF,20121221
XAFH2013,XAF H2013,F2:XAF\H13,XAF,20130315
XAFM2013,XAF M2013,F2:XAF\M13,XAF,20130621
XAFU2013,XAF U2013,F2:XAF\U13,XAF,20130920
XAFZ2013,XAF Z2013,F2:XAF\Z13,XAF,20131220
XAFH2014,XAF H2014,F2:XAF\H14,XAF,20140321
XAFM2014,XAF M2014,F2:XAF\M14,XAF,20140620
XAFU2014,XAF U2014,F2:XAF\U14,XAF,20140919
XAFZ2014,XAF Z2014,F2:XAF\Z14,XAF,20141219
XAFH2015,XAF H2015,F2:XAF\H15,XAF,20150320
XAFM2015,XAF M2015,F2:XAF\M15,XAF,20150619
XAFU2015,XAF U2015,F2:XAF\U15,XAF,20150918
XAFZ2015,XAF Z2015,F2:XAF\Z15,XAF,20151218
XAFH2016,XAF H2016,F2:XAF\H16,XAF,20160318
XAFM2016,XAF M2016,F2:XAF\M16,XAF,20160617
XAFU2016,XAF U2016,F2:XAF\U16,XAF,20160916
XAFZ2016,XAF Z2016,F2:XAF\Z16,XAF,20161216
XAFH2017,XAF H2017,F2:XAF\H17,XAF,20170317
XAFM2017,XAF M2017,F2:XAF\M17,XAF,20170616
XAFU2017,XAF U2017,F2:XAF\U17,XAF,20170915
XAFZ2017,XAF Z2017,F2:XAF\Z17,XAF,20171215
XAFH2018,XAF H2018,F2:XAF\H18,XAF,20180316
XAFM2018,XAF M2018,F2:XAF\M18,XAF,20180615
XAFU2018,XAF U2018,F2:XAF\U18,XAF,20180921
XAFZ2018,XAF Z2018,F2:XAF\Z18,XAF,20181221
XAFH2019,XAF H2019,F2:XAF\H19,XAF,20190315
XAFM2019,XAF M2019,F2:XAF\M19,XAF,20190621
XAFU2019,XAF U2019,F2:XAF\U19,XAF,20190920
XAFZ2019,XAF Z2019,F2:XAF\Z19,XAF,20191220
XAFH2020,XAF H2020,F2:XAF\H20,XAF,20200320
XAFM2020,XAF M2020,F2:XAF\M20,XAF,20200619
XAFU2020,XAF U2020,F2:XAF\U20,XAF,20200918
XAFZ2020,XAF Z2020,F2:XAF\Z20,XAF,20201218
XAFH2021,XAF H2021,F2:XAF\H21,XAF,20210319
XAFM2021,XAF M2021,F2:XAF\M21,XAF,20210618
XAFU2021,XAF U2021,F2:XAF\U21,XAF,20210917
XAFZ2021,XAF Z2021,F2:XAF\Z21,XAF,20211217
XAFH2022,XAF H2022,F2:XAF\H22,XAF,20220318
XAFM2022,XAF M2022,F2:XAF\M22,XAF,20220617
XAFU2022,XAF U2022,F2:XAF\U22,XAF,20220916
XAFZ2022,XAF Z2022,F2:XAF\Z22,XAF,20221216
XAFH2023,XAF H2023,F2:XAF\H23,XAF,20230317
XAFM2023,XAF M2023,F2:XAF\M23,XAF,20230616
XAFU2023,XAF U2023,F2:XAF\U23,XAF,20230915
XAIM2011,XAI M2011,F2:XAI\M11,XAI,20110617
XAIU2011,XAI U2011,F2:XAI\U11,XAI,20110916
XAIZ2011,XAI Z2011,F2:XAI\Z11,XAI,20111216
XAIH2012,XAI H2012,F2:XAI\H12,XAI,20120316
XAIM2012,XAI M2012,F2:XAI\M12,XAI,20120615
XAIU2012,XAI U2012,F2:XAI\U12,XAI,20120921
XAIZ2012,XAI Z2012,F2:XAI\Z12,XAI,20121221
XAIH2013,XAI H2013,F2:XAI\H13,XAI,20130315
XAIM2013,XAI M2013,F2:XAI\M13,XAI,20130621
XAIU2013,XAI U2013,F2:XAI\U13,XAI,20130920
XAIZ2013,XAI Z2013,F2:XAI\Z13,XAI,20131220
XAIH2014,XAI H2014,F2:XAI\H14,XAI,20140321
XAIM2014,XAI M2014,F2:XAI\M14,XAI,20140620
XAIU2014,XAI U2014,F2:XAI\U14,XAI,20140919
XAIZ2014,XAI Z2014,F2:XAI\Z14,XAI,20141219
XAIH2015,XAI H2015,F2:XAI\H15,XAI,20150320
XAIM2015,XAI M2015,F2:XAI\M15,XAI,20150619
XAIU2015,XAI U2015,F2:XAI\U15,XAI,20150918
XAIZ2015,XAI Z2015,F2:XAI\Z15,XAI,20151218
XAIH2016,XAI H2016,F2:XAI\H16,XAI,20160318
XAIM2016,XAI M2016,F2:XAI\M16,XAI,20160617
XAIU2016,XAI U2016,F2:XAI\U16,XAI,20160916
XAIZ2016,XAI Z2016,F2:XAI\Z16,XAI,20161216
XAIH2017,XAI H2017,F2:XAI\H17,XAI,20170317
XAIM2017,XAI M2017,F2:XAI\M17,XAI,20170616
XAIU2017,XAI U2017,F2:XAI\U17,XAI,20170915
XAIZ2017,XAI Z2017,F2:XAI\Z17,XAI,20171215
XAIH2018,XAI H2018,F2:XAI\H18,XAI,20180316
XAIM2018,XAI M2018,F2:XAI\M18,XAI,20180615
XAIU2018,XAI U2018,F2:XAI\U18,XAI,20180921
XAIZ2018,XAI Z2018,F2:XAI\Z18,XAI,20181221
XAIH2019,XAI H2019,F2:XAI\H19,XAI,20190315
XAIM2019,XAI M2019,F2:XAI\M19,XAI,20190621
XAIU2019,XAI U2019,F2:XAI\U19,XAI,20190920
XAIZ2019,XAI Z2019,F2:XAI\Z19,XAI,20191220
XAIH2020,XAI H2020,F2:XAI\H20,XAI,20200320
XAIM2020,XAI M2020,F2:XAI\M20,XAI,20200619
XAIU2020,XAI U2020,F2:XAI\U20,XAI,20200918
XAIZ2020,XAI Z2020,F2:XAI\Z20,XAI,20201218
XAIH2021,XAI H2021,F2:XAI\H21,XAI,20210319
XAIM2021,XAI M2021,F2:XAI\M21,XAI,20210618
XAIU2021,XAI U2021,F2:XAI\U21,XAI,20210917
XAIZ2021,XAI Z2021,F2:XAI\Z21,XAI,20211217
XAIH2022,XAI H2022,F2:XAI\H22,XAI,20220318
XAIM2022,XAI M2022,F2:XAI\M22,XAI,20220617
XAIU2022,XAI U2022,F2:XAI\U22,XAI,20220916
XAIZ2022,XAI Z2022,F2:XAI\Z22,XAI,20221216
XAIH2023,XAI H2023,F2:XAI\H23,XAI,20230317
XAIM2023,XAI M2023,F2:XAI\M23,XAI,20230616
XAIU2023,XAI U2023,F2:XAI\U23,XAI,20230915
XAKM2011,XAK M2011,F2:XAK\M11,XAK,20110617
XAKU2011,XAK U2011,F2:XAK\U11,XAK,20110916
XAKZ2011,XAK Z2011,F2:XAK\Z11,XAK,20111216
XAKH2012,XAK H2012,F2:XAK\H12,XAK,20120316
XAKM2012,XAK M2012,F2:XAK\M12,XAK,20120615
XAKU2012,XAK U2012,F2:XAK\U12,XAK,20120921
XAKZ2012,XAK Z2012,F2:XAK\Z12,XAK,20121221
XAKH2013,XAK H2013,F2:XAK\H13,XAK,20130315
XAKM2013,XAK M2013,F2:XAK\M13,XAK,20130621
XAKU2013,XAK U2013,F2:XAK\U13,XAK,20130920
XAKZ2013,XAK Z2013,F2:XAK\Z13,XAK,20131220
XAKH2014,XAK H2014,F2:XAK\H14,XAK,20140321
XAKM2014,XAK M2014,F2:XAK\M14,XAK,20140620
XAKU2014,XAK U2014,F2:XAK\U14,XAK,20140919
XAKZ2014,XAK Z2014,F2:XAK\Z14,XAK,20141219
XAKH2015,XAK H2015,F2:XAK\H15,XAK,20150320
XAKM2015,XAK M2015,F2:XAK\M15,XAK,20150619
XAKU2015,XAK U2015,F2:XAK\U15,XAK,20150918
XAKZ2015,XAK Z2015,F2:XAK\Z15,XAK,20151218
XAKH2016,XAK H2016,F2:XAK\H16,XAK,20160318
XAKM2016,XAK M2016,F2:XAK\M16,XAK,20160617
XAKU2016,XAK U2016,F2:XAK\U16,XAK,20160916
XAKZ2016,XAK Z2016,F2:XAK\Z16,XAK,20161216
XAKH2017,XAK H2017,F2:XAK\H17,XAK,20170317
XAKM2017,XAK M2017,F2:XAK\M17,XAK,20170616
XAKU2017,XAK U2017,F2:XAK\U17,XAK,20170915
XAKZ2017,XAK Z2017,F2:XAK\Z17,XAK,20171215
XAKH2018,XAK H2018,F2:XAK\H18,XAK,20180316
XAKM2018,XAK M2018,F2:XAK\M18,XAK,20180615
XAKU2018,XAK U2018,F2:XAK\U18,XAK,20180921
XAKZ2018,XAK Z2018,F2:XAK\Z18,XAK,20181221
XAKH2019,XAK H2019,F2:XAK\H19,XAK,20190315
XAKM2019,XAK M2019,F2:XAK\M19,XAK,20190621
XAKU2019,XAK U2019,F2:XAK\U19,XAK,20190920
XAKZ2019,XAK Z2019,F2:XAK\Z19,XAK,20191220
XAKH2020,XAK H2020,F2:XAK\H20,XAK,20200320
XAKM2020,XAK M2020,F2:XAK\M20,XAK,20200619
XAKU2020,XAK U2020,F2:XAK\U20,XAK,20200918
XAKZ2020,XAK Z2020,F2:XAK\Z20,XAK,20201218
XAKH2021,XAK H2021,F2:XAK\H21,XAK,20210319
XAKM2021,XAK M2021,F2:XAK\M21,XAK,20210618
XAKU2021,XAK U2021,F2:XAK\U21,XAK,20210917
XAKZ2021,XAK Z2021,F2:XAK\Z21,XAK,20211217
XAKH2022,XAK H2022,F2:XAK\H22,XAK,20220318
XAKM2022,XAK M2022,F2:XAK\M22,XAK,20220617
XAKU2022,XAK U2022,F2:XAK\U22,XAK,20220916
XAKZ2022,XAK Z2022,F2:XAK\Z22,XAK,20221216
XAKH2023,XAK H2023,F2:XAK\H23,XAK,20230317
XAKM2023,XAK M2023,F2:XAK\M23,XAK,20230616
XAKU2023,XAK U2023,F2:XAK\U23,XAK,20230915
XAPM2011,XAP M2011,F2:XAP\M11,XAP,20110617
XAPU2011,XAP U2011,F2:XAP\U11,XAP,20110916
XAPZ2011,XAP Z2011,F2:XAP\Z11,XAP,20111216
XAPH2012,XAP H2012,F2:XAP\H12,XAP,20120316
XAPM2012,XAP M2012,F2:XAP\M12,XAP,20120615
XAPU2012,XAP U2012,F2:XAP\U12,XAP,20120921
XAPZ2012,XAP Z2012,F2:XAP\Z12,XAP,20121221
XAPH2013,XAP H2013,F2:XAP\H13,XAP,20130315
XAPM2013,XAP M2013,F2:XAP\M13,XAP,20130621
XAPU2013,XAP U2013,F2:XAP\U13,XAP,20130920
XAPZ2013,XAP Z2013,F2:XAP\Z13,XAP,20131220
XAPH2014,XAP H2014,F2:XAP\H14,XAP,20140321
XAPM2014,XAP M2014,F2:XAP\M14,XAP,20140620
XAPU2014,XAP U2014,F2:XAP\U14,XAP,20140919
XAPZ2014,XAP Z2014,F2:XAP\Z14,XAP,20141219
XAPH2015,XAP H2015,F2:XAP\H15,XAP,20150320
XAPM2015,XAP M2015,F2:XAP\M15,XAP,20150619
XAPU2015,XAP U2015,F2:XAP\U15,XAP,20150918
XAPZ2015,XAP Z2015,F2:XAP\Z15,XAP,20151218
XAPH2016,XAP H2016,F2:XAP\H16,XAP,20160318
XAPM2016,XAP M2016,F2:XAP\M16,XAP,20160617
XAPU2016,XAP U2016,F2:XAP\U16,XAP,20160916
XAPZ2016,XAP Z2016,F2:XAP\Z16,XAP,20161216
XAPH2017,XAP H2017,F2:XAP\H17,XAP,20170317
XAPM2017,XAP M2017,F2:XAP\M17,XAP,20170616
XAPU2017,XAP U2017,F2:XAP\U17,XAP,20170915
XAPZ2017,XAP Z2017,F2:XAP\Z17,XAP,20171215
XAPH2018,XAP H2018,F2:XAP\H18,XAP,20180316
XAPM2018,XAP M2018,F2:XAP\M18,XAP,20180615
XAPU2018,XAP U2018,F2:XAP\U18,XAP,20180921
XAPZ2018,XAP Z2018,F2:XAP\Z18,XAP,20181221
XAPH2019,XAP H2019,F2:XAP\H19,XAP,20190315
XAPM2019,XAP M2019,F2:XAP\M19,XAP,20190621
XAPU2019,XAP U2019,F2:XAP\U19,XAP,20190920
XAPZ2019,XAP Z2019,F2:XAP\Z19,XAP,20191220
XAPH2020,XAP H2020,F2:XAP\H20,XAP,20200320
XAPM2020,XAP M2020,F2:XAP\M20,XAP,20200619
XAPU2020,XAP U2020,F2:XAP\U20,XAP,20200918
XAPZ2020,XAP Z2020,F2:XAP\Z20,XAP,20201218
XAPH2021,XAP H2021,F2:XAP\H21,XAP,20210319
XAPM2021,XAP M2021,F2:XAP\M21,XAP,20210618
XAPU2021,XAP U2021,F2:XAP\U21,XAP,20210917
XAPZ2021,XAP Z2021,F2:XAP\Z21,XAP,20211217
XAPH2022,XAP H2022,F2:XAP\H22,XAP,20220318
XAPM2022,XAP M2022,F2:XAP\M22,XAP,20220617
XAPU2022,XAP U2022,F2:XAP\U22,XAP,20220916
XAPZ2022,XAP Z2022,F2:XAP\Z22,XAP,20221216
XAPH2023,XAP H2023,F2:XAP\H23,XAP,20230317
XAPM2023,XAP M2023,F2:XAP\M23,XAP,20230616
XAPU2023,XAP U2023,F2:XAP\U23,XAP,20230915
XAUM2011,XAU M2011,F2:XAU\M11,XAU,20110617
XAUU2011,XAU U2011,F2:XAU\U11,XAU,20110916
XAUZ2011,XAU Z2011,F2:XAU\Z11,XAU,20111216
XAUH2012,XAU H2012,F2:XAU\H12,XAU,20120316
XAUM2012,XAU M2012,F2:XAU\M12,XAU,20120615
XAUU2012,XAU U2012,F2:XAU\U12,XAU,20120921
XAUZ2012,XAU Z2012,F2:XAU\Z12,XAU,20121221
XAUH2013,XAU H2013,F2:XAU\H13,XAU,20130315
XAUM2013,XAU M2013,F2:XAU\M13,XAU,20130621
XAUU2013,XAU U2013,F2:XAU\U13,XAU,20130920
XAUZ2013,XAU Z2013,F2:XAU\Z13,XAU,20131220
XAUH2014,XAU H2014,F2:XAU\H14,XAU,20140321
XAUM2014,XAU M2014,F2:XAU\M14,XAU,20140620
XAUU2014,XAU U2014,F2:XAU\U14,XAU,20140919
XAUZ2014,XAU Z2014,F2:XAU\Z14,XAU,20141219
XAUH2015,XAU H2015,F2:XAU\H15,XAU,20150320
XAUM2015,XAU M2015,F2:XAU\M15,XAU,20150619
XAUU2015,XAU U2015,F2:XAU\U15,XAU,20150918
XAUZ2015,XAU Z2015,F2:XAU\Z15,XAU,20151218
XAUH2016,XAU H2016,F2:XAU\H16,XAU,20160318
XAUM2016,XAU M2016,F2:XAU\M16,XAU,20160617
XAUU2016,XAU U2016,F2:XAU\U16,XAU,20160916
XAUZ2016,XAU Z2016,F2:XAU\Z16,XAU,20161216
XAUH2017,XAU H2017,F2:XAU\H17,XAU,20170317
XAUM2017,XAU M2017,F2:XAU\M17,XAU,20170616
XAUU2017,XAU U2017,F2:XAU\U17,XAU,20170915
XAUZ2017,XAU Z2017,F2:XAU\Z17,XAU,20171215
XAUH2018,XAU H2018,F2:XAU\H18,XAU,20180316
XAUM2018,XAU M2018,F2:XAU\M18,XAU,20180615
XAUU2018,XAU U2018,F2:XAU\U18,XAU,20180921
XAUZ2018,XAU Z2018,F2:XAU\Z18,XAU,20181221
XAUH2019,XAU H2019,F2:XAU\H19,XAU,20190315
XAUM2019,XAU M2019,F2:XAU\M19,XAU,20190621
XAUU2019,XAU U2019,F2:XAU\U19,XAU,20190920
XAUZ2019,XAU Z2019,F2:XAU\Z19,XAU,20191220
XAUH2020,XAU H2020,F2:XAU\H20,XAU,20200320
XAUM2020,XAU M2020,F2:XAU\M20,XAU,20200619
XAUU2020,XAU U2020,F2:XAU\U20,XAU,20200918
XAUZ2020,XAU Z2020,F2:XAU\Z20,XAU,20201218
XAUH2021,XAU H2021,F2:XAU\H21,XAU,20210319
XAUM2021,XAU M2021,F2:XAU\M21,XAU,20210618
XAUU2021,XAU U2021,F2:XAU\U21,XAU,20210917
XAUZ2021,XAU Z2021,F2:XAU\Z21,XAU,20211217
XAUH2022,XAU H2022,F2:XAU\H22,XAU,20220318
XAUM2022,XAU M2022,F2:XAU\M22,XAU,20220617
XAUU2022,XAU U2022,F2:XAU\U22,XAU,20220916
XAUZ2022,XAU Z2022,F2:XAU\Z22,XAU,20221216
XAUH2023,XAU H2023,F2:XAU\H23,XAU,20230317
XAUM2023,XAU M2023,F2:XAU\M23,XAU,20230616
XAUU2023,XAU U2023,F2:XAU\U23,XAU,20230915
XAVM2011,XAV M2011,F2:XAV\M11,XAV,20110617
XAVU2011,XAV U2011,F2:XAV\U11,XAV,20110916
XAVZ2011,XAV Z2011,F2:XAV\Z11,XAV,20111216
XAVH2012,XAV H2012,F2:XAV\H12,XAV,20120316
XAVM2012,XAV M2012,F2:XAV\M12,XAV,20120615
XAVU2012,XAV U2012,F2:XAV\U12,XAV,20120921
XAVZ2012,XAV Z2012,F2:XAV\Z12,XAV,20121221
XAVH2013,XAV H2013,F2:XAV\H13,XAV,20130315
XAVM2013,XAV M2013,F2:XAV\M13,XAV,20130621
XAVU2013,XAV U2013,F2:XAV\U13,XAV,20130920
XAVZ2013,XAV Z2013,F2:XAV\Z13,XAV,20131220
XAVH2014,XAV H2014,F2:XAV\H14,XAV,20140321
XAVM2014,XAV M2014,F2:XAV\M14,XAV,20140620
XAVU2014,XAV U2014,F2:XAV\U14,XAV,20140919
XAVZ2014,XAV Z2014,F2:XAV\Z14,XAV,20141219
XAVH2015,XAV H2015,F2:XAV\H15,XAV,20150320
XAVM2015,XAV M2015,F2:XAV\M15,XAV,20150619
XAVU2015,XAV U2015,F2:XAV\U15,XAV,20150918
XAVZ2015,XAV Z2015,F2:XAV\Z15,XAV,20151218
XAVH2016,XAV H2016,F2:XAV\H16,XAV,20160318
XAVM2016,XAV M2016,F2:XAV\M16,XAV,20160617
XAVU2016,XAV U2016,F2:XAV\U16,XAV,20160916
XAVZ2016,XAV Z2016,F2:XAV\Z16,XAV,20161216
XAVH2017,XAV H2017,F2:XAV\H17,XAV,20170317
XAVM2017,XAV M2017,F2:XAV\M17,XAV,20170616
XAVU2017,XAV U2017,F2:XAV\U17,XAV,20170915
XAVZ2017,XAV Z2017,F2:XAV\Z17,XAV,20171215
XAVH2018,XAV H2018,F2:XAV\H18,XAV,20180316
XAVM2018,XAV M2018,F2:XAV\M18,XAV,20180615
XAVU2018,XAV U2018,F2:XAV\U18,XAV,20180921
XAVZ2018,XAV Z2018,F2:XAV\Z18,XAV,20181221
XAVH2019,XAV H2019,F2:XAV\H19,XAV,20190315
XAVM2019,XAV M2019,F2:XAV\M19,XAV,20190621
XAVU2019,XAV U2019,F2:XAV\U19,XAV,20190920
XAVZ2019,XAV Z2019,F2:XAV\Z19,XAV,20191220
XAVH2020,XAV H2020,F2:XAV\H20,XAV,20200320
XAVM2020,XAV M2020,F2:XAV\M20,XAV,20200619
XAVU2020,XAV U2020,F2:XAV\U20,XAV,20200918
XAVZ2020,XAV Z2020,F2:XAV\Z20,XAV,20201218
XAVH2021,XAV H2021,F2:XAV\H21,XAV,20210319
XAVM2021,XAV M2021,F2:XAV\M21,XAV,20210618
XAVU2021,XAV U2021,F2:XAV\U21,XAV,20210917
XAVZ2021,XAV Z2021,F2:XAV\Z21,XAV,20211217
XAVH2022,XAV H2022,F2:XAV\H22,XAV,20220318
XAVM2022,XAV M2022,F2:XAV\M22,XAV,20220617
XAVU2022,XAV U2022,F2:XAV\U22,XAV,20220916
XAVZ2022,XAV Z2022,F2:XAV\Z22,XAV,20221216
XAVH2023,XAV H2023,F2:XAV\H23,XAV,20230317
XAVM2023,XAV M2023,F2:XAV\M23,XAV,20230616
XAVU2023,XAV U2023,F2:XAV\U23,XAV,20230915
XAYM2011,ZAY M2011,F2:XAY\M11,XAY,20110617
XAYU2011,ZAY U2011,F2:XAY\U11,XAY,20110916
XAYZ2011,ZAY Z2011,F2:XAY\Z11,XAY,20111216
XAYH2012,ZAY H2012,F2:XAY\H12,XAY,20120316
XAYM2012,ZAY M2012,F2:XAY\M12,XAY,20120615
XAYU2012,ZAY U2012,F2:XAY\U12,XAY,20120921
XAYZ2012,ZAY Z2012,F2:XAY\Z12,XAY,20121221
XAYH2013,ZAY H2013,F2:XAY\H13,XAY,20130315
XAYM2013,ZAY M2013,F2:XAY\M13,XAY,20130621
XAYU2013,ZAY U2013,F2:XAY\U13,XAY,20130920
XAYZ2013,ZAY Z2013,F2:XAY\Z13,XAY,20131220
XAYH2014,ZAY H2014,F2:XAY\H14,XAY,20140321
XAYM2014,ZAY M2014,F2:XAY\M14,XAY,20140620
XAYU2014,ZAY U2014,F2:XAY\U14,XAY,20140919
XAYZ2014,ZAY Z2014,F2:XAY\Z14,XAY,20141219
XAYH2015,ZAY H2015,F2:XAY\H15,XAY,20150320
XAYM2015,ZAY M2015,F2:XAY\M15,XAY,20150619
XAYU2015,ZAY U2015,F2:XAY\U15,XAY,20150918
XAYZ2015,ZAY Z2015,F2:XAY\Z15,XAY,20151218
XAYH2016,ZAY H2016,F2:XAY\H16,XAY,20160318
XAYM2016,ZAY M2016,F2:XAY\M16,XAY,20160617
XAYU2016,ZAY U2016,F2:XAY\U16,XAY,20160916
XAYZ2016,ZAY Z2016,F2:XAY\Z16,XAY,20161216
XAYH2017,ZAY H2017,F2:XAY\H17,XAY,20170317
XAYM2017,ZAY M2017,F2:XAY\M17,XAY,20170616
XAYU2017,ZAY U2017,F2:XAY\U17,XAY,20170915
XAYZ2017,ZAY Z2017,F2:XAY\Z17,XAY,20171215
XAYH2018,ZAY H2018,F2:XAY\H18,XAY,20180316
XAYM2018,ZAY M2018,F2:XAY\M18,XAY,20180615
XAYU2018,ZAY U2018,F2:XAY\U18,XAY,20180921
XAYZ2018,ZAY Z2018,F2:XAY\Z18,XAY,20181221
XAYH2019,ZAY H2019,F2:XAY\H19,XAY,20190315
XAYM2019,ZAY M2019,F2:XAY\M19,XAY,20190621
XAYU2019,ZAY U2019,F2:XAY\U19,XAY,20190920
XAYZ2019,ZAY Z2019,F2:XAY\Z19,XAY,20191220
XAYH2020,ZAY H2020,F2:XAY\H20,XAY,20200320
XAYM2020,ZAY M2020,F2:XAY\M20,XAY,20200619
XAYU2020,ZAY U2020,F2:XAY\U20,XAY,20200918
XAYZ2020,ZAY Z2020,F2:XAY\Z20,XAY,20201218
XAYH2021,ZAY H2021,F2:XAY\H21,XAY,20210319
XAYM2021,ZAY M2021,F2:XAY\M21,XAY,20210618
XAYU2021,ZAY U2021,F2:XAY\U21,XAY,20210917
XAYZ2021,ZAY Z2021,F2:XAY\Z21,XAY,20211217
XAYH2022,ZAY H2022,F2:XAY\H22,XAY,20220318
XAYM2022,ZAY M2022,F2:XAY\M22,XAY,20220617
XAYU2022,ZAY U2022,F2:XAY\U22,XAY,20220916
XAYZ2022,ZAY Z2022,F2:XAY\Z22,XAY,20221216
XAYH2023,ZAY H2023,F2:XAY\H23,XAY,20230317
XAYM2023,ZAY M2023,F2:XAY\M23,XAY,20230616
XAYU2023,ZAY U2023,F2:XAY\U23,XAY,20230915
