EQ120F2023,EQ1 2023F20,F2:EQ1\F2320,EQ1,20230119
EQ117G2023,EQ1 2023G17,F2:EQ1\G2317,EQ1,20230216
EQ117H2023,EQ1 2023H17,F2:EQ1\H2317,EQ1,20230316
ES119Z2022,ES1 2022Z19,F2:ES1\Z2219,ES1,20221216
ES121Z2022,ES1 2022Z21,F2:ES1\Z2221,ES1,20221220
ES123Z2022,ES1 2022Z23,F2:ES1\Z2223,ES1,20221222
ES127Z2022,ES1 2022Z27,F2:ES1\Z2227,ES1,20221223
ES128Z2022,ES1 2022Z28,F2:ES1\Z2228,ES1,20221227
ES130Z2022,ES1 2022Z30,F2:ES1\Z2230,ES1,20221229
ES103F2023,ES1 2023F03,F2:ES1\F2303,ES1,20221230
ES104F2023,ES1 2023F04,F2:ES1\F2304,ES1,20230103
ES106F2023,ES1 2023F06,F2:ES1\F2306,ES1,20230105
ES109F2023,ES1 2023F09,F2:ES1\F2309,ES1,20230106
ES111F2023,ES1 2023F11,F2:ES1\F2311,ES1,20230110
ES113F2023,ES1 2023F13,F2:ES1\F2313,ES1,20230112
ES117F2023,ES1 2023F17,F2:ES1\F2317,ES1,20230113
ES118F2023,ES1 2023F18,F2:ES1\F2318,ES1,20230117
ES120F2023,ES1 2023F20,F2:ES1\F2320,ES1,20230119
ES131F2023,ES1 2023F31,F2:ES1\F2331,ES1,20230130
ES219Z2022,ES2 2022Z19,F2:ES2\Z2219,ES2,20221216
ES221Z2022,ES2 2022Z21,F2:ES2\Z2221,ES2,20221220
ES223Z2022,ES2 2022Z23,F2:ES2\Z2223,ES2,20221222
ES227Z2022,ES2 2022Z27,F2:ES2\Z2227,ES2,20221223
ES228Z2022,ES2 2022Z28,F2:ES2\Z2228,ES2,20221227
ES230Z2022,ES2 2022Z30,F2:ES2\Z2230,ES2,20221229
ES203F2023,ES2 2023F03,F2:ES2\F2303,ES2,20221230
