2GTU2017,2GT U2017,F2:2GT\U17,2GT,20170914
2GTZ2017,2GT Z2017,F2:2GT\Z17,2GT,20171214
2GTH2018,2GT H2018,F2:2GT\H18,2GT,20180316
2GTM2018,2GT M2018,F2:2GT\M18,2GT,20180615
2GTU2018,2GT U2018,F2:2GT\U18,2GT,20180921
2GTZ2018,2GT Z2018,F2:2GT\Z18,2GT,20181221
2GTH2019,2GT H2019,F2:2GT\H19,2GT,20190315
2GTM2019,2GT M2019,F2:2GT\M19,2GT,20190621
2GTU2019,2GT U2019,F2:2GT\U19,2GT,20190919
2GTZ2019,2GT Z2019,F2:2GT\Z19,2GT,20191219
2GTH2020,2GT H2020,F2:2GT\H20,2GT,20200319
2GTM2020,2GT M2020,F2:2GT\M20,2GT,20200618
2GTU2020,2GT U2020,F2:2GT\U20,2GT,20200917
2GTZ2020,2GT Z2020,F2:2GT\Z20,2GT,20201217
2GTH2021,2GT H2021,F2:2GT\H21,2GT,20210318
2GTM2021,2GT M2021,F2:2GT\M21,2GT,20210617
2GTU2021,2GT U2021,F2:2GT\U21,2GT,20210916
2GTZ2021,2GT Z2021,F2:2GT\Z21,2GT,20211216
2GTH2022,2GT H2022,F2:2GT\H22,2GT,20220317
2GTM2022,2GT M2022,F2:2GT\M22,2GT,20220616
2GTU2022,2GT U2022,F2:2GT\U22,2GT,20220915
2GTZ2022,2GT Z2022,F2:2GT\Z22,2GT,20221215
2GTH2023,2GT H2023,F2:2GT\H23,2GT,20230316
2GTM2023,2GT M2023,F2:2GT\M23,2GT,20230615
2GTU2023,2GT U2023,F2:2GT\U23,2GT,20230914
2VTU2017,2VT U2017,F2:2VT\U17,2VT,20170915
2VTZ2017,2VT Z2017,F2:2VT\Z17,2VT,20171215
2VTH2018,2VT H2018,F2:2VT\H18,2VT,20180316
2VTM2018,2VT M2018,F2:2VT\M18,2VT,20180615
2VTU2018,2VT U2018,F2:2VT\U18,2VT,20180921
2VTZ2018,2VT Z2018,F2:2VT\Z18,2VT,20181221
2VTH2019,2VT H2019,F2:2VT\H19,2VT,20190315
2VTM2019,2VT M2019,F2:2VT\M19,2VT,20190621
2VTU2019,2VT U2019,F2:2VT\U19,2VT,20190919
2VTZ2019,2VT Z2019,F2:2VT\Z19,2VT,20191219
2VTH2020,2VT H2020,F2:2VT\H20,2VT,20200319
2VTM2020,2VT M2020,F2:2VT\M20,2VT,20200618
2VTU2020,2VT U2020,F2:2VT\U20,2VT,20200917
2VTZ2020,2VT Z2020,F2:2VT\Z20,2VT,20201217
2VTH2021,2VT H2021,F2:2VT\H21,2VT,20210318
2VTM2021,2VT M2021,F2:2VT\M21,2VT,20210617
2VTU2021,2VT U2021,F2:2VT\U21,2VT,20210916
2VTZ2021,2VT Z2021,F2:2VT\Z21,2VT,20211216
2VTH2022,2VT H2022,F2:2VT\H22,2VT,20220317
2VTM2022,2VT M2022,F2:2VT\M22,2VT,20220616
2VTU2022,2VT U2022,F2:2VT\U22,2VT,20220915
2VTZ2022,2VT Z2022,F2:2VT\Z22,2VT,20221215
2VTH2023,2VT H2023,F2:2VT\H23,2VT,20230316
2VTM2023,2VT M2023,F2:2VT\M23,2VT,20230615
2VTU2023,2VT U2023,F2:2VT\U23,2VT,20230914
BITM2018,BIT M2018,F2:BIT\M18,BIT,20180614
BITU2018,BIT U2018,F2:BIT\U18,BIT,20180921
BITZ2018,BIT Z2018,F2:BIT\Z18,BIT,20181221
BITH2019,BIT H2019,F2:BIT\H19,BIT,20190315
BITM2019,BIT M2019,F2:BIT\M19,BIT,20190621
BITU2019,BIT U2019,F2:BIT\U19,BIT,20190919
BITZ2019,BIT Z2019,F2:BIT\Z19,BIT,20191219
BITH2020,BIT H2020,F2:BIT\H20,BIT,20200319
BITM2020,BIT M2020,F2:BIT\M20,BIT,20200618
BITU2020,BIT U2020,F2:BIT\U20,BIT,20200917
BITZ2020,BIT Z2020,F2:BIT\Z20,BIT,20201217
BITH2021,BIT H2021,F2:BIT\H21,BIT,20210318
BITM2021,BIT M2021,F2:BIT\M21,BIT,20210617
BITU2021,BIT U2021,F2:BIT\U21,BIT,20210916
BITZ2021,BIT Z2021,F2:BIT\Z21,BIT,20211216
BITH2022,BIT H2022,F2:BIT\H22,BIT,20220317
BITM2022,BIT M2022,F2:BIT\M22,BIT,20220616
BITU2022,BIT U2022,F2:BIT\U22,BIT,20220915
BITZ2022,BIT Z2022,F2:BIT\Z22,BIT,20221215
BITH2023,BIT H2023,F2:BIT\H23,BIT,20230316
BITM2023,BIT M2023,F2:BIT\M23,BIT,20230615
BITU2023,BIT U2023,F2:BIT\U23,BIT,20230914
DVEH2016,DVE H2016,F2:DVE\H16,DVE,20160318
DVEM2016,DVE M2016,F2:DVE\M16,DVE,20160617
DVEU2016,DVE U2016,F2:DVE\U16,DVE,20160916
DVEZ2016,DVE Z2016,F2:DVE\Z16,DVE,20161216
DVEH2017,DVE H2017,F2:DVE\H17,DVE,20170317
DVEM2017,DVE M2017,F2:DVE\M17,DVE,20170616
DVEU2017,DVE U2017,F2:DVE\U17,DVE,20170915
DVEZ2017,DVE Z2017,F2:DVE\Z17,DVE,20171215
DVEH2018,DVE H2018,F2:DVE\H18,DVE,20180316
DVEM2018,DVE M2018,F2:DVE\M18,DVE,20180615
DVEU2018,DVE U2018,F2:DVE\U18,DVE,20180921
DVEZ2018,DVE Z2018,F2:DVE\Z18,DVE,20181221
DVEH2019,DVE H2019,F2:DVE\H19,DVE,20190315
DVEM2019,DVE M2019,F2:DVE\M19,DVE,20190621
DVEU2019,DVE U2019,F2:DVE\U19,DVE,20190920
DVEZ2019,DVE Z2019,F2:DVE\Z19,DVE,20191220
DVEH2020,DVE H2020,F2:DVE\H20,DVE,20200320
DVEM2020,DVE M2020,F2:DVE\M20,DVE,20200619
DVEU2020,DVE U2020,F2:DVE\U20,DVE,20200918
DVEZ2020,DVE Z2020,F2:DVE\Z20,DVE,20201218
DVEH2021,DVE H2021,F2:DVE\H21,DVE,20210319
DVEM2021,DVE M2021,F2:DVE\M21,DVE,20210618
DVEU2021,DVE U2021,F2:DVE\U21,DVE,20210917
DVEZ2021,DVE Z2021,F2:DVE\Z21,DVE,20211217
DVEH2022,DVE H2022,F2:DVE\H22,DVE,20220318
DVEM2022,DVE M2022,F2:DVE\M22,DVE,20220617
DVEU2022,DVE U2022,F2:DVE\U22,DVE,20220916
DVEZ2022,DVE Z2022,F2:DVE\Z22,DVE,20221216
DVEH2023,DVE H2023,F2:DVE\H23,DVE,20230317
DVEM2023,DVE M2023,F2:DVE\M23,DVE,20230616
DVEU2023,DVE U2023,F2:DVE\U23,DVE,20230915
DVTH2016,DVT H2016,F2:DVT\H16,DVT,20160317
DVTM2016,DVT M2016,F2:DVT\M16,DVT,20160616
DVTU2016,DVT U2016,F2:DVT\U16,DVT,20160915
DVTZ2016,DVT Z2016,F2:DVT\Z16,DVT,20161215
DVTH2017,DVT H2017,F2:DVT\H17,DVT,20170316
DVTM2017,DVT M2017,F2:DVT\M17,DVT,20170615
DVTU2017,DVT U2017,F2:DVT\U17,DVT,20170921
DVTZ2017,DVT Z2017,F2:DVT\Z17,DVT,20171221
DVTH2018,DVT H2018,F2:DVT\H18,DVT,20180330
DVTM2018,DVT M2018,F2:DVT\M18,DVT,20180629
DVTU2018,DVT U2018,F2:DVT\U18,DVT,20180920
DVTZ2018,DVT Z2018,F2:DVT\Z18,DVT,20181220
DVTH2019,DVT H2019,F2:DVT\H19,DVT,20190322
DVTM2019,DVT M2019,F2:DVT\M19,DVT,20190620
DVTU2019,DVT U2019,F2:DVT\U19,DVT,20190919
DVTZ2019,DVT Z2019,F2:DVT\Z19,DVT,20191219
DVTH2020,DVT H2020,F2:DVT\H20,DVT,20200319
DVTM2020,DVT M2020,F2:DVT\M20,DVT,20200618
DVTU2020,DVT U2020,F2:DVT\U20,DVT,20200917
DVTZ2020,DVT Z2020,F2:DVT\Z20,DVT,20201217
DVTH2021,DVT H2021,F2:DVT\H21,DVT,20210318
DVTM2021,DVT M2021,F2:DVT\M21,DVT,20210617
DVTU2021,DVT U2021,F2:DVT\U21,DVT,20210916
DVTZ2021,DVT Z2021,F2:DVT\Z21,DVT,20211216
DVTH2022,DVT H2022,F2:DVT\H22,DVT,20220317
DVTM2022,DVT M2022,F2:DVT\M22,DVT,20220616
DVTU2022,DVT U2022,F2:DVT\U22,DVT,20220915
DVTZ2022,DVT Z2022,F2:DVT\Z22,DVT,20221215
DVTH2023,DVT H2023,F2:DVT\H23,DVT,20230316
DVTM2023,DVT M2023,F2:DVT\M23,DVT,20230615
DVTU2023,DVT U2023,F2:DVT\U23,DVT,20230914
EIH2016,EI H2016,F2:EI\H16,EI,20160318
EIM2016,EI M2016,F2:EI\M16,EI,20160617
EIU2016,EI U2016,F2:EI\U16,EI,20160916
EIZ2016,EI Z2016,F2:EI\Z16,EI,20161216
EIH2017,EI H2017,F2:EI\H17,EI,20170317
EIM2017,EI M2017,F2:EI\M17,EI,20170616
EIU2017,EI U2017,F2:EI\U17,EI,20170915
EIZ2017,EI Z2017,F2:EI\Z17,EI,20171215
EIH2018,EI H2018,F2:EI\H18,EI,20180316
EIM2018,EI M2018,F2:EI\M18,EI,20180615
EIU2018,EI U2018,F2:EI\U18,EI,20180921
EIZ2018,EI Z2018,F2:EI\Z18,EI,20181221
EIH2019,EI H2019,F2:EI\H19,EI,20190315
EIM2019,EI M2019,F2:EI\M19,EI,20190621
EIU2019,EI U2019,F2:EI\U19,EI,20190920
EIZ2019,EI Z2019,F2:EI\Z19,EI,20191220
EIH2020,EI H2020,F2:EI\H20,EI,20200320
EIM2020,EI M2020,F2:EI\M20,EI,20200619
EIU2020,EI U2020,F2:EI\U20,EI,20200918
EIZ2020,EI Z2020,F2:EI\Z20,EI,20201218
EIH2021,EI H2021,F2:EI\H21,EI,20210319
EIM2021,EI M2021,F2:EI\M21,EI,20210618
EIU2021,EI U2021,F2:EI\U21,EI,20210917
EIZ2021,EI Z2021,F2:EI\Z21,EI,20211217
EIH2022,EI H2022,F2:EI\H22,EI,20220318
EIM2022,EI M2022,F2:EI\M22,EI,20220617
EIU2022,EI U2022,F2:EI\U22,EI,20220916
EIZ2022,EI Z2022,F2:EI\Z22,EI,20221216
EIH2023,EI H2023,F2:EI\H23,EI,20230317
EIM2023,EI M2023,F2:EI\M23,EI,20230616
EIU2023,EI U2023,F2:EI\U23,EI,20230915
EITH2016,EIT H2016,F2:EIT\H16,EIT,20160317
EITM2016,EIT M2016,F2:EIT\M16,EIT,20160616
EITU2016,EIT U2016,F2:EIT\U16,EIT,20160915
EITZ2016,EIT Z2016,F2:EIT\Z16,EIT,20161215
EITH2017,EIT H2017,F2:EIT\H17,EIT,20170316
EITM2017,EIT M2017,F2:EIT\M17,EIT,20170615
EITU2017,EIT U2017,F2:EIT\U17,EIT,20170921
EITZ2017,EIT Z2017,F2:EIT\Z17,EIT,20171221
EITH2018,EIT H2018,F2:EIT\H18,EIT,20180330
EITM2018,EIT M2018,F2:EIT\M18,EIT,20180629
EITU2018,EIT U2018,F2:EIT\U18,EIT,20180920
EITZ2018,EIT Z2018,F2:EIT\Z18,EIT,20181220
EITH2019,EIT H2019,F2:EIT\H19,EIT,20190322
EITM2019,EIT M2019,F2:EIT\M19,EIT,20190620
EITU2019,EIT U2019,F2:EIT\U19,EIT,20190919
EITZ2019,EIT Z2019,F2:EIT\Z19,EIT,20191219
EITH2020,EIT H2020,F2:EIT\H20,EIT,20200319
EITM2020,EIT M2020,F2:EIT\M20,EIT,20200618
EITU2020,EIT U2020,F2:EIT\U20,EIT,20200917
EITZ2020,EIT Z2020,F2:EIT\Z20,EIT,20201217
EITH2021,EIT H2021,F2:EIT\H21,EIT,20210318
EITM2021,EIT M2021,F2:EIT\M21,EIT,20210617
EITU2021,EIT U2021,F2:EIT\U21,EIT,20210916
EITZ2021,EIT Z2021,F2:EIT\Z21,EIT,20211216
EITH2022,EIT H2022,F2:EIT\H22,EIT,20220317
EITM2022,EIT M2022,F2:EIT\M22,EIT,20220616
EITU2022,EIT U2022,F2:EIT\U22,EIT,20220915
EITZ2022,EIT Z2022,F2:EIT\Z22,EIT,20221215
EITH2023,EIT H2023,F2:EIT\H23,EIT,20230316
EITM2023,EIT M2023,F2:EIT\M23,EIT,20230615
EITU2023,EIT U2023,F2:EIT\U23,EIT,20230914
EMTZ2016,EMT Z2016,F2:EMT\Z16,EMT,20161216
EMTH2017,EMT H2017,F2:EMT\H17,EMT,20170317
EMTM2017,EMT M2017,F2:EMT\M17,EMT,20170616
EMTU2017,EMT U2017,F2:EMT\U17,EMT,20170915
EMTZ2017,EMT Z2017,F2:EMT\Z17,EMT,20171215
EMTH2018,EMT H2018,F2:EMT\H18,EMT,20180316
EMTM2018,EMT M2018,F2:EMT\M18,EMT,20180615
EMTU2018,EMT U2018,F2:EMT\U18,EMT,20180921
EMTZ2018,EMT Z2018,F2:EMT\Z18,EMT,20181221
EMTH2019,EMT H2019,F2:EMT\H19,EMT,20190315
EMTM2019,EMT M2019,F2:EMT\M19,EMT,20190621
EMTU2019,EMT U2019,F2:EMT\U19,EMT,20190919
EMTZ2019,EMT Z2019,F2:EMT\Z19,EMT,20191219
EMTH2020,EMT H2020,F2:EMT\H20,EMT,20200319
EMTM2020,EMT M2020,F2:EMT\M20,EMT,20200618
EMTU2020,EMT U2020,F2:EMT\U20,EMT,20200917
EMTZ2020,EMT Z2020,F2:EMT\Z20,EMT,20201217
EMTH2021,EMT H2021,F2:EMT\H21,EMT,20210318
EMTM2021,EMT M2021,F2:EMT\M21,EMT,20210617
EMTU2021,EMT U2021,F2:EMT\U21,EMT,20210916
EMTZ2021,EMT Z2021,F2:EMT\Z21,EMT,20211216
EMTH2022,EMT H2022,F2:EMT\H22,EMT,20220317
EMTM2022,EMT M2022,F2:EMT\M22,EMT,20220616
EMTU2022,EMT U2022,F2:EMT\U22,EMT,20220915
EMTZ2022,EMT Z2022,F2:EMT\Z22,EMT,20221215
EMTH2023,EMT H2023,F2:EMT\H23,EMT,20230316
EMTM2023,EMT M2023,F2:EMT\M23,EMT,20230615
EMTU2023,EMT U2023,F2:EMT\U23,EMT,20230914
ENYU2012,ENY U2012,F2:ENY\U12,ENY,20120913
ENYZ2012,ENY Z2012,F2:ENY\Z12,ENY,20121213
ENYH2013,ENY H2013,F2:ENY\H13,ENY,20130307
ENYM2013,ENY M2013,F2:ENY\M13,ENY,20130613
ENYU2013,ENY U2013,F2:ENY\U13,ENY,20130912
ENYZ2013,ENY Z2013,F2:ENY\Z13,ENY,20131212
ENYH2014,ENY H2014,F2:ENY\H14,ENY,20140313
ENYM2014,ENY M2014,F2:ENY\M14,ENY,20140612
ENYU2014,ENY U2014,F2:ENY\U14,ENY,20140911
ENYZ2014,ENY Z2014,F2:ENY\Z14,ENY,20141211
ENYH2015,ENY H2015,F2:ENY\H15,ENY,20150312
ENYM2015,ENY M2015,F2:ENY\M15,ENY,20150611
ENYU2015,ENY U2015,F2:ENY\U15,ENY,20150910
ENYZ2015,ENY Z2015,F2:ENY\Z15,ENY,20151210
ENYH2016,ENY H2016,F2:ENY\H16,ENY,20160310
ENYM2016,ENY M2016,F2:ENY\M16,ENY,20160609
ENYU2016,ENY U2016,F2:ENY\U16,ENY,20160908
ENYZ2016,ENY Z2016,F2:ENY\Z16,ENY,20161208
ENYH2017,ENY H2017,F2:ENY\H17,ENY,20170309
ENYM2017,ENY M2017,F2:ENY\M17,ENY,20170608
ENYU2017,ENY U2017,F2:ENY\U17,ENY,20170907
ENYZ2017,ENY Z2017,F2:ENY\Z17,ENY,20171207
ENYH2018,ENY H2018,F2:ENY\H18,ENY,20180308
ENYM2018,ENY M2018,F2:ENY\M18,ENY,20180607
ENYU2018,ENY U2018,F2:ENY\U18,ENY,20180913
ENYZ2018,ENY Z2018,F2:ENY\Z18,ENY,20181213
ENYH2019,ENY H2019,F2:ENY\H19,ENY,20190307
ENYM2019,ENY M2019,F2:ENY\M19,ENY,20190613
ENYU2019,ENY U2019,F2:ENY\U19,ENY,20190912
ENYZ2019,ENY Z2019,F2:ENY\Z19,ENY,20191212
ENYH2020,ENY H2020,F2:ENY\H20,ENY,20200312
ENYM2020,ENY M2020,F2:ENY\M20,ENY,20200611
ENYU2020,ENY U2020,F2:ENY\U20,ENY,20200910
ENYZ2020,ENY Z2020,F2:ENY\Z20,ENY,20201210
ENYH2021,ENY H2021,F2:ENY\H21,ENY,20210312
ENYM2021,ENY M2021,F2:ENY\M21,ENY,20210611
ENYU2021,ENY U2021,F2:ENY\U21,ENY,20210910
ENYZ2021,ENY Z2021,F2:ENY\Z21,ENY,20211210
ENYH2022,ENY H2022,F2:ENY\H22,ENY,20220311
ENYM2022,ENY M2022,F2:ENY\M22,ENY,20220610
ENYU2022,ENY U2022,F2:ENY\U22,ENY,20220909
ENYZ2022,ENY Z2022,F2:ENY\Z22,ENY,20221209
ENYH2023,ENY H2023,F2:ENY\H23,ENY,20230310
ENYM2023,ENY M2023,F2:ENY\M23,ENY,20230609
ENYU2023,ENY U2023,F2:ENY\U23,ENY,20230908
ESQM2018,ESQ M2018,F2:ESQ\M18,ESQ,20180614
ESQU2018,ESQ U2018,F2:ESQ\U18,ESQ,20180921
ESQZ2018,ESQ Z2018,F2:ESQ\Z18,ESQ,20181221
ESQH2019,ESQ H2019,F2:ESQ\H19,ESQ,20190315
ESQM2019,ESQ M2019,F2:ESQ\M19,ESQ,20190621
ESQU2019,ESQ U2019,F2:ESQ\U19,ESQ,20190919
ESQZ2019,ESQ Z2019,F2:ESQ\Z19,ESQ,20191219
ESQH2020,ESQ H2020,F2:ESQ\H20,ESQ,20200319
ESQM2020,ESQ M2020,F2:ESQ\M20,ESQ,20200618
ESQU2020,ESQ U2020,F2:ESQ\U20,ESQ,20200917
ESQZ2020,ESQ Z2020,F2:ESQ\Z20,ESQ,20201217
ESQH2021,ESQ H2021,F2:ESQ\H21,ESQ,20210318
ESQM2021,ESQ M2021,F2:ESQ\M21,ESQ,20210617
ESQU2021,ESQ U2021,F2:ESQ\U21,ESQ,20210916
ESQZ2021,ESQ Z2021,F2:ESQ\Z21,ESQ,20211216
ESQH2022,ESQ H2022,F2:ESQ\H22,ESQ,20220317
ESQM2022,ESQ M2022,F2:ESQ\M22,ESQ,20220616
ESQU2022,ESQ U2022,F2:ESQ\U22,ESQ,20220915
ESQZ2022,ESQ Z2022,F2:ESQ\Z22,ESQ,20221215
ESQH2023,ESQ H2023,F2:ESQ\H23,ESQ,20230316
ESQM2023,ESQ M2023,F2:ESQ\M23,ESQ,20230615
ESQU2023,ESQ U2023,F2:ESQ\U23,ESQ,20230914
ESQZ2023,ESQ Z2023,F2:ESQ\Z23,ESQ,20231214
ESQH2024,ESQ H2024,F2:ESQ\H24,ESQ,20240314
ESQM2024,ESQ M2024,F2:ESQ\M24,ESQ,20240620
ESQU2024,ESQ U2024,F2:ESQ\U24,ESQ,20240919
ESQZ2024,ESQ Z2024,F2:ESQ\Z24,ESQ,20241219
ESQZ2025,ESQ Z2025,F2:ESQ\Z25,ESQ,20251218
ESQZ2026,ESQ Z2026,F2:ESQ\Z26,ESQ,20261217
ESTZ2015,EST Z2015,F2:EST\Z15,EST,20151218
ESTH2016,EST H2016,F2:EST\H16,EST,20160318
ESTM2016,EST M2016,F2:EST\M16,EST,20160617
ESTU2016,EST U2016,F2:EST\U16,EST,20160916
ESTZ2016,EST Z2016,F2:EST\Z16,EST,20161216
ESTH2017,EST H2017,F2:EST\H17,EST,20170317
ESTM2017,EST M2017,F2:EST\M17,EST,20170616
ESTU2017,EST U2017,F2:EST\U17,EST,20170915
ESTZ2017,EST Z2017,F2:EST\Z17,EST,20171215
ESTH2018,EST H2018,F2:EST\H18,EST,20180316
ESTM2018,EST M2018,F2:EST\M18,EST,20180615
ESTU2018,EST U2018,F2:EST\U18,EST,20180921
ESTZ2018,EST Z2018,F2:EST\Z18,EST,20181221
ESTH2019,EST H2019,F2:EST\H19,EST,20190315
ESTM2019,EST M2019,F2:EST\M19,EST,20190621
ESTU2019,EST U2019,F2:EST\U19,EST,20190919
ESTZ2019,EST Z2019,F2:EST\Z19,EST,20191219
ESTH2020,EST H2020,F2:EST\H20,EST,20200319
ESTM2020,EST M2020,F2:EST\M20,EST,20200618
ESTU2020,EST U2020,F2:EST\U20,EST,20200917
ESTZ2020,EST Z2020,F2:EST\Z20,EST,20201217
ESTH2021,EST H2021,F2:EST\H21,EST,20210318
ESTM2021,EST M2021,F2:EST\M21,EST,20210617
ESTU2021,EST U2021,F2:EST\U21,EST,20210916
ESTZ2021,EST Z2021,F2:EST\Z21,EST,20211216
ESTH2022,EST H2022,F2:EST\H22,EST,20220317
ESTM2022,EST M2022,F2:EST\M22,EST,20220616
ESTU2022,EST U2022,F2:EST\U22,EST,20220915
ESTZ2022,EST Z2022,F2:EST\Z22,EST,20221215
ESTH2023,EST H2023,F2:EST\H23,EST,20230316
ESTM2023,EST M2023,F2:EST\M23,EST,20230615
ESTU2023,EST U2023,F2:EST\U23,EST,20230914
ESTZ2023,EST Z2023,F2:EST\Z23,EST,20231214
ESTH2024,EST H2024,F2:EST\H24,EST,20240314
ESTM2024,EST M2024,F2:EST\M24,EST,20240620
ESTU2024,EST U2024,F2:EST\U24,EST,20240919
ESTZ2024,EST Z2024,F2:EST\Z24,EST,20241219
ESTZ2025,EST Z2025,F2:EST\Z25,EST,20251218
ESTZ2026,EST Z2026,F2:EST\Z26,EST,20261217
FT1Z2015,FT1 Z2015,F2:FT1\Z15,FT1,20151218
FT1H2016,FT1 H2016,F2:FT1\H16,FT1,20160318
FT1M2016,FT1 M2016,F2:FT1\M16,FT1,20160617
FT1U2016,FT1 U2016,F2:FT1\U16,FT1,20160916
FT1Z2016,FT1 Z2016,F2:FT1\Z16,FT1,20161216
FT1H2017,FT1 H2017,F2:FT1\H17,FT1,20170317
FT1M2017,FT1 M2017,F2:FT1\M17,FT1,20170616
FT1U2017,FT1 U2017,F2:FT1\U17,FT1,20170915
FT1Z2017,FT1 Z2017,F2:FT1\Z17,FT1,20171215
FT1H2018,FT1 H2018,F2:FT1\H18,FT1,20180316
FT1M2018,FT1 M2018,F2:FT1\M18,FT1,20180615
FT1U2018,FT1 U2018,F2:FT1\U18,FT1,20180921
FT1Z2018,FT1 Z2018,F2:FT1\Z18,FT1,20181221
FT1H2019,FT1 H2019,F2:FT1\H19,FT1,20190315
FT1M2019,FT1 M2019,F2:FT1\M19,FT1,20190621
FT1U2019,FT1 U2019,F2:FT1\U19,FT1,20190920
FT1Z2019,FT1 Z2019,F2:FT1\Z19,FT1,20191220
FT1H2020,FT1 H2020,F2:FT1\H20,FT1,20200320
FT1M2020,FT1 M2020,F2:FT1\M20,FT1,20200619
FT1U2020,FT1 U2020,F2:FT1\U20,FT1,20200918
FT1Z2020,FT1 Z2020,F2:FT1\Z20,FT1,20201218
FT1H2021,FT1 H2021,F2:FT1\H21,FT1,20210319
FT1M2021,FT1 M2021,F2:FT1\M21,FT1,20210618
FT1U2021,FT1 U2021,F2:FT1\U21,FT1,20210917
FT1Z2021,FT1 Z2021,F2:FT1\Z21,FT1,20211217
FT1H2022,FT1 H2022,F2:FT1\H22,FT1,20220318
FT1M2022,FT1 M2022,F2:FT1\M22,FT1,20220617
FT1U2022,FT1 U2022,F2:FT1\U22,FT1,20220916
FT1Z2022,FT1 Z2022,F2:FT1\Z22,FT1,20221216
FT1H2023,FT1 H2023,F2:FT1\H23,FT1,20230317
FT1M2023,FT1 M2023,F2:FT1\M23,FT1,20230616
FT1U2023,FT1 U2023,F2:FT1\U23,FT1,20230915
FTBZ2015,FTB Z2015,F2:FTB\Z15,FTB,20151218
FTBH2016,FTB H2016,F2:FTB\H16,FTB,20160318
FTBM2016,FTB M2016,F2:FTB\M16,FTB,20160617
FTBU2016,FTB U2016,F2:FTB\U16,FTB,20160916
FTBZ2016,FTB Z2016,F2:FTB\Z16,FTB,20161216
FTBH2017,FTB H2017,F2:FTB\H17,FTB,20170317
FTBM2017,FTB M2017,F2:FTB\M17,FTB,20170616
FTBU2017,FTB U2017,F2:FTB\U17,FTB,20170915
FTBZ2017,FTB Z2017,F2:FTB\Z17,FTB,20171215
FTBH2018,FTB H2018,F2:FTB\H18,FTB,20180316
FTBM2018,FTB M2018,F2:FTB\M18,FTB,20180615
FTBU2018,FTB U2018,F2:FTB\U18,FTB,20180921
FTBZ2018,FTB Z2018,F2:FTB\Z18,FTB,20181221
FTBH2019,FTB H2019,F2:FTB\H19,FTB,20190315
FTBM2019,FTB M2019,F2:FTB\M19,FTB,20190621
FTBU2019,FTB U2019,F2:FTB\U19,FTB,20190919
FTBZ2019,FTB Z2019,F2:FTB\Z19,FTB,20191219
FTBH2020,FTB H2020,F2:FTB\H20,FTB,20200319
FTBM2020,FTB M2020,F2:FTB\M20,FTB,20200618
FTBU2020,FTB U2020,F2:FTB\U20,FTB,20200917
FTBZ2020,FTB Z2020,F2:FTB\Z20,FTB,20201217
FTBH2021,FTB H2021,F2:FTB\H21,FTB,20210318
FTBM2021,FTB M2021,F2:FTB\M21,FTB,20210617
FTBU2021,FTB U2021,F2:FTB\U21,FTB,20210916
FTBZ2021,FTB Z2021,F2:FTB\Z21,FTB,20211216
FTBH2022,FTB H2022,F2:FTB\H22,FTB,20220317
FTBM2022,FTB M2022,F2:FTB\M22,FTB,20220616
FTBU2022,FTB U2022,F2:FTB\U22,FTB,20220915
FTBZ2022,FTB Z2022,F2:FTB\Z22,FTB,20221215
FTBH2023,FTB H2023,F2:FTB\H23,FTB,20230316
FTBM2023,FTB M2023,F2:FTB\M23,FTB,20230615
FTBU2023,FTB U2023,F2:FTB\U23,FTB,20230914
FTCZ2015,FTC Z2015,F2:FTC\Z15,FTC,20151218
FTCH2016,FTC H2016,F2:FTC\H16,FTC,20160318
FTCM2016,FTC M2016,F2:FTC\M16,FTC,20160617
FTCU2016,FTC U2016,F2:FTC\U16,FTC,20160916
FTCZ2016,FTC Z2016,F2:FTC\Z16,FTC,20161216
FTCH2017,FTC H2017,F2:FTC\H17,FTC,20170317
FTCM2017,FTC M2017,F2:FTC\M17,FTC,20170616
FTCU2017,FTC U2017,F2:FTC\U17,FTC,20170915
FTCZ2017,FTC Z2017,F2:FTC\Z17,FTC,20171215
FTCH2018,FTC H2018,F2:FTC\H18,FTC,20180316
FTCM2018,FTC M2018,F2:FTC\M18,FTC,20180615
FTCU2018,FTC U2018,F2:FTC\U18,FTC,20180921
FTCZ2018,FTC Z2018,F2:FTC\Z18,FTC,20181221
FTCH2019,FTC H2019,F2:FTC\H19,FTC,20190315
FTCM2019,FTC M2019,F2:FTC\M19,FTC,20190621
FTCU2019,FTC U2019,F2:FTC\U19,FTC,20190919
FTCZ2019,FTC Z2019,F2:FTC\Z19,FTC,20191219
FTCH2020,FTC H2020,F2:FTC\H20,FTC,20200319
FTCM2020,FTC M2020,F2:FTC\M20,FTC,20200618
FTCU2020,FTC U2020,F2:FTC\U20,FTC,20200917
FTCX2020,FTC X2020,F2:FTC\X20,FTC,20201126
FTCZ2020,FTC Z2020,F2:FTC\Z20,FTC,20201229
FTCF2021,FTC F2021,F2:FTC\F21,FTC,20210127
FTCG2021,FTC G2021,F2:FTC\G21,FTC,20210224
FTCH2021,FTC H2021,F2:FTC\H21,FTC,20210329
FTCJ2021,FTC J2021,F2:FTC\J21,FTC,20210428
FTCK2021,FTC K2021,F2:FTC\K21,FTC,20210527
FTCM2021,FTC M2021,F2:FTC\M21,FTC,20210628
FTCN2021,FTC N2021,F2:FTC\N21,FTC,20210728
FTCQ2021,FTC Q2021,F2:FTC\Q21,FTC,20210827
FTCU2021,FTC U2021,F2:FTC\U21,FTC,20210928
FTCV2021,FTC V2021,F2:FTC\V21,FTC,20211027
FTCX2021,FTC X2021,F2:FTC\X21,FTC,20211126
FTCZ2021,FTC Z2021,F2:FTC\Z21,FTC,20211229
FTCF2022,FTC F2022,F2:FTC\F22,FTC,20220127
FTCG2022,FTC G2022,F2:FTC\G22,FTC,20220224
FTCH2022,FTC H2022,F2:FTC\H22,FTC,20220329
FTCJ2022,FTC J2022,F2:FTC\J22,FTC,20220427
FTCK2022,FTC K2022,F2:FTC\K22,FTC,20220527
FTCM2022,FTC M2022,F2:FTC\M22,FTC,20220628
FTCN2022,FTC N2022,F2:FTC\N22,FTC,20220727
FTCQ2022,FTC Q2022,F2:FTC\Q22,FTC,20220829
FTCU2022,FTC U2022,F2:FTC\U22,FTC,20220928
FTCV2022,FTC V2022,F2:FTC\V22,FTC,20221027
FTCX2022,FTC X2022,F2:FTC\X22,FTC,20221128
FTCZ2022,FTC Z2022,F2:FTC\Z22,FTC,20221228
FTCH2023,FTC H2023,F2:FTC\H23,FTC,20230329
FTCM2023,FTC M2023,F2:FTC\M23,FTC,20230628
FTTZ2015,FTT Z2015,F2:FTT\Z15,FTT,20151218
FTTH2016,FTT H2016,F2:FTT\H16,FTT,20160318
FTTM2016,FTT M2016,F2:FTT\M16,FTT,20160617
FTTU2016,FTT U2016,F2:FTT\U16,FTT,20160916
FTTZ2016,FTT Z2016,F2:FTT\Z16,FTT,20161216
FTTH2017,FTT H2017,F2:FTT\H17,FTT,20170317
FTTM2017,FTT M2017,F2:FTT\M17,FTT,20170616
FTTU2017,FTT U2017,F2:FTT\U17,FTT,20170915
FTTZ2017,FTT Z2017,F2:FTT\Z17,FTT,20171215
FTTH2018,FTT H2018,F2:FTT\H18,FTT,20180316
FTTM2018,FTT M2018,F2:FTT\M18,FTT,20180615
FTTU2018,FTT U2018,F2:FTT\U18,FTT,20180921
FTTZ2018,FTT Z2018,F2:FTT\Z18,FTT,20181221
FTTH2019,FTT H2019,F2:FTT\H19,FTT,20190315
FTTM2019,FTT M2019,F2:FTT\M19,FTT,20190621
FTTU2019,FTT U2019,F2:FTT\U19,FTT,20190919
FTTZ2019,FTT Z2019,F2:FTT\Z19,FTT,20191219
FTTH2020,FTT H2020,F2:FTT\H20,FTT,20200319
FTTM2020,FTT M2020,F2:FTT\M20,FTT,20200618
FTTU2020,FTT U2020,F2:FTT\U20,FTT,20200917
FTTZ2020,FTT Z2020,F2:FTT\Z20,FTT,20201217
FTTH2021,FTT H2021,F2:FTT\H21,FTT,20210318
FTTM2021,FTT M2021,F2:FTT\M21,FTT,20210617
FTTU2021,FTT U2021,F2:FTT\U21,FTT,20210916
FTTZ2021,FTT Z2021,F2:FTT\Z21,FTT,20211216
FTTH2022,FTT H2022,F2:FTT\H22,FTT,20220317
FTTM2022,FTT M2022,F2:FTT\M22,FTT,20220616
FTTU2022,FTT U2022,F2:FTT\U22,FTT,20220915
FTTZ2022,FTT Z2022,F2:FTT\Z22,FTT,20221215
FTTH2023,FTT H2023,F2:FTT\H23,FTT,20230316
FTTM2023,FTT M2023,F2:FTT\M23,FTT,20230615
FTTU2023,FTT U2023,F2:FTT\U23,FTT,20230914
FTUZ2015,FTU Z2015,F2:FTU\Z15,FTU,20151218
FTUH2016,FTU H2016,F2:FTU\H16,FTU,20160318
FTUM2016,FTU M2016,F2:FTU\M16,FTU,20160617
FTUU2016,FTU U2016,F2:FTU\U16,FTU,20160916
FTUZ2016,FTU Z2016,F2:FTU\Z16,FTU,20161216
FTUH2017,FTU H2017,F2:FTU\H17,FTU,20170317
FTUM2017,FTU M2017,F2:FTU\M17,FTU,20170616
FTUU2017,FTU U2017,F2:FTU\U17,FTU,20170915
FTUZ2017,FTU Z2017,F2:FTU\Z17,FTU,20171215
FTUH2018,FTU H2018,F2:FTU\H18,FTU,20180316
FTUM2018,FTU M2018,F2:FTU\M18,FTU,20180615
FTUU2018,FTU U2018,F2:FTU\U18,FTU,20180921
FTUZ2018,FTU Z2018,F2:FTU\Z18,FTU,20181221
FTUH2019,FTU H2019,F2:FTU\H19,FTU,20190315
FTUM2019,FTU M2019,F2:FTU\M19,FTU,20190621
FTUU2019,FTU U2019,F2:FTU\U19,FTU,20190920
FTUZ2019,FTU Z2019,F2:FTU\Z19,FTU,20191220
FTUH2020,FTU H2020,F2:FTU\H20,FTU,20200320
FTUM2020,FTU M2020,F2:FTU\M20,FTU,20200619
FTUU2020,FTU U2020,F2:FTU\U20,FTU,20200918
FTUZ2020,FTU Z2020,F2:FTU\Z20,FTU,20201218
FTUH2021,FTU H2021,F2:FTU\H21,FTU,20210319
FTUM2021,FTU M2021,F2:FTU\M21,FTU,20210618
FTUU2021,FTU U2021,F2:FTU\U21,FTU,20210917
FTUZ2021,FTU Z2021,F2:FTU\Z21,FTU,20211217
FTUH2022,FTU H2022,F2:FTU\H22,FTU,20220318
FTUM2022,FTU M2022,F2:FTU\M22,FTU,20220617
FTUU2022,FTU U2022,F2:FTU\U22,FTU,20220916
FTUZ2022,FTU Z2022,F2:FTU\Z22,FTU,20221216
FTUH2023,FTU H2023,F2:FTU\H23,FTU,20230317
FTUM2023,FTU M2023,F2:FTU\M23,FTU,20230616
FTUU2023,FTU U2023,F2:FTU\U23,FTU,20230915
IPOM2016,IPO M2016,F2:IPO\M16,IPO,20160617
IPOU2016,IPO U2016,F2:IPO\U16,IPO,20160916
IPOZ2016,IPO Z2016,F2:IPO\Z16,IPO,20161216
IPOH2017,IPO H2017,F2:IPO\H17,IPO,20170317
IPOM2017,IPO M2017,F2:IPO\M17,IPO,20170616
IPOU2017,IPO U2017,F2:IPO\U17,IPO,20170915
IPOZ2017,IPO Z2017,F2:IPO\Z17,IPO,20171215
IPOH2018,IPO H2018,F2:IPO\H18,IPO,20180316
IPOM2018,IPO M2018,F2:IPO\M18,IPO,20180615
IPOU2018,IPO U2018,F2:IPO\U18,IPO,20180921
IPOZ2018,IPO Z2018,F2:IPO\Z18,IPO,20181221
IPOH2019,IPO H2019,F2:IPO\H19,IPO,20190315
IPOM2019,IPO M2019,F2:IPO\M19,IPO,20190621
IPOU2019,IPO U2019,F2:IPO\U19,IPO,20190920
IPOZ2019,IPO Z2019,F2:IPO\Z19,IPO,20191220
IPOH2020,IPO H2020,F2:IPO\H20,IPO,20200320
IPOM2020,IPO M2020,F2:IPO\M20,IPO,20200619
IPOU2020,IPO U2020,F2:IPO\U20,IPO,20200918
IPOZ2020,IPO Z2020,F2:IPO\Z20,IPO,20201218
IPOH2021,IPO H2021,F2:IPO\H21,IPO,20210319
IPOM2021,IPO M2021,F2:IPO\M21,IPO,20210618
IPOU2021,IPO U2021,F2:IPO\U21,IPO,20210917
IPOZ2021,IPO Z2021,F2:IPO\Z21,IPO,20211217
IPOH2022,IPO H2022,F2:IPO\H22,IPO,20220318
IPOM2022,IPO M2022,F2:IPO\M22,IPO,20220617
IPOU2022,IPO U2022,F2:IPO\U22,IPO,20220916
IPOZ2022,IPO Z2022,F2:IPO\Z22,IPO,20221216
IPOH2023,IPO H2023,F2:IPO\H23,IPO,20230317
IPOM2023,IPO M2023,F2:IPO\M23,IPO,20230616
IPOU2023,IPO U2023,F2:IPO\U23,IPO,20230915
IPTM2016,IPT M2016,F2:IPT\M16,IPT,20160617
IPTU2016,IPT U2016,F2:IPT\U16,IPT,20160916
IPTZ2016,IPT Z2016,F2:IPT\Z16,IPT,20161216
IPTH2017,IPT H2017,F2:IPT\H17,IPT,20170317
IPTM2017,IPT M2017,F2:IPT\M17,IPT,20170616
IPTU2017,IPT U2017,F2:IPT\U17,IPT,20170915
IPTZ2017,IPT Z2017,F2:IPT\Z17,IPT,20171215
IPTH2018,IPT H2018,F2:IPT\H18,IPT,20180316
IPTM2018,IPT M2018,F2:IPT\M18,IPT,20180615
IPTU2018,IPT U2018,F2:IPT\U18,IPT,20180921
IPTZ2018,IPT Z2018,F2:IPT\Z18,IPT,20181221
IPTH2019,IPT H2019,F2:IPT\H19,IPT,20190315
IPTM2019,IPT M2019,F2:IPT\M19,IPT,20190621
IPTU2019,IPT U2019,F2:IPT\U19,IPT,20190919
IPTZ2019,IPT Z2019,F2:IPT\Z19,IPT,20191219
IPTH2020,IPT H2020,F2:IPT\H20,IPT,20200319
IPTM2020,IPT M2020,F2:IPT\M20,IPT,20200618
IPTU2020,IPT U2020,F2:IPT\U20,IPT,20200917
IPTZ2020,IPT Z2020,F2:IPT\Z20,IPT,20201217
IPTH2021,IPT H2021,F2:IPT\H21,IPT,20210318
IPTM2021,IPT M2021,F2:IPT\M21,IPT,20210617
IPTU2021,IPT U2021,F2:IPT\U21,IPT,20210916
IPTZ2021,IPT Z2021,F2:IPT\Z21,IPT,20211216
IPTH2022,IPT H2022,F2:IPT\H22,IPT,20220317
IPTM2022,IPT M2022,F2:IPT\M22,IPT,20220616
IPTU2022,IPT U2022,F2:IPT\U22,IPT,20220915
IPTZ2022,IPT Z2022,F2:IPT\Z22,IPT,20221215
IPTH2023,IPT H2023,F2:IPT\H23,IPT,20230316
IPTM2023,IPT M2023,F2:IPT\M23,IPT,20230615
IPTU2023,IPT U2023,F2:IPT\U23,IPT,20230914
JQM2019,JQ M2019,F2:JQ\M19,JQ,20190630
JQN2019,JQ N2019,F2:JQ\N19,JQ,20190730
JQQ2019,JQ Q2019,F2:JQ\Q19,JQ,20190904
JQU2019,JQ U2019,F2:JQ\U19,JQ,20191001
JQV2019,JQ V2019,F2:JQ\V19,JQ,20191029
JQX2019,JQ X2019,F2:JQ\X19,JQ,20191203
JQZ2019,JQ Z2019,F2:JQ\Z19,JQ,20191231
JQF2020,JQ F2020,F2:JQ\F20,JQ,20200204
JQG2020,JQ G2020,F2:JQ\G20,JQ,20200303
JQH2020,JQ H2020,F2:JQ\H20,JQ,20200331
JQJ2020,JQ J2020,F2:JQ\J20,JQ,20200428
JQK2020,JQ K2020,F2:JQ\K20,JQ,20200602
JQM2020,JQ M2020,F2:JQ\M20,JQ,20200630
JQN2020,JQ N2020,F2:JQ\N20,JQ,20200804
JQQ2020,JQ Q2020,F2:JQ\Q20,JQ,20200901
JQU2020,JQ U2020,F2:JQ\U20,JQ,20200929
JQV2020,JQ V2020,F2:JQ\V20,JQ,20201103
JQX2020,JQ X2020,F2:JQ\X20,JQ,20201201
JQZ2020,JQ Z2020,F2:JQ\Z20,JQ,20201229
JQF2021,JQ F2021,F2:JQ\F21,JQ,20210202
JQG2021,JQ G2021,F2:JQ\G21,JQ,20210302
JQH2021,JQ H2021,F2:JQ\H21,JQ,20210330
JQJ2021,JQ J2021,F2:JQ\J21,JQ,20210504
JQK2021,JQ K2021,F2:JQ\K21,JQ,20210602
JQM2021,JQ M2021,F2:JQ\M21,JQ,20210629
JQN2021,JQ N2021,F2:JQ\N21,JQ,20210803
JQQ2021,JQ Q2021,F2:JQ\Q21,JQ,20210831
JQU2021,JQ U2021,F2:JQ\U21,JQ,20210928
JQV2021,JQ V2021,F2:JQ\V21,JQ,20211102
JQX2021,JQ X2021,F2:JQ\X21,JQ,20211130
JQZ2021,JQ Z2021,F2:JQ\Z21,JQ,20220104
JQF2022,JQ F2022,F2:JQ\F22,JQ,20220201
JQG2022,JQ G2022,F2:JQ\G22,JQ,20220301
JQH2022,JQ H2022,F2:JQ\H22,JQ,20220329
JQJ2022,JQ J2022,F2:JQ\J22,JQ,20220503
JQK2022,JQ K2022,F2:JQ\K22,JQ,20220601
JQM2022,JQ M2022,F2:JQ\M22,JQ,20220628
JQN2022,JQ N2022,F2:JQ\N22,JQ,20220802
JQQ2022,JQ Q2022,F2:JQ\Q22,JQ,20220830
JQU2022,JQ U2022,F2:JQ\U22,JQ,20221004
JQV2022,JQ V2022,F2:JQ\V22,JQ,20221101
JQX2022,JQ X2022,F2:JQ\X22,JQ,20221129
M2KM2019,M2K M2019,F2:M2K\M19,M2K,20190621
M2KU2019,M2K U2019,F2:M2K\U19,M2K,20190920
M2KZ2019,M2K Z2019,F2:M2K\Z19,M2K,20191220
M2KH2020,M2K H2020,F2:M2K\H20,M2K,20200320
M2KM2020,M2K M2020,F2:M2K\M20,M2K,20200619
M2KU2020,M2K U2020,F2:M2K\U20,M2K,20200918
M2KZ2020,M2K Z2020,F2:M2K\Z20,M2K,20201218
M2KH2021,M2K H2021,F2:M2K\H21,M2K,20210319
M2KM2021,M2K M2021,F2:M2K\M21,M2K,20210618
M2KU2021,M2K U2021,F2:M2K\U21,M2K,20210917
M2KZ2021,M2K Z2021,F2:M2K\Z21,M2K,20211217
M2KH2022,M2K H2022,F2:M2K\H22,M2K,20220318
M2KM2022,M2K M2022,F2:M2K\M22,M2K,20220617
M2KU2022,M2K U2022,F2:M2K\U22,M2K,20220916
M2KZ2022,M2K Z2022,F2:M2K\Z22,M2K,20221216
M2KH2023,M2K H2023,F2:M2K\H23,M2K,20230317
M2KM2023,M2K M2023,F2:M2K\M23,M2K,20230616
M2KU2023,M2K U2023,F2:M2K\U23,M2K,20230915
M6AM2009,M6A M2009,F2:M6A\M09,M6A,20090615
M6AU2009,M6A U2009,F2:M6A\U09,M6A,20090914
M6AZ2009,M6A Z2009,F2:M6A\Z09,M6A,20091214
M6AH2010,M6A H2010,F2:M6A\H10,M6A,20100315
M6AM2010,M6A M2010,F2:M6A\M10,M6A,20100614
M6AU2010,M6A U2010,F2:M6A\U10,M6A,20100913
M6AZ2010,M6A Z2010,F2:M6A\Z10,M6A,20101213
M6AH2011,M6A H2011,F2:M6A\H11,M6A,20110314
M6AM2011,M6A M2011,F2:M6A\M11,M6A,20110613
M6AU2011,M6A U2011,F2:M6A\U11,M6A,20110919
M6AZ2011,M6A Z2011,F2:M6A\Z11,M6A,20111219
M6AH2012,M6A H2012,F2:M6A\H12,M6A,20120319
M6AM2012,M6A M2012,F2:M6A\M12,M6A,20120618
M6AU2012,M6A U2012,F2:M6A\U12,M6A,20120917
M6AZ2012,M6A Z2012,F2:M6A\Z12,M6A,20121217
M6AH2013,M6A H2013,F2:M6A\H13,M6A,20130318
M6AM2013,M6A M2013,F2:M6A\M13,M6A,20130617
M6AU2013,M6A U2013,F2:M6A\U13,M6A,20130916
M6AZ2013,M6A Z2013,F2:M6A\Z13,M6A,20131216
M6AH2014,M6A H2014,F2:M6A\H14,M6A,20140317
M6AM2014,M6A M2014,F2:M6A\M14,M6A,20140616
M6AU2014,M6A U2014,F2:M6A\U14,M6A,20140915
M6AZ2014,M6A Z2014,F2:M6A\Z14,M6A,20141215
M6AH2015,M6A H2015,F2:M6A\H15,M6A,20150316
M6AM2015,M6A M2015,F2:M6A\M15,M6A,20150615
M6AU2015,M6A U2015,F2:M6A\U15,M6A,20150914
M6AZ2015,M6A Z2015,F2:M6A\Z15,M6A,20151214
M6AH2016,M6A H2016,F2:M6A\H16,M6A,20160314
M6AM2016,M6A M2016,F2:M6A\M16,M6A,20160613
M6AU2016,M6A U2016,F2:M6A\U16,M6A,20160919
M6AZ2016,M6A Z2016,F2:M6A\Z16,M6A,20161219
M6AH2017,M6A H2017,F2:M6A\H17,M6A,20170313
M6AM2017,M6A M2017,F2:M6A\M17,M6A,20170619
M6AU2017,M6A U2017,F2:M6A\U17,M6A,20170918
M6AZ2017,M6A Z2017,F2:M6A\Z17,M6A,20171218
M6AH2018,M6A H2018,F2:M6A\H18,M6A,20180319
M6AM2018,M6A M2018,F2:M6A\M18,M6A,20180618
M6AU2018,M6A U2018,F2:M6A\U18,M6A,20180917
M6AZ2018,M6A Z2018,F2:M6A\Z18,M6A,20181217
M6AH2019,M6A H2019,F2:M6A\H19,M6A,20190318
M6AM2019,M6A M2019,F2:M6A\M19,M6A,20190617
M6AU2019,M6A U2019,F2:M6A\U19,M6A,20190916
M6AZ2019,M6A Z2019,F2:M6A\Z19,M6A,20191216
M6AH2020,M6A H2020,F2:M6A\H20,M6A,20200316
M6AM2020,M6A M2020,F2:M6A\M20,M6A,20200615
M6AU2020,M6A U2020,F2:M6A\U20,M6A,20200914
M6AZ2020,M6A Z2020,F2:M6A\Z20,M6A,20201214
M6AH2021,M6A H2021,F2:M6A\H21,M6A,20210315
M6AM2021,M6A M2021,F2:M6A\M21,M6A,20210614
M6AU2021,M6A U2021,F2:M6A\U21,M6A,20210913
M6AZ2021,M6A Z2021,F2:M6A\Z21,M6A,20211213
M6AH2022,M6A H2022,F2:M6A\H22,M6A,20220314
M6AM2022,M6A M2022,F2:M6A\M22,M6A,20220613
M6AU2022,M6A U2022,F2:M6A\U22,M6A,20220919
M6AZ2022,M6A Z2022,F2:M6A\Z22,M6A,20221219
M6BM2009,M6B M2009,F2:M6B\M09,M6B,20090615
M6BU2009,M6B U2009,F2:M6B\U09,M6B,20090914
M6BZ2009,M6B Z2009,F2:M6B\Z09,M6B,20091214
M6BH2010,M6B H2010,F2:M6B\H10,M6B,20100315
M6BM2010,M6B M2010,F2:M6B\M10,M6B,20100614
M6BU2010,M6B U2010,F2:M6B\U10,M6B,20100913
M6BZ2010,M6B Z2010,F2:M6B\Z10,M6B,20101213
M6BH2011,M6B H2011,F2:M6B\H11,M6B,20110314
M6BM2011,M6B M2011,F2:M6B\M11,M6B,20110613
M6BU2011,M6B U2011,F2:M6B\U11,M6B,20110919
M6BZ2011,M6B Z2011,F2:M6B\Z11,M6B,20111219
M6BH2012,M6B H2012,F2:M6B\H12,M6B,20120319
M6BM2012,M6B M2012,F2:M6B\M12,M6B,20120618
M6BU2012,M6B U2012,F2:M6B\U12,M6B,20120917
M6BZ2012,M6B Z2012,F2:M6B\Z12,M6B,20121217
M6BH2013,M6B H2013,F2:M6B\H13,M6B,20130318
M6BM2013,M6B M2013,F2:M6B\M13,M6B,20130617
M6BU2013,M6B U2013,F2:M6B\U13,M6B,20130916
M6BZ2013,M6B Z2013,F2:M6B\Z13,M6B,20131216
M6BH2014,M6B H2014,F2:M6B\H14,M6B,20140317
M6BM2014,M6B M2014,F2:M6B\M14,M6B,20140616
M6BU2014,M6B U2014,F2:M6B\U14,M6B,20140915
M6BZ2014,M6B Z2014,F2:M6B\Z14,M6B,20141215
M6BH2015,M6B H2015,F2:M6B\H15,M6B,20150316
M6BM2015,M6B M2015,F2:M6B\M15,M6B,20150615
M6BU2015,M6B U2015,F2:M6B\U15,M6B,20150914
M6BZ2015,M6B Z2015,F2:M6B\Z15,M6B,20151214
M6BH2016,M6B H2016,F2:M6B\H16,M6B,20160314
M6BM2016,M6B M2016,F2:M6B\M16,M6B,20160613
M6BU2016,M6B U2016,F2:M6B\U16,M6B,20160919
M6BZ2016,M6B Z2016,F2:M6B\Z16,M6B,20161219
M6BH2017,M6B H2017,F2:M6B\H17,M6B,20170313
M6BM2017,M6B M2017,F2:M6B\M17,M6B,20170619
M6BU2017,M6B U2017,F2:M6B\U17,M6B,20170918
M6BZ2017,M6B Z2017,F2:M6B\Z17,M6B,20171218
M6BH2018,M6B H2018,F2:M6B\H18,M6B,20180319
M6BM2018,M6B M2018,F2:M6B\M18,M6B,20180618
M6BU2018,M6B U2018,F2:M6B\U18,M6B,20180917
M6BZ2018,M6B Z2018,F2:M6B\Z18,M6B,20181217
M6BH2019,M6B H2019,F2:M6B\H19,M6B,20190318
M6BM2019,M6B M2019,F2:M6B\M19,M6B,20190617
M6BU2019,M6B U2019,F2:M6B\U19,M6B,20190916
M6BZ2019,M6B Z2019,F2:M6B\Z19,M6B,20191216
M6BH2020,M6B H2020,F2:M6B\H20,M6B,20200316
M6BM2020,M6B M2020,F2:M6B\M20,M6B,20200615
M6BU2020,M6B U2020,F2:M6B\U20,M6B,20200914
M6BZ2020,M6B Z2020,F2:M6B\Z20,M6B,20201214
M6BH2021,M6B H2021,F2:M6B\H21,M6B,20210315
M6BM2021,M6B M2021,F2:M6B\M21,M6B,20210614
M6BU2021,M6B U2021,F2:M6B\U21,M6B,20210913
M6BZ2021,M6B Z2021,F2:M6B\Z21,M6B,20211213
M6BH2022,M6B H2022,F2:M6B\H22,M6B,20220314
M6BM2022,M6B M2022,F2:M6B\M22,M6B,20220613
M6BU2022,M6B U2022,F2:M6B\U22,M6B,20220919
M6BZ2022,M6B Z2022,F2:M6B\Z22,M6B,20221219
M6CM2009,M6C M2009,F2:M6C\M09,M6C,20090616
M6CU2009,M6C U2009,F2:M6C\U09,M6C,20090915
M6CZ2009,M6C Z2009,F2:M6C\Z09,M6C,20091215
M6CH2010,M6C H2010,F2:M6C\H10,M6C,20100316
M6CM2010,M6C M2010,F2:M6C\M10,M6C,20100615
M6CU2010,M6C U2010,F2:M6C\U10,M6C,20100914
M6CZ2010,M6C Z2010,F2:M6C\Z10,M6C,20101214
M6CH2011,M6C H2011,F2:M6C\H11,M6C,20110315
M6CM2011,M6C M2011,F2:M6C\M11,M6C,20110614
M6CU2011,M6C U2011,F2:M6C\U11,M6C,20110920
M6CZ2011,M6C Z2011,F2:M6C\Z11,M6C,20111220
M6CH2012,M6C H2012,F2:M6C\H12,M6C,20120320
M6CM2012,M6C M2012,F2:M6C\M12,M6C,20120619
M6CU2012,M6C U2012,F2:M6C\U12,M6C,20120918
M6CZ2012,M6C Z2012,F2:M6C\Z12,M6C,20121218
M6CH2013,M6C H2013,F2:M6C\H13,M6C,20130319
M6CM2013,M6C M2013,F2:M6C\M13,M6C,20130618
M6CU2013,M6C U2013,F2:M6C\U13,M6C,20130917
M6CZ2013,M6C Z2013,F2:M6C\Z13,M6C,20131217
M6CH2014,M6C H2014,F2:M6C\H14,M6C,20140318
M6CM2014,M6C M2014,F2:M6C\M14,M6C,20140617
M6CU2014,M6C U2014,F2:M6C\U14,M6C,20140916
M6CZ2014,M6C Z2014,F2:M6C\Z14,M6C,20141216
M6CH2015,M6C H2015,F2:M6C\H15,M6C,20150317
M6CM2015,M6C M2015,F2:M6C\M15,M6C,20150616
M6CU2015,M6C U2015,F2:M6C\U15,M6C,20150915
M6CZ2015,M6C Z2015,F2:M6C\Z15,M6C,20151215
M6CH2016,M6C H2016,F2:M6C\H16,M6C,20160315
M6CM2016,M6C M2016,F2:M6C\M16,M6C,20160614
M6CU2016,M6C U2016,F2:M6C\U16,M6C,20160920
M6CU2021,M6C U2021,F2:M6C\U21,M6C,20210914
M6CZ2021,M6C Z2021,F2:M6C\Z21,M6C,20211214
M6CH2022,M6C H2022,F2:M6C\H22,M6C,20220315
M6CM2022,M6C M2022,F2:M6C\M22,M6C,20220614
M6CU2022,M6C U2022,F2:M6C\U22,M6C,20220920
M6CZ2022,M6C Z2022,F2:M6C\Z22,M6C,20221220
M6EM2009,M6E M2009,F2:M6E\M09,M6E,20090615
M6EU2009,M6E U2009,F2:M6E\U09,M6E,20090914
M6EZ2009,M6E Z2009,F2:M6E\Z09,M6E,20091214
M6EH2010,M6E H2010,F2:M6E\H10,M6E,20100315
M6EM2010,M6E M2010,F2:M6E\M10,M6E,20100614
M6EU2010,M6E U2010,F2:M6E\U10,M6E,20100913
M6EZ2010,M6E Z2010,F2:M6E\Z10,M6E,20101213
M6EH2011,M6E H2011,F2:M6E\H11,M6E,20110314
M6EM2011,M6E M2011,F2:M6E\M11,M6E,20110613
M6EU2011,M6E U2011,F2:M6E\U11,M6E,20110919
M6EZ2011,M6E Z2011,F2:M6E\Z11,M6E,20111219
M6EH2012,M6E H2012,F2:M6E\H12,M6E,20120319
M6EM2012,M6E M2012,F2:M6E\M12,M6E,20120618
M6EU2012,M6E U2012,F2:M6E\U12,M6E,20120917
M6EZ2012,M6E Z2012,F2:M6E\Z12,M6E,20121217
M6EH2013,M6E H2013,F2:M6E\H13,M6E,20130318
M6EM2013,M6E M2013,F2:M6E\M13,M6E,20130617
M6EU2013,M6E U2013,F2:M6E\U13,M6E,20130916
M6EZ2013,M6E Z2013,F2:M6E\Z13,M6E,20131216
M6EH2014,M6E H2014,F2:M6E\H14,M6E,20140317
M6EM2014,M6E M2014,F2:M6E\M14,M6E,20140616
M6EU2014,M6E U2014,F2:M6E\U14,M6E,20140915
M6EZ2014,M6E Z2014,F2:M6E\Z14,M6E,20141215
M6EH2015,M6E H2015,F2:M6E\H15,M6E,20150316
M6EM2015,M6E M2015,F2:M6E\M15,M6E,20150615
M6EU2015,M6E U2015,F2:M6E\U15,M6E,20150914
M6EZ2015,M6E Z2015,F2:M6E\Z15,M6E,20151214
M6EH2016,M6E H2016,F2:M6E\H16,M6E,20160314
M6EM2016,M6E M2016,F2:M6E\M16,M6E,20160613
M6EU2016,M6E U2016,F2:M6E\U16,M6E,20160919
M6EZ2016,M6E Z2016,F2:M6E\Z16,M6E,20161219
M6EH2017,M6E H2017,F2:M6E\H17,M6E,20170313
M6EM2017,M6E M2017,F2:M6E\M17,M6E,20170619
M6EU2017,M6E U2017,F2:M6E\U17,M6E,20170918
M6EZ2017,M6E Z2017,F2:M6E\Z17,M6E,20171218
M6EH2018,M6E H2018,F2:M6E\H18,M6E,20180319
M6EM2018,M6E M2018,F2:M6E\M18,M6E,20180618
M6EU2018,M6E U2018,F2:M6E\U18,M6E,20180917
M6EZ2018,M6E Z2018,F2:M6E\Z18,M6E,20181217
M6EH2019,M6E H2019,F2:M6E\H19,M6E,20190318
M6EM2019,M6E M2019,F2:M6E\M19,M6E,20190617
M6EU2019,M6E U2019,F2:M6E\U19,M6E,20190916
M6EZ2019,M6E Z2019,F2:M6E\Z19,M6E,20191216
M6EH2020,M6E H2020,F2:M6E\H20,M6E,20200316
M6EM2020,M6E M2020,F2:M6E\M20,M6E,20200615
M6EU2020,M6E U2020,F2:M6E\U20,M6E,20200914
M6EZ2020,M6E Z2020,F2:M6E\Z20,M6E,20201214
M6EH2021,M6E H2021,F2:M6E\H21,M6E,20210315
M6EM2021,M6E M2021,F2:M6E\M21,M6E,20210614
M6EU2021,M6E U2021,F2:M6E\U21,M6E,20210913
M6EZ2021,M6E Z2021,F2:M6E\Z21,M6E,20211213
M6EH2022,M6E H2022,F2:M6E\H22,M6E,20220314
M6EM2022,M6E M2022,F2:M6E\M22,M6E,20220613
M6EU2022,M6E U2022,F2:M6E\U22,M6E,20220919
M6EZ2022,M6E Z2022,F2:M6E\Z22,M6E,20221219
M6JM2009,M6J M2009,F2:M6J\M09,M6J,20090615
M6JU2009,M6J U2009,F2:M6J\U09,M6J,20090914
M6JZ2009,M6J Z2009,F2:M6J\Z09,M6J,20091214
M6JH2010,M6J H2010,F2:M6J\H10,M6J,20100315
M6JM2010,M6J M2010,F2:M6J\M10,M6J,20100614
M6JU2010,M6J U2010,F2:M6J\U10,M6J,20100913
M6JZ2010,M6J Z2010,F2:M6J\Z10,M6J,20101213
M6JH2011,M6J H2011,F2:M6J\H11,M6J,20110314
M6JM2011,M6J M2011,F2:M6J\M11,M6J,20110613
M6JU2011,M6J U2011,F2:M6J\U11,M6J,20110919
M6JZ2011,M6J Z2011,F2:M6J\Z11,M6J,20111219
M6JH2012,M6J H2012,F2:M6J\H12,M6J,20120319
M6JM2012,M6J M2012,F2:M6J\M12,M6J,20120618
M6JU2012,M6J U2012,F2:M6J\U12,M6J,20120917
M6JZ2012,M6J Z2012,F2:M6J\Z12,M6J,20121217
M6JH2013,M6J H2013,F2:M6J\H13,M6J,20130318
M6JM2013,M6J M2013,F2:M6J\M13,M6J,20130617
M6JU2013,M6J U2013,F2:M6J\U13,M6J,20130916
M6JZ2013,M6J Z2013,F2:M6J\Z13,M6J,20131216
M6JH2014,M6J H2014,F2:M6J\H14,M6J,20140317
M6JM2014,M6J M2014,F2:M6J\M14,M6J,20140616
M6JU2014,M6J U2014,F2:M6J\U14,M6J,20140915
M6JZ2014,M6J Z2014,F2:M6J\Z14,M6J,20141215
M6JH2015,M6J H2015,F2:M6J\H15,M6J,20150316
M6JM2015,M6J M2015,F2:M6J\M15,M6J,20150615
M6JU2015,M6J U2015,F2:M6J\U15,M6J,20150914
M6JZ2015,M6J Z2015,F2:M6J\Z15,M6J,20151214
M6JH2016,M6J H2016,F2:M6J\H16,M6J,20160314
M6JM2016,M6J M2016,F2:M6J\M16,M6J,20160613
M6JU2016,M6J U2016,F2:M6J\U16,M6J,20160919
M6JU2021,M6J U2021,F2:M6J\U21,M6J,20210913
M6JZ2021,M6J Z2021,F2:M6J\Z21,M6J,20211213
M6JH2022,M6J H2022,F2:M6J\H22,M6J,20220314
M6JM2022,M6J M2022,F2:M6J\M22,M6J,20220613
M6JU2022,M6J U2022,F2:M6J\U22,M6J,20220919
M6JZ2022,M6J Z2022,F2:M6J\Z22,M6J,20221219
M6SM2009,M6S M2009,F2:M6S\M09,M6S,20090615
M6SU2009,M6S U2009,F2:M6S\U09,M6S,20090914
M6SZ2009,M6S Z2009,F2:M6S\Z09,M6S,20091214
M6SH2010,M6S H2010,F2:M6S\H10,M6S,20100315
M6SM2010,M6S M2010,F2:M6S\M10,M6S,20100614
M6SU2010,M6S U2010,F2:M6S\U10,M6S,20100913
M6SZ2010,M6S Z2010,F2:M6S\Z10,M6S,20101213
M6SH2011,M6S H2011,F2:M6S\H11,M6S,20110314
M6SM2011,M6S M2011,F2:M6S\M11,M6S,20110613
M6SU2011,M6S U2011,F2:M6S\U11,M6S,20110919
M6SZ2011,M6S Z2011,F2:M6S\Z11,M6S,20111219
M6SH2012,M6S H2012,F2:M6S\H12,M6S,20120319
M6SM2012,M6S M2012,F2:M6S\M12,M6S,20120618
M6SU2012,M6S U2012,F2:M6S\U12,M6S,20120917
M6SZ2012,M6S Z2012,F2:M6S\Z12,M6S,20121217
M6SH2013,M6S H2013,F2:M6S\H13,M6S,20130318
M6SM2013,M6S M2013,F2:M6S\M13,M6S,20130617
M6SU2013,M6S U2013,F2:M6S\U13,M6S,20130916
M6SZ2013,M6S Z2013,F2:M6S\Z13,M6S,20131216
M6SH2014,M6S H2014,F2:M6S\H14,M6S,20140317
M6SM2014,M6S M2014,F2:M6S\M14,M6S,20140616
M6SU2014,M6S U2014,F2:M6S\U14,M6S,20140915
M6SZ2014,M6S Z2014,F2:M6S\Z14,M6S,20141215
M6SH2015,M6S H2015,F2:M6S\H15,M6S,20150316
M6SM2015,M6S M2015,F2:M6S\M15,M6S,20150615
M6SU2015,M6S U2015,F2:M6S\U15,M6S,20150914
M6SZ2015,M6S Z2015,F2:M6S\Z15,M6S,20151214
M6SH2016,M6S H2016,F2:M6S\H16,M6S,20160314
M6SM2016,M6S M2016,F2:M6S\M16,M6S,20160613
M6SU2016,M6S U2016,F2:M6S\U16,M6S,20160919
M6SU2021,M6S U2021,F2:M6S\U21,M6S,20210913
M6SZ2021,M6S Z2021,F2:M6S\Z21,M6S,20211213
M6SH2022,M6S H2022,F2:M6S\H22,M6S,20220314
M6SM2022,M6S M2022,F2:M6S\M22,M6S,20220613
M6SU2022,M6S U2022,F2:M6S\U22,M6S,20220919
M6SZ2022,M6S Z2022,F2:M6S\Z22,M6S,20221219
MCDH2011,MCD H2011,F2:MCD\H11,MCD,20110315
MCDM2011,MCD M2011,F2:MCD\M11,MCD,20110614
MCDU2011,MCD U2011,F2:MCD\U11,MCD,20110920
MCDZ2011,MCD Z2011,F2:MCD\Z11,MCD,20111220
MCDH2012,MCD H2012,F2:MCD\H12,MCD,20120320
MCDM2012,MCD M2012,F2:MCD\M12,MCD,20120619
MCDU2012,MCD U2012,F2:MCD\U12,MCD,20120918
MCDZ2012,MCD Z2012,F2:MCD\Z12,MCD,20121218
MCDH2013,MCD H2013,F2:MCD\H13,MCD,20130319
MCDM2013,MCD M2013,F2:MCD\M13,MCD,20130618
MCDU2013,MCD U2013,F2:MCD\U13,MCD,20130917
MCDZ2013,MCD Z2013,F2:MCD\Z13,MCD,20131217
MCDH2014,MCD H2014,F2:MCD\H14,MCD,20140318
MCDM2014,MCD M2014,F2:MCD\M14,MCD,20140617
MCDU2014,MCD U2014,F2:MCD\U14,MCD,20140916
MCDZ2014,MCD Z2014,F2:MCD\Z14,MCD,20141216
MCDH2015,MCD H2015,F2:MCD\H15,MCD,20150317
MCDM2015,MCD M2015,F2:MCD\M15,MCD,20150616
MCDU2015,MCD U2015,F2:MCD\U15,MCD,20150915
MCDZ2015,MCD Z2015,F2:MCD\Z15,MCD,20151215
MCDH2016,MCD H2016,F2:MCD\H16,MCD,20160315
MCDM2016,MCD M2016,F2:MCD\M16,MCD,20160614
MCDU2016,MCD U2016,F2:MCD\U16,MCD,20160920
MCDZ2016,MCD Z2016,F2:MCD\Z16,MCD,20161220
MCDH2017,MCD H2017,F2:MCD\H17,MCD,20170314
MCDM2017,MCD M2017,F2:MCD\M17,MCD,20170620
MCDU2017,MCD U2017,F2:MCD\U17,MCD,20170919
MCDZ2017,MCD Z2017,F2:MCD\Z17,MCD,20171219
MCDH2018,MCD H2018,F2:MCD\H18,MCD,20180320
MCDM2018,MCD M2018,F2:MCD\M18,MCD,20180619
MCDU2018,MCD U2018,F2:MCD\U18,MCD,20180918
MCDZ2018,MCD Z2018,F2:MCD\Z18,MCD,20181218
MCDH2019,MCD H2019,F2:MCD\H19,MCD,20190319
MCDM2019,MCD M2019,F2:MCD\M19,MCD,20190618
MCDU2019,MCD U2019,F2:MCD\U19,MCD,20190917
MCDZ2019,MCD Z2019,F2:MCD\Z19,MCD,20191217
MCDH2020,MCD H2020,F2:MCD\H20,MCD,20200317
MCDM2020,MCD M2020,F2:MCD\M20,MCD,20200616
MCDU2020,MCD U2020,F2:MCD\U20,MCD,20200915
MCDZ2020,MCD Z2020,F2:MCD\Z20,MCD,20201215
MCDH2021,MCD H2021,F2:MCD\H21,MCD,20210316
MCDM2021,MCD M2021,F2:MCD\M21,MCD,20210615
MCDU2021,MCD U2021,F2:MCD\U21,MCD,20210914
MCDZ2021,MCD Z2021,F2:MCD\Z21,MCD,20211214
MCDH2022,MCD H2022,F2:MCD\H22,MCD,20220315
MCDM2022,MCD M2022,F2:MCD\M22,MCD,20220614
MCDU2022,MCD U2022,F2:MCD\U22,MCD,20220920
MCDZ2022,MCD Z2022,F2:MCD\Z22,MCD,20221220
MESM2019,MES M2019,F2:MES\M19,MES,20190621
MESU2019,MES U2019,F2:MES\U19,MES,20190920
MESZ2019,MES Z2019,F2:MES\Z19,MES,20191220
MESH2020,MES H2020,F2:MES\H20,MES,20200320
MESM2020,MES M2020,F2:MES\M20,MES,20200619
MESU2020,MES U2020,F2:MES\U20,MES,20200918
MESZ2020,MES Z2020,F2:MES\Z20,MES,20201218
MESH2021,MES H2021,F2:MES\H21,MES,20210319
MESM2021,MES M2021,F2:MES\M21,MES,20210618
MESU2021,MES U2021,F2:MES\U21,MES,20210917
MESZ2021,MES Z2021,F2:MES\Z21,MES,20211217
MESH2022,MES H2022,F2:MES\H22,MES,20220318
MIRG2013,MIR G2013,F2:MIR\G13,MIR,20130226
MIRH2013,MIR H2013,F2:MIR\H13,MIR,20130327
MIRJ2013,MIR J2013,F2:MIR\J13,MIR,20130426
MIRK2013,MIR K2013,F2:MIR\K13,MIR,20130529
MIRM2013,MIR M2013,F2:MIR\M13,MIR,20130626
MIRN2013,MIR N2013,F2:MIR\N13,MIR,20130729
MIRQ2013,MIR Q2013,F2:MIR\Q13,MIR,20130828
MIRU2013,MIR U2013,F2:MIR\U13,MIR,20130926
MIRV2013,MIR V2013,F2:MIR\V13,MIR,20131029
MIRX2013,MIR X2013,F2:MIR\X13,MIR,20131127
MIRZ2013,MIR Z2013,F2:MIR\Z13,MIR,20131227
MIRF2014,MIR F2014,F2:MIR\F14,MIR,20140129
MIRG2014,MIR G2014,F2:MIR\G14,MIR,20140226
MIRH2014,MIR H2014,F2:MIR\H14,MIR,20140327
MIRJ2014,MIR J2014,F2:MIR\J14,MIR,20140428
MIRK2014,MIR K2014,F2:MIR\K14,MIR,20140528
MIRM2014,MIR M2014,F2:MIR\M14,MIR,20140626
MIRN2014,MIR N2014,F2:MIR\N14,MIR,20140729
MIRQ2014,MIR Q2014,F2:MIR\Q14,MIR,20140827
MIRU2014,MIR U2014,F2:MIR\U14,MIR,20140926
MIRV2014,MIR V2014,F2:MIR\V14,MIR,20141029
MIRX2014,MIR X2014,F2:MIR\X14,MIR,20141126
MIRZ2014,MIR Z2014,F2:MIR\Z14,MIR,20141229
MIRF2015,MIR F2015,F2:MIR\F15,MIR,20150128
MIRG2015,MIR G2015,F2:MIR\G15,MIR,20150225
MIRH2015,MIR H2015,F2:MIR\H15,MIR,20150327
MIRJ2015,MIR J2015,F2:MIR\J15,MIR,20150428
MIRK2015,MIR K2015,F2:MIR\K15,MIR,20150527
MIRM2015,MIR M2015,F2:MIR\M15,MIR,20150626
MIRN2015,MIR N2015,F2:MIR\N15,MIR,20150729
MIRQ2015,MIR Q2015,F2:MIR\Q15,MIR,20150827
MIRU2015,MIR U2015,F2:MIR\U15,MIR,20150928
MIRV2015,MIR V2015,F2:MIR\V15,MIR,20151028
MIRX2015,MIR X2015,F2:MIR\X15,MIR,20151126
MIRZ2015,MIR Z2015,F2:MIR\Z15,MIR,20151229
MIRF2016,MIR F2016,F2:MIR\F16,MIR,20160127
MIRG2016,MIR G2016,F2:MIR\G16,MIR,20160225
MIRH2016,MIR H2016,F2:MIR\H16,MIR,20160329
MIRJ2016,MIR J2016,F2:MIR\J16,MIR,20160427
MIRK2016,MIR K2016,F2:MIR\K16,MIR,20160527
MIRM2016,MIR M2016,F2:MIR\M16,MIR,20160628
MIRN2016,MIR N2016,F2:MIR\N16,MIR,20160727
MIRQ2016,MIR Q2016,F2:MIR\Q16,MIR,20160829
MIRU2016,MIR U2016,F2:MIR\U16,MIR,20160928
MIRV2016,MIR V2016,F2:MIR\V16,MIR,20161027
MIRX2016,MIR X2016,F2:MIR\X16,MIR,20161128
MIRZ2016,MIR Z2016,F2:MIR\Z16,MIR,20161228
MIRF2017,MIR F2017,F2:MIR\F17,MIR,20170131
MIRG2017,MIR G2017,F2:MIR\G17,MIR,20170228
MIRH2017,MIR H2017,F2:MIR\H17,MIR,20170331
MIRJ2017,MIR J2017,F2:MIR\J17,MIR,20170526
MIRK2017,MIR K2017,F2:MIR\K17,MIR,20170529
MIRM2017,MIR M2017,F2:MIR\M17,MIR,20170628
MIRN2017,MIR N2017,F2:MIR\N17,MIR,20170727
MIRQ2017,MIR Q2017,F2:MIR\Q17,MIR,20170829
MIRU2017,MIR U2017,F2:MIR\U17,MIR,20170927
MIRV2017,MIR V2017,F2:MIR\V17,MIR,20171027
MIRX2017,MIR X2017,F2:MIR\X17,MIR,20171128
MIRZ2017,MIR Z2017,F2:MIR\Z17,MIR,20171227
MIRF2018,MIR F2018,F2:MIR\F18,MIR,20180129
MIRG2018,MIR G2018,F2:MIR\G18,MIR,20180226
MIRH2018,MIR H2018,F2:MIR\H18,MIR,20180328
MIRJ2018,MIR J2018,F2:MIR\J18,MIR,20180426
MIRK2018,MIR K2018,F2:MIR\K18,MIR,20180529
MIRM2018,MIR M2018,F2:MIR\M18,MIR,20180627
MIRN2018,MIR N2018,F2:MIR\N18,MIR,20180727
MIRQ2018,MIR Q2018,F2:MIR\Q18,MIR,20180829
MIRU2018,MIR U2018,F2:MIR\U18,MIR,20180926
MIRV2018,MIR V2018,F2:MIR\V18,MIR,20181029
MIRX2018,MIR X2018,F2:MIR\X18,MIR,20181128
MIRZ2018,MIR Z2018,F2:MIR\Z18,MIR,20181227
MIRF2019,MIR F2019,F2:MIR\F19,MIR,20190129
MIRG2019,MIR G2019,F2:MIR\G19,MIR,20190226
MIRH2019,MIR H2019,F2:MIR\H19,MIR,20190327
MIRJ2019,MIR J2019,F2:MIR\J19,MIR,20190426
MIRK2019,MIR K2019,F2:MIR\K19,MIR,20190529
MIRM2019,MIR M2019,F2:MIR\M19,MIR,20190626
MIRN2019,MIR N2019,F2:MIR\N19,MIR,20190729
MIRQ2019,MIR Q2019,F2:MIR\Q19,MIR,20190828
MIRU2019,MIR U2019,F2:MIR\U19,MIR,20190926
MIRV2019,MIR V2019,F2:MIR\V19,MIR,20191029
MIRX2019,MIR X2019,F2:MIR\X19,MIR,20191127
MIRZ2019,MIR Z2019,F2:MIR\Z19,MIR,20191227
MIRF2020,MIR F2020,F2:MIR\F20,MIR,20200129
MIRG2020,MIR G2020,F2:MIR\G20,MIR,20200226
MIRH2020,MIR H2020,F2:MIR\H20,MIR,20200327
MIRJ2020,MIR J2020,F2:MIR\J20,MIR,20200428
MIRK2020,MIR K2020,F2:MIR\K20,MIR,20200527
MIRM2020,MIR M2020,F2:MIR\M20,MIR,20200626
MIRN2020,MIR N2020,F2:MIR\N20,MIR,20200729
MIRQ2020,MIR Q2020,F2:MIR\Q20,MIR,20200827
MIRU2020,MIR U2020,F2:MIR\U20,MIR,20200928
MIRV2020,MIR V2020,F2:MIR\V20,MIR,20201027
MIRX2020,MIR X2020,F2:MIR\X20,MIR,20201125
MIRZ2020,MIR Z2020,F2:MIR\Z20,MIR,20201229
MIRF2021,MIR F2021,F2:MIR\F21,MIR,20210127
MIRG2021,MIR G2021,F2:MIR\G21,MIR,20210224
MIRH2021,MIR H2021,F2:MIR\H21,MIR,20210329
MIRJ2021,MIR J2021,F2:MIR\J21,MIR,20210428
MIRK2021,MIR K2021,F2:MIR\K21,MIR,20210527
MIRM2021,MIR M2021,F2:MIR\M21,MIR,20210628
MIRN2021,MIR N2021,F2:MIR\N21,MIR,20210728
MIRQ2021,MIR Q2021,F2:MIR\Q21,MIR,20210827
MIRU2021,MIR U2021,F2:MIR\U21,MIR,20210928
MIRV2021,MIR V2021,F2:MIR\V21,MIR,20211027
MIRX2021,MIR X2021,F2:MIR\X21,MIR,20211126
MIRZ2021,MIR Z2021,F2:MIR\Z21,MIR,20211229
MIRF2022,MIR F2022,F2:MIR\F22,MIR,20220127
MIRG2022,MIR G2022,F2:MIR\G22,MIR,20220224
MIRH2022,MIR H2022,F2:MIR\H22,MIR,20220329
MIRJ2022,MIR J2022,F2:MIR\J22,MIR,20220427
MIRK2022,MIR K2022,F2:MIR\K22,MIR,20220527
MIRM2022,MIR M2022,F2:MIR\M22,MIR,20220628
MIRN2022,MIR N2022,F2:MIR\N22,MIR,20220727
MIRQ2022,MIR Q2022,F2:MIR\Q22,MIR,20220826
MIRU2022,MIR U2022,F2:MIR\U22,MIR,20220928
MIRV2022,MIR V2022,F2:MIR\V22,MIR,20221027
MIRX2022,MIR X2022,F2:MIR\X22,MIR,20221128
MIRZ2022,MIR Z2022,F2:MIR\Z22,MIR,20221228
MIRF2023,MIR F2023,F2:MIR\F23,MIR,20230127
MIRG2023,MIR G2023,F2:MIR\G23,MIR,20230224
MIRH2023,MIR H2023,F2:MIR\H23,MIR,20230328
MIRJ2023,MIR J2023,F2:MIR\J23,MIR,20230426
MIRK2023,MIR K2023,F2:MIR\K23,MIR,20230530
MIRM2023,MIR M2023,F2:MIR\M23,MIR,20230627
MIRN2023,MIR N2023,F2:MIR\N23,MIR,20230726
MIRQ2023,MIR Q2023,F2:MIR\Q23,MIR,20230829
MJYH2011,MJY H2011,F2:MJY\H11,MJY,20110314
MJYM2011,MJY M2011,F2:MJY\M11,MJY,20110613
MJYU2011,MJY U2011,F2:MJY\U11,MJY,20110919
MJYZ2011,MJY Z2011,F2:MJY\Z11,MJY,20111219
MJYH2012,MJY H2012,F2:MJY\H12,MJY,20120319
MJYM2012,MJY M2012,F2:MJY\M12,MJY,20120618
MJYU2012,MJY U2012,F2:MJY\U12,MJY,20120917
MJYZ2012,MJY Z2012,F2:MJY\Z12,MJY,20121217
MJYH2013,MJY H2013,F2:MJY\H13,MJY,20130318
MJYM2013,MJY M2013,F2:MJY\M13,MJY,20130617
MJYU2013,MJY U2013,F2:MJY\U13,MJY,20130916
MJYZ2013,MJY Z2013,F2:MJY\Z13,MJY,20131216
MJYH2014,MJY H2014,F2:MJY\H14,MJY,20140317
MJYM2014,MJY M2014,F2:MJY\M14,MJY,20140616
MJYU2014,MJY U2014,F2:MJY\U14,MJY,20140915
MJYZ2014,MJY Z2014,F2:MJY\Z14,MJY,20141215
MJYH2015,MJY H2015,F2:MJY\H15,MJY,20150316
MJYM2015,MJY M2015,F2:MJY\M15,MJY,20150615
MJYU2015,MJY U2015,F2:MJY\U15,MJY,20150914
MJYZ2015,MJY Z2015,F2:MJY\Z15,MJY,20151214
MJYH2016,MJY H2016,F2:MJY\H16,MJY,20160314
MJYM2016,MJY M2016,F2:MJY\M16,MJY,20160613
MJYU2016,MJY U2016,F2:MJY\U16,MJY,20160919
MJYZ2016,MJY Z2016,F2:MJY\Z16,MJY,20161219
MJYH2017,MJY H2017,F2:MJY\H17,MJY,20170313
MJYM2017,MJY M2017,F2:MJY\M17,MJY,20170619
MJYU2017,MJY U2017,F2:MJY\U17,MJY,20170918
MJYZ2017,MJY Z2017,F2:MJY\Z17,MJY,20171218
MJYH2018,MJY H2018,F2:MJY\H18,MJY,20180319
MJYM2018,MJY M2018,F2:MJY\M18,MJY,20180618
MJYU2018,MJY U2018,F2:MJY\U18,MJY,20180917
MJYZ2018,MJY Z2018,F2:MJY\Z18,MJY,20181217
MJYH2019,MJY H2019,F2:MJY\H19,MJY,20190318
MJYM2019,MJY M2019,F2:MJY\M19,MJY,20190617
MJYU2019,MJY U2019,F2:MJY\U19,MJY,20190916
MJYZ2019,MJY Z2019,F2:MJY\Z19,MJY,20191216
MJYH2020,MJY H2020,F2:MJY\H20,MJY,20200316
MJYM2020,MJY M2020,F2:MJY\M20,MJY,20200615
MJYU2020,MJY U2020,F2:MJY\U20,MJY,20200914
MJYZ2020,MJY Z2020,F2:MJY\Z20,MJY,20201214
MJYH2021,MJY H2021,F2:MJY\H21,MJY,20210315
MJYM2021,MJY M2021,F2:MJY\M21,MJY,20210614
MJYU2021,MJY U2021,F2:MJY\U21,MJY,20210913
MJYZ2021,MJY Z2021,F2:MJY\Z21,MJY,20211213
MJYH2022,MJY H2022,F2:MJY\H22,MJY,20220314
MJYM2022,MJY M2022,F2:MJY\M22,MJY,20220613
MNHJ2013,MNH J2013,F2:MNH\J13,MNH,20130416
MNHK2013,MNH K2013,F2:MNH\K13,MNH,20130514
MNHM2013,MNH M2013,F2:MNH\M13,MNH,20130618
MNHN2013,MNH N2013,F2:MNH\N13,MNH,20130716
MNHQ2013,MNH Q2013,F2:MNH\Q13,MNH,20130820
MNHU2013,MNH U2013,F2:MNH\U13,MNH,20130917
MNHV2013,MNH V2013,F2:MNH\V13,MNH,20131015
MNHX2013,MNH X2013,F2:MNH\X13,MNH,20131119
MNHZ2013,MNH Z2013,F2:MNH\Z13,MNH,20131217
MNHF2014,MNH F2014,F2:MNH\F14,MNH,20140114
MNHG2014,MNH G2014,F2:MNH\G14,MNH,20140218
MNHH2014,MNH H2014,F2:MNH\H14,MNH,20140318
MNHJ2014,MNH J2014,F2:MNH\J14,MNH,20140415
MNHK2014,MNH K2014,F2:MNH\K14,MNH,20140519
MNHM2014,MNH M2014,F2:MNH\M14,MNH,20140616
MNHN2014,MNH N2014,F2:MNH\N14,MNH,20140714
MNHQ2014,MNH Q2014,F2:MNH\Q14,MNH,20140818
MNHU2014,MNH U2014,F2:MNH\U14,MNH,20140915
MNHV2014,MNH V2014,F2:MNH\V14,MNH,20141014
MNHX2014,MNH X2014,F2:MNH\X14,MNH,20141118
MNHZ2014,MNH Z2014,F2:MNH\Z14,MNH,20141216
MNHF2015,MNH F2015,F2:MNH\F15,MNH,20150120
MNHG2015,MNH G2015,F2:MNH\G15,MNH,20150217
MNHH2015,MNH H2015,F2:MNH\H15,MNH,20150317
MNHJ2015,MNH J2015,F2:MNH\J15,MNH,20150414
MNHK2015,MNH K2015,F2:MNH\K15,MNH,20150519
MNHM2015,MNH M2015,F2:MNH\M15,MNH,20150616
MNHN2015,MNH N2015,F2:MNH\N15,MNH,20150714
MNHQ2015,MNH Q2015,F2:MNH\Q15,MNH,20150818
MNHU2015,MNH U2015,F2:MNH\U15,MNH,20150915
MNHV2015,MNH V2015,F2:MNH\V15,MNH,20151020
MNHX2015,MNH X2015,F2:MNH\X15,MNH,20151117
MNHZ2015,MNH Z2015,F2:MNH\Z15,MNH,20151215
MNHF2016,MNH F2016,F2:MNH\F16,MNH,20160119
MNHG2016,MNH G2016,F2:MNH\G16,MNH,20160216
MNHH2016,MNH H2016,F2:MNH\H16,MNH,20160315
MNHJ2016,MNH J2016,F2:MNH\J16,MNH,20160419
MNHK2016,MNH K2016,F2:MNH\K16,MNH,20160517
MNHM2016,MNH M2016,F2:MNH\M16,MNH,20160614
MNHN2016,MNH N2016,F2:MNH\N16,MNH,20160719
MNHQ2016,MNH Q2016,F2:MNH\Q16,MNH,20160816
MNHU2016,MNH U2016,F2:MNH\U16,MNH,20160920
MNHV2016,MNH V2016,F2:MNH\V16,MNH,20161017
MNHX2016,MNH X2016,F2:MNH\X16,MNH,20161114
MNHZ2016,MNH Z2016,F2:MNH\Z16,MNH,20161219
MNHF2017,MNH F2017,F2:MNH\F17,MNH,20170113
MNHG2017,MNH G2017,F2:MNH\G17,MNH,20170213
MNHH2017,MNH H2017,F2:MNH\H17,MNH,20170313
MNHJ2017,MNH J2017,F2:MNH\J17,MNH,20170413
MNHK2017,MNH K2017,F2:MNH\K17,MNH,20170515
MNHM2017,MNH M2017,F2:MNH\M17,MNH,20170619
MNHN2017,MNH N2017,F2:MNH\N17,MNH,20170717
MNHQ2017,MNH Q2017,F2:MNH\Q17,MNH,20170814
MNHU2017,MNH U2017,F2:MNH\U17,MNH,20170918
MNHV2017,MNH V2017,F2:MNH\V17,MNH,20171016
MNHX2017,MNH X2017,F2:MNH\X17,MNH,20171113
MNHZ2017,MNH Z2017,F2:MNH\Z17,MNH,20171218
MNHF2018,MNH F2018,F2:MNH\F18,MNH,20180116
MNHG2018,MNH G2018,F2:MNH\G18,MNH,20180215
MNHH2018,MNH H2018,F2:MNH\H18,MNH,20180319
MNHJ2018,MNH J2018,F2:MNH\J18,MNH,20180416
MNHK2018,MNH K2018,F2:MNH\K18,MNH,20180514
MNHM2018,MNH M2018,F2:MNH\M18,MNH,20180615
MNHN2018,MNH N2018,F2:MNH\N18,MNH,20180716
MNHQ2018,MNH Q2018,F2:MNH\Q18,MNH,20180813
MNHU2018,MNH U2018,F2:MNH\U18,MNH,20180917
MNHV2018,MNH V2018,F2:MNH\V18,MNH,20181015
MNHX2018,MNH X2018,F2:MNH\X18,MNH,20181119
MNHZ2018,MNH Z2018,F2:MNH\Z18,MNH,20181217
MNHF2019,MNH F2019,F2:MNH\F19,MNH,20190114
MNHG2019,MNH G2019,F2:MNH\G19,MNH,20190215
MNHH2019,MNH H2019,F2:MNH\H19,MNH,20190318
MNHJ2019,MNH J2019,F2:MNH\J19,MNH,20190430
MNHK2019,MNH K2019,F2:MNH\K19,MNH,20190531
MNHM2019,MNH M2019,F2:MNH\M19,MNH,20190617
MNHN2019,MNH N2019,F2:MNH\N19,MNH,20190715
MNHQ2019,MNH Q2019,F2:MNH\Q19,MNH,20190819
MNHU2019,MNH U2019,F2:MNH\U19,MNH,20190916
MNHV2019,MNH V2019,F2:MNH\V19,MNH,20191014
MNHX2019,MNH X2019,F2:MNH\X19,MNH,20191118
MNHZ2019,MNH Z2019,F2:MNH\Z19,MNH,20191216
MNHF2020,MNH F2020,F2:MNH\F20,MNH,20200113
MNHG2020,MNH G2020,F2:MNH\G20,MNH,20200217
MNHH2020,MNH H2020,F2:MNH\H20,MNH,20200316
MNHJ2020,MNH J2020,F2:MNH\J20,MNH,20200409
MNHK2020,MNH K2020,F2:MNH\K20,MNH,20200518
MNHM2020,MNH M2020,F2:MNH\M20,MNH,20200615
MNHN2020,MNH N2020,F2:MNH\N20,MNH,20200713
MNHQ2020,MNH Q2020,F2:MNH\Q20,MNH,20200817
MNHU2020,MNH U2020,F2:MNH\U20,MNH,20200914
MNHV2020,MNH V2020,F2:MNH\V20,MNH,20201019
MNHX2020,MNH X2020,F2:MNH\X20,MNH,20201116
MNHZ2020,MNH Z2020,F2:MNH\Z20,MNH,20201214
MNHF2021,MNH F2021,F2:MNH\F21,MNH,20210119
MNHG2021,MNH G2021,F2:MNH\G21,MNH,20210211
MNHH2021,MNH H2021,F2:MNH\H21,MNH,20210315
MNHJ2021,MNH J2021,F2:MNH\J21,MNH,20210419
MNHK2021,MNH K2021,F2:MNH\K21,MNH,20210517
MNHM2021,MNH M2021,F2:MNH\M21,MNH,20210611
MNHN2021,MNH N2021,F2:MNH\N21,MNH,20210719
MNHQ2021,MNH Q2021,F2:MNH\Q21,MNH,20210816
MNHU2021,MNH U2021,F2:MNH\U21,MNH,20210913
MNHV2021,MNH V2021,F2:MNH\V21,MNH,20211018
MNHX2021,MNH X2021,F2:MNH\X21,MNH,20211115
MNHZ2021,MNH Z2021,F2:MNH\Z21,MNH,20211213
MNHF2022,MNH F2022,F2:MNH\F22,MNH,20220118
MNHG2022,MNH G2022,F2:MNH\G22,MNH,20220214
MNHH2022,MNH H2022,F2:MNH\H22,MNH,20220314
MNHJ2022,MNH J2022,F2:MNH\J22,MNH,20220414
MNHK2022,MNH K2022,F2:MNH\K22,MNH,20220516
MNHM2022,MNH M2022,F2:MNH\M22,MNH,20220613
MNHN2022,MNH N2022,F2:MNH\N22,MNH,20220718
MNHQ2022,MNH Q2022,F2:MNH\Q22,MNH,20220815
MNHU2022,MNH U2022,F2:MNH\U22,MNH,20220919
MNHV2022,MNH V2022,F2:MNH\V22,MNH,20221017
MNHX2022,MNH X2022,F2:MNH\X22,MNH,20221114
MNHZ2022,MNH Z2022,F2:MNH\Z22,MNH,20221219
MNHF2023,MNH F2023,F2:MNH\F23,MNH,20230117
MNHG2023,MNH G2023,F2:MNH\G23,MNH,20230213
MNHH2023,MNH H2023,F2:MNH\H23,MNH,20230313
MNHJ2023,MNH J2023,F2:MNH\J23,MNH,20230417
MNHK2023,MNH K2023,F2:MNH\K23,MNH,20230515
MNHM2023,MNH M2023,F2:MNH\M23,MNH,20230620
MNHN2023,MNH N2023,F2:MNH\N23,MNH,20230717
MNHQ2023,MNH Q2023,F2:MNH\Q23,MNH,20230814
MNQM2019,MNQ M2019,F2:MNQ\M19,MNQ,20190621
MNQU2019,MNQ U2019,F2:MNQ\U19,MNQ,20190920
MNQZ2019,MNQ Z2019,F2:MNQ\Z19,MNQ,20191220
MNQH2020,MNQ H2020,F2:MNQ\H20,MNQ,20200320
MNQM2020,MNQ M2020,F2:MNQ\M20,MNQ,20200619
MNQU2020,MNQ U2020,F2:MNQ\U20,MNQ,20200918
MNQZ2020,MNQ Z2020,F2:MNQ\Z20,MNQ,20201218
MNQH2021,MNQ H2021,F2:MNQ\H21,MNQ,20210319
MNQM2021,MNQ M2021,F2:MNQ\M21,MNQ,20210618
MNQU2021,MNQ U2021,F2:MNQ\U21,MNQ,20210917
MNQZ2021,MNQ Z2021,F2:MNQ\Z21,MNQ,20211217
MNQH2022,MNQ H2022,F2:MNQ\H22,MNQ,20220318
MNQM2022,MNQ M2022,F2:MNQ\M22,MNQ,20220617
MNQU2022,MNQ U2022,F2:MNQ\U22,MNQ,20220916
MNQZ2022,MNQ Z2022,F2:MNQ\Z22,MNQ,20221216
MNQH2023,MNQ H2023,F2:MNQ\H23,MNQ,20230317
MNQM2023,MNQ M2023,F2:MNQ\M23,MNQ,20230616
MNQU2023,MNQ U2023,F2:MNQ\U23,MNQ,20230915
MSFH2011,MSF H2011,F2:MSF\H11,MSF,20110314
MSFM2011,MSF M2011,F2:MSF\M11,MSF,20110613
MSFU2011,MSF U2011,F2:MSF\U11,MSF,20110919
MSFZ2011,MSF Z2011,F2:MSF\Z11,MSF,20111219
MSFH2012,MSF H2012,F2:MSF\H12,MSF,20120319
MSFM2012,MSF M2012,F2:MSF\M12,MSF,20120618
MSFU2012,MSF U2012,F2:MSF\U12,MSF,20120917
MSFZ2012,MSF Z2012,F2:MSF\Z12,MSF,20121217
MSFH2013,MSF H2013,F2:MSF\H13,MSF,20130318
MSFM2013,MSF M2013,F2:MSF\M13,MSF,20130617
MSFU2013,MSF U2013,F2:MSF\U13,MSF,20130916
MSFZ2013,MSF Z2013,F2:MSF\Z13,MSF,20131216
MSFH2014,MSF H2014,F2:MSF\H14,MSF,20140317
MSFM2014,MSF M2014,F2:MSF\M14,MSF,20140616
MSFU2014,MSF U2014,F2:MSF\U14,MSF,20140915
MSFZ2014,MSF Z2014,F2:MSF\Z14,MSF,20141215
MSFH2015,MSF H2015,F2:MSF\H15,MSF,20150316
MSFM2015,MSF M2015,F2:MSF\M15,MSF,20150615
MSFU2015,MSF U2015,F2:MSF\U15,MSF,20150914
MSFZ2015,MSF Z2015,F2:MSF\Z15,MSF,20151214
MSFH2016,MSF H2016,F2:MSF\H16,MSF,20160314
MSFM2016,MSF M2016,F2:MSF\M16,MSF,20160613
MSFU2016,MSF U2016,F2:MSF\U16,MSF,20160919
MSFZ2016,MSF Z2016,F2:MSF\Z16,MSF,20161219
MSFH2017,MSF H2017,F2:MSF\H17,MSF,20170313
MSFM2017,MSF M2017,F2:MSF\M17,MSF,20170619
MSFU2017,MSF U2017,F2:MSF\U17,MSF,20170918
MSFZ2017,MSF Z2017,F2:MSF\Z17,MSF,20171218
MSFH2018,MSF H2018,F2:MSF\H18,MSF,20180319
MSFM2018,MSF M2018,F2:MSF\M18,MSF,20180618
MSFU2018,MSF U2018,F2:MSF\U18,MSF,20180917
MSFZ2018,MSF Z2018,F2:MSF\Z18,MSF,20181217
MSFH2019,MSF H2019,F2:MSF\H19,MSF,20190318
MSFM2019,MSF M2019,F2:MSF\M19,MSF,20190617
MSFU2019,MSF U2019,F2:MSF\U19,MSF,20190916
MSFZ2019,MSF Z2019,F2:MSF\Z19,MSF,20191216
MSFH2020,MSF H2020,F2:MSF\H20,MSF,20200316
MSFM2020,MSF M2020,F2:MSF\M20,MSF,20200615
MSFU2020,MSF U2020,F2:MSF\U20,MSF,20200914
MSFZ2020,MSF Z2020,F2:MSF\Z20,MSF,20201214
MSFH2021,MSF H2021,F2:MSF\H21,MSF,20210315
MSFM2021,MSF M2021,F2:MSF\M21,MSF,20210614
MSFU2021,MSF U2021,F2:MSF\U21,MSF,20210913
MSFZ2021,MSF Z2021,F2:MSF\Z21,MSF,20211213
MSFH2022,MSF H2022,F2:MSF\H22,MSF,20220314
MSFM2022,MSF M2022,F2:MSF\M22,MSF,20220613
MSFU2022,MSF U2022,F2:MSF\U22,MSF,20220919
MSFZ2022,MSF Z2022,F2:MSF\Z22,MSF,20221219
NQTZ2015,NQT Z2015,F2:NQT\Z15,NQT,20151218
NQTH2016,NQT H2016,F2:NQT\H16,NQT,20160318
NQTM2016,NQT M2016,F2:NQT\M16,NQT,20160617
NQTU2016,NQT U2016,F2:NQT\U16,NQT,20160916
NQTZ2016,NQT Z2016,F2:NQT\Z16,NQT,20161216
NQTH2017,NQT H2017,F2:NQT\H17,NQT,20170317
NQTM2017,NQT M2017,F2:NQT\M17,NQT,20170616
NQTU2017,NQT U2017,F2:NQT\U17,NQT,20170915
NQTZ2017,NQT Z2017,F2:NQT\Z17,NQT,20171215
NQTH2018,NQT H2018,F2:NQT\H18,NQT,20180316
NQTM2018,NQT M2018,F2:NQT\M18,NQT,20180615
NQTU2018,NQT U2018,F2:NQT\U18,NQT,20180921
NQTZ2018,NQT Z2018,F2:NQT\Z18,NQT,20181221
NQTH2019,NQT H2019,F2:NQT\H19,NQT,20190315
NQTM2019,NQT M2019,F2:NQT\M19,NQT,20190621
NQTU2019,NQT U2019,F2:NQT\U19,NQT,20190919
NQTZ2019,NQT Z2019,F2:NQT\Z19,NQT,20191219
NQTH2020,NQT H2020,F2:NQT\H20,NQT,20200319
NQTM2020,NQT M2020,F2:NQT\M20,NQT,20200618
NQTU2020,NQT U2020,F2:NQT\U20,NQT,20200917
NQTZ2020,NQT Z2020,F2:NQT\Z20,NQT,20201217
NQTH2021,NQT H2021,F2:NQT\H21,NQT,20210318
NQTM2021,NQT M2021,F2:NQT\M21,NQT,20210617
NQTU2021,NQT U2021,F2:NQT\U21,NQT,20210916
NQTZ2021,NQT Z2021,F2:NQT\Z21,NQT,20211216
NQTH2022,NQT H2022,F2:NQT\H22,NQT,20220317
NQTM2022,NQT M2022,F2:NQT\M22,NQT,20220616
NQTU2022,NQT U2022,F2:NQT\U22,NQT,20220915
NQTZ2022,NQT Z2022,F2:NQT\Z22,NQT,20221215
NQTH2023,NQT H2023,F2:NQT\H23,NQT,20230316
NQTM2023,NQT M2023,F2:NQT\M23,NQT,20230615
NQTU2023,NQT U2023,F2:NQT\U23,NQT,20230914
NQTZ2023,NQT Z2023,F2:NQT\Z23,NQT,20231214
NQTZ2024,NQT Z2024,F2:NQT\Z24,NQT,20241219
NQTZ2025,NQT Z2025,F2:NQT\Z25,NQT,20251218
NQTZ2026,NQT Z2026,F2:NQT\Z26,NQT,20261217
R1TZ2015,R1T Z2015,F2:R1T\Z15,R1T,20151218
R1TH2016,R1T H2016,F2:R1T\H16,R1T,20160318
R1TM2016,R1T M2016,F2:R1T\M16,R1T,20160617
R1TU2016,R1T U2016,F2:R1T\U16,R1T,20160916
R1TZ2016,R1T Z2016,F2:R1T\Z16,R1T,20161216
R1TH2017,R1T H2017,F2:R1T\H17,R1T,20170316
R1TM2017,R1T M2017,F2:R1T\M17,R1T,20170615
R1TU2017,R1T U2017,F2:R1T\U17,R1T,20170915
R1TZ2017,R1T Z2017,F2:R1T\Z17,R1T,20171215
R1TH2018,R1T H2018,F2:R1T\H18,R1T,20180316
R1TM2018,R1T M2018,F2:R1T\M18,R1T,20180615
R1TU2018,R1T U2018,F2:R1T\U18,R1T,20180921
R1TZ2018,R1T Z2018,F2:R1T\Z18,R1T,20181221
R1TH2019,R1T H2019,F2:R1T\H19,R1T,20190315
R1TM2019,R1T M2019,F2:R1T\M19,R1T,20190621
R1TU2019,R1T U2019,F2:R1T\U19,R1T,20190919
R1TZ2019,R1T Z2019,F2:R1T\Z19,R1T,20191219
R1TH2020,R1T H2020,F2:R1T\H20,R1T,20200319
R1TM2020,R1T M2020,F2:R1T\M20,R1T,20200618
R1TU2020,R1T U2020,F2:R1T\U20,R1T,20200917
R1TZ2020,R1T Z2020,F2:R1T\Z20,R1T,20201217
R1TH2021,R1T H2021,F2:R1T\H21,R1T,20210318
R1TM2021,R1T M2021,F2:R1T\M21,R1T,20210617
R1TU2021,R1T U2021,F2:R1T\U21,R1T,20210916
R1TZ2021,R1T Z2021,F2:R1T\Z21,R1T,20211216
R1TH2022,R1T H2022,F2:R1T\H22,R1T,20220317
R1TM2022,R1T M2022,F2:R1T\M22,R1T,20220616
R1TU2022,R1T U2022,F2:R1T\U22,R1T,20220915
R1TZ2022,R1T Z2022,F2:R1T\Z22,R1T,20221215
R1TH2023,R1T H2023,F2:R1T\H23,R1T,20230316
R1TM2023,R1T M2023,F2:R1T\M23,R1T,20230615
R1TU2023,R1T U2023,F2:R1T\U23,R1T,20230914
R2GU2017,R2G U2017,F2:R2G\U17,R2G,20170915
R2GZ2017,R2G Z2017,F2:R2G\Z17,R2G,20171215
R2GH2018,R2G H2018,F2:R2G\H18,R2G,20180316
R2GM2018,R2G M2018,F2:R2G\M18,R2G,20180615
R2GU2018,R2G U2018,F2:R2G\U18,R2G,20180921
R2GZ2018,R2G Z2018,F2:R2G\Z18,R2G,20181221
R2GH2019,R2G H2019,F2:R2G\H19,R2G,20190315
R2GM2019,R2G M2019,F2:R2G\M19,R2G,20190621
R2GU2019,R2G U2019,F2:R2G\U19,R2G,20190920
R2GZ2019,R2G Z2019,F2:R2G\Z19,R2G,20191220
R2GH2020,R2G H2020,F2:R2G\H20,R2G,20200320
R2GM2020,R2G M2020,F2:R2G\M20,R2G,20200619
R2GU2020,R2G U2020,F2:R2G\U20,R2G,20200918
R2GZ2020,R2G Z2020,F2:R2G\Z20,R2G,20201218
R2GH2021,R2G H2021,F2:R2G\H21,R2G,20210319
R2GM2021,R2G M2021,F2:R2G\M21,R2G,20210618
R2GU2021,R2G U2021,F2:R2G\U21,R2G,20210917
R2GZ2021,R2G Z2021,F2:R2G\Z21,R2G,20211217
R2GH2022,R2G H2022,F2:R2G\H22,R2G,20220318
R2GM2022,R2G M2022,F2:R2G\M22,R2G,20220617
R2GU2022,R2G U2022,F2:R2G\U22,R2G,20220916
R2GZ2022,R2G Z2022,F2:R2G\Z22,R2G,20221216
R2GH2023,R2G H2023,F2:R2G\H23,R2G,20230317
R2GM2023,R2G M2023,F2:R2G\M23,R2G,20230616
R2GU2023,R2G U2023,F2:R2G\U23,R2G,20230915
R2VU2017,R2V U2017,F2:R2V\U17,R2V,20170915
R2VZ2017,R2V Z2017,F2:R2V\Z17,R2V,20171215
R2VH2018,R2V H2018,F2:R2V\H18,R2V,20180316
R2VM2018,R2V M2018,F2:R2V\M18,R2V,20180615
R2VU2018,R2V U2018,F2:R2V\U18,R2V,20180921
R2VZ2018,R2V Z2018,F2:R2V\Z18,R2V,20181221
R2VH2019,R2V H2019,F2:R2V\H19,R2V,20190315
R2VM2019,R2V M2019,F2:R2V\M19,R2V,20190621
R2VU2019,R2V U2019,F2:R2V\U19,R2V,20190920
R2VZ2019,R2V Z2019,F2:R2V\Z19,R2V,20191220
R2VH2020,R2V H2020,F2:R2V\H20,R2V,20200320
R2VM2020,R2V M2020,F2:R2V\M20,R2V,20200619
R2VU2020,R2V U2020,F2:R2V\U20,R2V,20200918
R2VZ2020,R2V Z2020,F2:R2V\Z20,R2V,20201218
R2VH2021,R2V H2021,F2:R2V\H21,R2V,20210319
R2VM2021,R2V M2021,F2:R2V\M21,R2V,20210618
R2VU2021,R2V U2021,F2:R2V\U21,R2V,20210917
R2VZ2021,R2V Z2021,F2:R2V\Z21,R2V,20211217
R2VH2022,R2V H2022,F2:R2V\H22,R2V,20220318
R2VM2022,R2V M2022,F2:R2V\M22,R2V,20220617
R2VU2022,R2V U2022,F2:R2V\U22,R2V,20220916
R2VZ2022,R2V Z2022,F2:R2V\Z22,R2V,20221216
R2VH2023,R2V H2023,F2:R2V\H23,R2V,20230317
R2VM2023,R2V M2023,F2:R2V\M23,R2V,20230616
R2VU2023,R2V U2023,F2:R2V\U23,R2V,20230915
RGTZ2015,RGT Z2015,F2:RGT\Z15,RGT,20151218
RGTH2016,RGT H2016,F2:RGT\H16,RGT,20160318
RGTM2016,RGT M2016,F2:RGT\M16,RGT,20160617
RGTU2016,RGT U2016,F2:RGT\U16,RGT,20160916
RGTZ2016,RGT Z2016,F2:RGT\Z16,RGT,20161216
RGTH2017,RGT H2017,F2:RGT\H17,RGT,20170316
RGTM2017,RGT M2017,F2:RGT\M17,RGT,20170615
RGTU2017,RGT U2017,F2:RGT\U17,RGT,20170915
RGTZ2017,RGT Z2017,F2:RGT\Z17,RGT,20171215
RGTH2018,RGT H2018,F2:RGT\H18,RGT,20180316
RGTM2018,RGT M2018,F2:RGT\M18,RGT,20180615
RGTU2018,RGT U2018,F2:RGT\U18,RGT,20180921
RGTZ2018,RGT Z2018,F2:RGT\Z18,RGT,20181221
RGTH2019,RGT H2019,F2:RGT\H19,RGT,20190315
RGTM2019,RGT M2019,F2:RGT\M19,RGT,20190621
RGTU2019,RGT U2019,F2:RGT\U19,RGT,20190919
RGTZ2019,RGT Z2019,F2:RGT\Z19,RGT,20191219
RGTH2020,RGT H2020,F2:RGT\H20,RGT,20200319
RGTM2020,RGT M2020,F2:RGT\M20,RGT,20200618
RGTU2020,RGT U2020,F2:RGT\U20,RGT,20200917
RGTZ2020,RGT Z2020,F2:RGT\Z20,RGT,20201217
RGTH2021,RGT H2021,F2:RGT\H21,RGT,20210318
RGTM2021,RGT M2021,F2:RGT\M21,RGT,20210617
RGTU2021,RGT U2021,F2:RGT\U21,RGT,20210916
RGTZ2021,RGT Z2021,F2:RGT\Z21,RGT,20211216
RGTH2022,RGT H2022,F2:RGT\H22,RGT,20220317
RGTM2022,RGT M2022,F2:RGT\M22,RGT,20220616
RGTU2022,RGT U2022,F2:RGT\U22,RGT,20220915
RGTZ2022,RGT Z2022,F2:RGT\Z22,RGT,20221215
RGTH2023,RGT H2023,F2:RGT\H23,RGT,20230316
RGTM2023,RGT M2023,F2:RGT\M23,RGT,20230615
RGTU2023,RGT U2023,F2:RGT\U23,RGT,20230914
RLTU2017,RLT U2017,F2:RLT\U17,RLT,20170915
RLTZ2017,RLT Z2017,F2:RLT\Z17,RLT,20171215
RLTH2018,RLT H2018,F2:RLT\H18,RLT,20180316
RLTM2018,RLT M2018,F2:RLT\M18,RLT,20180615
RLTU2018,RLT U2018,F2:RLT\U18,RLT,20180921
RLTZ2018,RLT Z2018,F2:RLT\Z18,RLT,20181221
RLTH2019,RLT H2019,F2:RLT\H19,RLT,20190315
RLTM2019,RLT M2019,F2:RLT\M19,RLT,20190621
RLTU2019,RLT U2019,F2:RLT\U19,RLT,20190919
RLTZ2019,RLT Z2019,F2:RLT\Z19,RLT,20191219
RLTH2020,RLT H2020,F2:RLT\H20,RLT,20200319
RLTM2020,RLT M2020,F2:RLT\M20,RLT,20200618
RLTU2020,RLT U2020,F2:RLT\U20,RLT,20200917
RLTZ2020,RLT Z2020,F2:RLT\Z20,RLT,20201217
RLTH2021,RLT H2021,F2:RLT\H21,RLT,20210318
RLTM2021,RLT M2021,F2:RLT\M21,RLT,20210617
RLTU2021,RLT U2021,F2:RLT\U21,RLT,20210916
RLTZ2021,RLT Z2021,F2:RLT\Z21,RLT,20211216
RLTH2022,RLT H2022,F2:RLT\H22,RLT,20220317
RLTM2022,RLT M2022,F2:RLT\M22,RLT,20220616
RLTU2022,RLT U2022,F2:RLT\U22,RLT,20220915
RLTZ2022,RLT Z2022,F2:RLT\Z22,RLT,20221215
RLTH2023,RLT H2023,F2:RLT\H23,RLT,20230316
RLTM2023,RLT M2023,F2:RLT\M23,RLT,20230615
RLTU2023,RLT U2023,F2:RLT\U23,RLT,20230914
RS1Z2015,RS1 Z2015,F2:RS1\Z15,RS1,20151218
RS1H2016,RS1 H2016,F2:RS1\H16,RS1,20160318
RS1M2016,RS1 M2016,F2:RS1\M16,RS1,20160617
RS1U2016,RS1 U2016,F2:RS1\U16,RS1,20160916
RS1Z2016,RS1 Z2016,F2:RS1\Z16,RS1,20161216
RS1H2017,RS1 H2017,F2:RS1\H17,RS1,20170317
RS1M2017,RS1 M2017,F2:RS1\M17,RS1,20170616
RS1U2017,RS1 U2017,F2:RS1\U17,RS1,20170915
RS1Z2017,RS1 Z2017,F2:RS1\Z17,RS1,20171215
RS1H2018,RS1 H2018,F2:RS1\H18,RS1,20180316
RS1M2018,RS1 M2018,F2:RS1\M18,RS1,20180615
RS1U2018,RS1 U2018,F2:RS1\U18,RS1,20180921
RS1Z2018,RS1 Z2018,F2:RS1\Z18,RS1,20181221
RS1H2019,RS1 H2019,F2:RS1\H19,RS1,20190315
RS1M2019,RS1 M2019,F2:RS1\M19,RS1,20190621
RS1U2019,RS1 U2019,F2:RS1\U19,RS1,20190920
RS1Z2019,RS1 Z2019,F2:RS1\Z19,RS1,20191220
RS1H2020,RS1 H2020,F2:RS1\H20,RS1,20200320
RS1M2020,RS1 M2020,F2:RS1\M20,RS1,20200619
RS1U2020,RS1 U2020,F2:RS1\U20,RS1,20200918
RS1Z2020,RS1 Z2020,F2:RS1\Z20,RS1,20201218
RS1H2021,RS1 H2021,F2:RS1\H21,RS1,20210319
RS1M2021,RS1 M2021,F2:RS1\M21,RS1,20210618
RS1U2021,RS1 U2021,F2:RS1\U21,RS1,20210917
RS1Z2021,RS1 Z2021,F2:RS1\Z21,RS1,20211217
RS1H2022,RS1 H2022,F2:RS1\H22,RS1,20220318
RS1M2022,RS1 M2022,F2:RS1\M22,RS1,20220617
RS1U2022,RS1 U2022,F2:RS1\U22,RS1,20220916
RS1Z2022,RS1 Z2022,F2:RS1\Z22,RS1,20221216
RS1H2023,RS1 H2023,F2:RS1\H23,RS1,20230317
RS1M2023,RS1 M2023,F2:RS1\M23,RS1,20230616
RS1U2023,RS1 U2023,F2:RS1\U23,RS1,20230915
RSGZ2015,RSG Z2015,F2:RSG\Z15,RSG,20151218
RSGH2016,RSG H2016,F2:RSG\H16,RSG,20160318
RSGM2016,RSG M2016,F2:RSG\M16,RSG,20160617
RSGU2016,RSG U2016,F2:RSG\U16,RSG,20160916
RSGZ2016,RSG Z2016,F2:RSG\Z16,RSG,20161216
RSGH2017,RSG H2017,F2:RSG\H17,RSG,20170317
RSGM2017,RSG M2017,F2:RSG\M17,RSG,20170616
RSGU2017,RSG U2017,F2:RSG\U17,RSG,20170915
RSGZ2017,RSG Z2017,F2:RSG\Z17,RSG,20171215
RSGH2018,RSG H2018,F2:RSG\H18,RSG,20180316
RSGM2018,RSG M2018,F2:RSG\M18,RSG,20180615
RSGU2018,RSG U2018,F2:RSG\U18,RSG,20180921
RSGZ2018,RSG Z2018,F2:RSG\Z18,RSG,20181221
RSGH2019,RSG H2019,F2:RSG\H19,RSG,20190315
RSGM2019,RSG M2019,F2:RSG\M19,RSG,20190621
RSGU2019,RSG U2019,F2:RSG\U19,RSG,20190920
RSGZ2019,RSG Z2019,F2:RSG\Z19,RSG,20191220
RSGH2020,RSG H2020,F2:RSG\H20,RSG,20200320
RSGM2020,RSG M2020,F2:RSG\M20,RSG,20200619
RSGU2020,RSG U2020,F2:RSG\U20,RSG,20200918
RSGZ2020,RSG Z2020,F2:RSG\Z20,RSG,20201218
RSGH2021,RSG H2021,F2:RSG\H21,RSG,20210319
RSGM2021,RSG M2021,F2:RSG\M21,RSG,20210618
RSGU2021,RSG U2021,F2:RSG\U21,RSG,20210917
RSGZ2021,RSG Z2021,F2:RSG\Z21,RSG,20211217
RSGH2022,RSG H2022,F2:RSG\H22,RSG,20220318
RSGM2022,RSG M2022,F2:RSG\M22,RSG,20220617
RSGU2022,RSG U2022,F2:RSG\U22,RSG,20220916
RSGZ2022,RSG Z2022,F2:RSG\Z22,RSG,20221216
RSGH2023,RSG H2023,F2:RSG\H23,RSG,20230317
RSGM2023,RSG M2023,F2:RSG\M23,RSG,20230616
RSGU2023,RSG U2023,F2:RSG\U23,RSG,20230915
RSVZ2015,RSV Z2015,F2:RSV\Z15,RSV,20151218
RSVH2016,RSV H2016,F2:RSV\H16,RSV,20160318
RSVM2016,RSV M2016,F2:RSV\M16,RSV,20160617
RSVU2016,RSV U2016,F2:RSV\U16,RSV,20160916
RSVZ2016,RSV Z2016,F2:RSV\Z16,RSV,20161216
RSVH2017,RSV H2017,F2:RSV\H17,RSV,20170317
RSVM2017,RSV M2017,F2:RSV\M17,RSV,20170616
RSVU2017,RSV U2017,F2:RSV\U17,RSV,20170915
RSVZ2017,RSV Z2017,F2:RSV\Z17,RSV,20171215
RSVH2018,RSV H2018,F2:RSV\H18,RSV,20180316
RSVM2018,RSV M2018,F2:RSV\M18,RSV,20180615
RSVU2018,RSV U2018,F2:RSV\U18,RSV,20180921
RSVZ2018,RSV Z2018,F2:RSV\Z18,RSV,20181221
RSVH2019,RSV H2019,F2:RSV\H19,RSV,20190315
RSVM2019,RSV M2019,F2:RSV\M19,RSV,20190621
RSVU2019,RSV U2019,F2:RSV\U19,RSV,20190920
RSVZ2019,RSV Z2019,F2:RSV\Z19,RSV,20191220
RSVH2020,RSV H2020,F2:RSV\H20,RSV,20200320
RSVM2020,RSV M2020,F2:RSV\M20,RSV,20200619
RSVU2020,RSV U2020,F2:RSV\U20,RSV,20200918
RSVZ2020,RSV Z2020,F2:RSV\Z20,RSV,20201218
RSVH2021,RSV H2021,F2:RSV\H21,RSV,20210319
RSVM2021,RSV M2021,F2:RSV\M21,RSV,20210618
RSVU2021,RSV U2021,F2:RSV\U21,RSV,20210917
RSVZ2021,RSV Z2021,F2:RSV\Z21,RSV,20211217
RSVH2022,RSV H2022,F2:RSV\H22,RSV,20220318
RSVM2022,RSV M2022,F2:RSV\M22,RSV,20220617
RSVU2022,RSV U2022,F2:RSV\U22,RSV,20220916
RSVZ2022,RSV Z2022,F2:RSV\Z22,RSV,20221216
RSVH2023,RSV H2023,F2:RSV\H23,RSV,20230317
RSVM2023,RSV M2023,F2:RSV\M23,RSV,20230616
RSVU2023,RSV U2023,F2:RSV\U23,RSV,20230915
RTYU2017,RTY U2017,F2:RTY\U17,RTY,20170915
RTYZ2017,RTY Z2017,F2:RTY\Z17,RTY,20171215
RTYH2018,RTY H2018,F2:RTY\H18,RTY,20180316
RTYM2018,RTY M2018,F2:RTY\M18,RTY,20180615
RTYU2018,RTY U2018,F2:RTY\U18,RTY,20180921
RTYZ2018,RTY Z2018,F2:RTY\Z18,RTY,20181221
RTYH2019,RTY H2019,F2:RTY\H19,RTY,20190315
RTYM2019,RTY M2019,F2:RTY\M19,RTY,20190621
RTYU2019,RTY U2019,F2:RTY\U19,RTY,20190920
RTYZ2019,RTY Z2019,F2:RTY\Z19,RTY,20191220
RTYH2020,RTY H2020,F2:RTY\H20,RTY,20200320
RTYM2020,RTY M2020,F2:RTY\M20,RTY,20200619
RTYU2020,RTY U2020,F2:RTY\U20,RTY,20200918
RTYZ2020,RTY Z2020,F2:RTY\Z20,RTY,20201218
RTYH2021,RTY H2021,F2:RTY\H21,RTY,20210319
RTYM2021,RTY M2021,F2:RTY\M21,RTY,20210618
RTYU2021,RTY U2021,F2:RTY\U21,RTY,20210917
RTYZ2021,RTY Z2021,F2:RTY\Z21,RTY,20211217
RTYH2022,RTY H2022,F2:RTY\H22,RTY,20220318
RTYM2022,RTY M2022,F2:RTY\M22,RTY,20220617
RTYU2022,RTY U2022,F2:RTY\U22,RTY,20220916
RTYZ2022,RTY Z2022,F2:RTY\Z22,RTY,20221216
RTYH2023,RTY H2023,F2:RTY\H23,RTY,20230317
RTYM2023,RTY M2023,F2:RTY\M23,RTY,20230616
RTYU2023,RTY U2023,F2:RTY\U23,RTY,20230915
RVTZ2015,RVT Z2015,F2:RVT\Z15,RVT,20151218
RVTH2016,RVT H2016,F2:RVT\H16,RVT,20160318
RVTM2016,RVT M2016,F2:RVT\M16,RVT,20160617
RVTU2016,RVT U2016,F2:RVT\U16,RVT,20160916
RVTZ2016,RVT Z2016,F2:RVT\Z16,RVT,20161216
RVTH2017,RVT H2017,F2:RVT\H17,RVT,20170316
RVTM2017,RVT M2017,F2:RVT\M17,RVT,20170615
RVTU2017,RVT U2017,F2:RVT\U17,RVT,20170915
RVTZ2017,RVT Z2017,F2:RVT\Z17,RVT,20171215
RVTH2018,RVT H2018,F2:RVT\H18,RVT,20180316
RVTM2018,RVT M2018,F2:RVT\M18,RVT,20180615
RVTU2018,RVT U2018,F2:RVT\U18,RVT,20180921
RVTZ2018,RVT Z2018,F2:RVT\Z18,RVT,20181221
RVTH2019,RVT H2019,F2:RVT\H19,RVT,20190315
RVTM2019,RVT M2019,F2:RVT\M19,RVT,20190621
RVTU2019,RVT U2019,F2:RVT\U19,RVT,20190919
RVTZ2019,RVT Z2019,F2:RVT\Z19,RVT,20191219
RVTH2020,RVT H2020,F2:RVT\H20,RVT,20200319
RVTM2020,RVT M2020,F2:RVT\M20,RVT,20200618
RVTU2020,RVT U2020,F2:RVT\U20,RVT,20200917
RVTZ2020,RVT Z2020,F2:RVT\Z20,RVT,20201217
RVTH2021,RVT H2021,F2:RVT\H21,RVT,20210318
RVTM2021,RVT M2021,F2:RVT\M21,RVT,20210617
RVTU2021,RVT U2021,F2:RVT\U21,RVT,20210916
RVTZ2021,RVT Z2021,F2:RVT\Z21,RVT,20211216
RVTH2022,RVT H2022,F2:RVT\H22,RVT,20220317
RVTM2022,RVT M2022,F2:RVT\M22,RVT,20220616
RVTU2022,RVT U2022,F2:RVT\U22,RVT,20220915
RVTZ2022,RVT Z2022,F2:RVT\Z22,RVT,20221215
RVTH2023,RVT H2023,F2:RVT\H23,RVT,20230316
RVTM2023,RVT M2023,F2:RVT\M23,RVT,20230615
RVTU2023,RVT U2023,F2:RVT\U23,RVT,20230914
TRBZ2016,TRB Z2016,F2:TRB\Z16,TRB,20161216
TRBH2017,TRB H2017,F2:TRB\H17,TRB,20170317
TRBM2017,TRB M2017,F2:TRB\M17,TRB,20170616
TRBU2017,TRB U2017,F2:TRB\U17,TRB,20170915
TRBZ2017,TRB Z2017,F2:TRB\Z17,TRB,20171215
TRBH2018,TRB H2018,F2:TRB\H18,TRB,20180316
TRBM2018,TRB M2018,F2:TRB\M18,TRB,20180615
TRBU2018,TRB U2018,F2:TRB\U18,TRB,20180921
TRBZ2018,TRB Z2018,F2:TRB\Z18,TRB,20181221
TRBH2019,TRB H2019,F2:TRB\H19,TRB,20190315
TRBM2019,TRB M2019,F2:TRB\M19,TRB,20190621
TRBQ2019,TRB Q2019,F2:TRB\Q19,TRB,20190815
TRBU2019,TRB U2019,F2:TRB\U19,TRB,20190919
TRBV2019,TRB V2019,F2:TRB\V19,TRB,20191017
TRBX2019,TRB X2019,F2:TRB\X19,TRB,20191114
TRBZ2019,TRB Z2019,F2:TRB\Z19,TRB,20191219
TRBF2020,TRB F2020,F2:TRB\F20,TRB,20200116
TRBG2020,TRB G2020,F2:TRB\G20,TRB,20200220
TRBH2020,TRB H2020,F2:TRB\H20,TRB,20200319
TRBJ2020,TRB J2020,F2:TRB\J20,TRB,20200416
TRBK2020,TRB K2020,F2:TRB\K20,TRB,20200514
TRBM2020,TRB M2020,F2:TRB\M20,TRB,20200618
TRBN2020,TRB N2020,F2:TRB\N20,TRB,20200716
TRBQ2020,TRB Q2020,F2:TRB\Q20,TRB,20200820
TRBU2020,TRB U2020,F2:TRB\U20,TRB,20200917
TRBV2020,TRB V2020,F2:TRB\V20,TRB,20201015
TRBX2020,TRB X2020,F2:TRB\X20,TRB,20201119
TRBZ2020,TRB Z2020,F2:TRB\Z20,TRB,20201217
TRBF2021,TRB F2021,F2:TRB\F21,TRB,20210114
TRBG2021,TRB G2021,F2:TRB\G21,TRB,20210218
TRBH2021,TRB H2021,F2:TRB\H21,TRB,20210318
TRBJ2021,TRB J2021,F2:TRB\J21,TRB,20210415
TRBK2021,TRB K2021,F2:TRB\K21,TRB,20210520
TRBM2021,TRB M2021,F2:TRB\M21,TRB,20210617
TRBN2021,TRB N2021,F2:TRB\N21,TRB,20210715
TRBQ2021,TRB Q2021,F2:TRB\Q21,TRB,20210819
TRBU2021,TRB U2021,F2:TRB\U21,TRB,20210916
TRBV2021,TRB V2021,F2:TRB\V21,TRB,20211014
TRBX2021,TRB X2021,F2:TRB\X21,TRB,20211118
TRBZ2021,TRB Z2021,F2:TRB\Z21,TRB,20211216
TRBF2022,TRB F2022,F2:TRB\F22,TRB,20220120
TRBG2022,TRB G2022,F2:TRB\G22,TRB,20220217
TRBH2022,TRB H2022,F2:TRB\H22,TRB,20220317
TRBJ2022,TRB J2022,F2:TRB\J22,TRB,20220414
TRBK2022,TRB K2022,F2:TRB\K22,TRB,20220519
TRBM2022,TRB M2022,F2:TRB\M22,TRB,20220616
TRBN2022,TRB N2022,F2:TRB\N22,TRB,20220714
TRBQ2022,TRB Q2022,F2:TRB\Q22,TRB,20220818
TRBU2022,TRB U2022,F2:TRB\U22,TRB,20220915
TRBV2022,TRB V2022,F2:TRB\V22,TRB,20221020
TRBX2022,TRB X2022,F2:TRB\X22,TRB,20221117
TRBZ2022,TRB Z2022,F2:TRB\Z22,TRB,20221215
TRBF2023,TRB F2023,F2:TRB\F23,TRB,20230119
TRBG2023,TRB G2023,F2:TRB\G23,TRB,20230216
TRBH2023,TRB H2023,F2:TRB\H23,TRB,20230316
TRBM2023,TRB M2023,F2:TRB\M23,TRB,20230615
TRBU2023,TRB U2023,F2:TRB\U23,TRB,20230914
TRBZ2023,TRB Z2023,F2:TRB\Z23,TRB,20231214
TRBH2024,TRB H2024,F2:TRB\H24,TRB,20240314
TRBM2024,TRB M2024,F2:TRB\M24,TRB,20240620
TRBU2024,TRB U2024,F2:TRB\U24,TRB,20240919
TRBZ2024,TRB Z2024,F2:TRB\Z24,TRB,20241219
TRBH2025,TRB H2025,F2:TRB\H25,TRB,20250320
TRBM2025,TRB M2025,F2:TRB\M25,TRB,20250618
TRBU2025,TRB U2025,F2:TRB\U25,TRB,20250918
TRBZ2025,TRB Z2025,F2:TRB\Z25,TRB,20251218
TRBZ2026,TRB Z2026,F2:TRB\Z26,TRB,20261217
TRBZ2027,TRB Z2027,F2:TRB\Z27,TRB,20271216
TRBZ2028,TRB Z2028,F2:TRB\Z28,TRB,20281214
XARU2016,MAR U2016,F2:XAR\U16,XAR,20160916
XARZ2016,MAR Z2016,F2:XAR\Z16,XAR,20161216
XARH2017,MAR H2017,F2:XAR\H17,XAR,20170317
XARM2017,MAR M2017,F2:XAR\M17,XAR,20170616
XARU2017,MAR U2017,F2:XAR\U17,XAR,20170915
XARZ2017,MAR Z2017,F2:XAR\Z17,XAR,20171215
XARH2018,MAR H2018,F2:XAR\H18,XAR,20180316
XARM2018,MAR M2018,F2:XAR\M18,XAR,20180615
XARU2018,MAR U2018,F2:XAR\U18,XAR,20180921
XARZ2018,MAR Z2018,F2:XAR\Z18,XAR,20181221
XARH2019,MAR H2019,F2:XAR\H19,XAR,20190315
XARM2019,MAR M2019,F2:XAR\M19,XAR,20190621
XARU2019,MAR U2019,F2:XAR\U19,XAR,20190920
XARZ2019,MAR Z2019,F2:XAR\Z19,XAR,20191220
XARH2020,MAR H2020,F2:XAR\H20,XAR,20200320
XARM2020,MAR M2020,F2:XAR\M20,XAR,20200619
XARU2020,MAR U2020,F2:XAR\U20,XAR,20200918
XARZ2020,MAR Z2020,F2:XAR\Z20,XAR,20201218
XARH2021,MAR H2021,F2:XAR\H21,XAR,20210319
XARM2021,MAR M2021,F2:XAR\M21,XAR,20210618
XARU2021,MAR U2021,F2:XAR\U21,XAR,20210917
XARZ2021,MAR Z2021,F2:XAR\Z21,XAR,20211217
XARH2022,MAR H2022,F2:XAR\H22,XAR,20220318
XARM2022,MAR M2022,F2:XAR\M22,XAR,20220617
XARU2022,MAR U2022,F2:XAR\U22,XAR,20220916
XARZ2022,MAR Z2022,F2:XAR\Z22,XAR,20221216
XARH2023,MAR H2023,F2:XAR\H23,XAR,20230317
XARM2023,MAR M2023,F2:XAR\M23,XAR,20230616
XARU2023,MAR U2023,F2:XAR\U23,XAR,20230915
XAZU2018,XAZ U2018,F2:XAZ\U18,XAZ,20180921
XAZZ2018,XAZ Z2018,F2:XAZ\Z18,XAZ,20181221
XAZH2019,XAZ H2019,F2:XAZ\H19,XAZ,20190315
XAZM2019,XAZ M2019,F2:XAZ\M19,XAZ,20190621
XAZU2019,XAZ U2019,F2:XAZ\U19,XAZ,20190920
XAZZ2019,XAZ Z2019,F2:XAZ\Z19,XAZ,20191220
XAZH2020,XAZ H2020,F2:XAZ\H20,XAZ,20200320
XAZM2020,XAZ M2020,F2:XAZ\M20,XAZ,20200619
XAZU2020,XAZ U2020,F2:XAZ\U20,XAZ,20200918
XAZZ2020,XAZ Z2020,F2:XAZ\Z20,XAZ,20201218
XAZH2021,XAZ H2021,F2:XAZ\H21,XAZ,20210319
XAZM2021,XAZ M2021,F2:XAZ\M21,XAZ,20210618
XAZU2021,XAZ U2021,F2:XAZ\U21,XAZ,20210917
XAZZ2021,XAZ Z2021,F2:XAZ\Z21,XAZ,20211217
XAZH2022,XAZ H2022,F2:XAZ\H22,XAZ,20220318
XAZM2022,XAZ M2022,F2:XAZ\M22,XAZ,20220617
XAZU2022,XAZ U2022,F2:XAZ\U22,XAZ,20220916
XAZZ2022,XAZ Z2022,F2:XAZ\Z22,XAZ,20221216
XAZH2023,XAZ H2023,F2:XAZ\H23,XAZ,20230317
XAZM2023,XAZ M2023,F2:XAZ\M23,XAZ,20230616
XAZU2023,XAZ U2023,F2:XAZ\U23,XAZ,20230915
XBTM2018,MBT M2018,F2:XBT\M18,XBT,20180614
XBTU2018,MBT U2018,F2:XBT\U18,XBT,20180921
XBTZ2018,MBT Z2018,F2:XBT\Z18,XBT,20181221
XBTH2019,MBT H2019,F2:XBT\H19,XBT,20190315
XBTM2019,MBT M2019,F2:XBT\M19,XBT,20190621
XBTU2019,MBT U2019,F2:XBT\U19,XBT,20190919
XBTZ2019,MBT Z2019,F2:XBT\Z19,XBT,20191219
XBTH2020,MBT H2020,F2:XBT\H20,XBT,20200319
XBTM2020,MBT M2020,F2:XBT\M20,XBT,20200618
XBTU2020,MBT U2020,F2:XBT\U20,XBT,20200917
XBTZ2020,MBT Z2020,F2:XBT\Z20,XBT,20201217
XBTH2021,MBT H2021,F2:XBT\H21,XBT,20210318
XBTM2021,MBT M2021,F2:XBT\M21,XBT,20210628
XBTU2021,MBT U2021,F2:XBT\U21,XBT,20210927
XBTZ2021,MBT Z2021,F2:XBT\Z21,XBT,20220103
XBTH2022,MBT H2022,F2:XBT\H22,XBT,20220328
XBTM2022,MBT M2022,F2:XBT\M22,XBT,20220627
XBTU2022,MBT U2022,F2:XBT\U22,XBT,20220915
XBTZ2022,MBT Z2022,F2:XBT\Z22,XBT,20221215
XBTH2023,MBT H2023,F2:XBT\H23,XBT,20230316
XBTM2023,MBT M2023,F2:XBT\M23,XBT,20230615
XBTU2023,MBT U2023,F2:XBT\U23,XBT,20230914
XETM2018,MET M2018,F2:XET\M18,XET,20180614
XETU2018,MET U2018,F2:XET\U18,XET,20180921
XETZ2018,MET Z2018,F2:XET\Z18,XET,20181221
XETH2019,MET H2019,F2:XET\H19,XET,20190315
XETM2019,MET M2019,F2:XET\M19,XET,20190621
XETU2019,MET U2019,F2:XET\U19,XET,20190919
XETZ2019,MET Z2019,F2:XET\Z19,XET,20191219
XETH2020,MET H2020,F2:XET\H20,XET,20200319
XETM2020,MET M2020,F2:XET\M20,XET,20200618
XETU2020,MET U2020,F2:XET\U20,XET,20200917
XETZ2020,MET Z2020,F2:XET\Z20,XET,20201217
XETH2021,MET H2021,F2:XET\H21,XET,20210318
XETM2021,MET M2021,F2:XET\M21,XET,20210617
XETU2021,MET U2021,F2:XET\U21,XET,20210916
XETZ2021,MET Z2021,F2:XET\Z21,XET,20220103
XETH2022,MET H2022,F2:XET\H22,XET,20220328
XETM2022,MET M2022,F2:XET\M22,XET,20220627
XETU2022,MET U2022,F2:XET\U22,XET,20220915
XETZ2022,MET Z2022,F2:XET\Z22,XET,20221215
XETH2023,MET H2023,F2:XET\H23,XET,20230316
XETM2023,MET M2023,F2:XET\M23,XET,20230615
XETU2023,MET U2023,F2:XET\U23,XET,20230914
XFTM2018,XFT M2018,F2:XFT\M18,XFT,20180614
XFTU2018,XFT U2018,F2:XFT\U18,XFT,20180921
XFTZ2018,XFT Z2018,F2:XFT\Z18,XFT,20181221
XFTH2019,XFT H2019,F2:XFT\H19,XFT,20190315
XFTM2019,XFT M2019,F2:XFT\M19,XFT,20190621
XFTU2019,XFT U2019,F2:XFT\U19,XFT,20190919
XFTZ2019,XFT Z2019,F2:XFT\Z19,XFT,20191219
XFTH2020,XFT H2020,F2:XFT\H20,XFT,20200319
XFTM2020,XFT M2020,F2:XFT\M20,XFT,20200618
XFTU2020,XFT U2020,F2:XFT\U20,XFT,20200917
XFTZ2020,XFT Z2020,F2:XFT\Z20,XFT,20201217
XFTH2021,XFT H2021,F2:XFT\H21,XFT,20210318
XFTM2021,XFT M2021,F2:XFT\M21,XFT,20210617
XFTU2021,XFT U2021,F2:XFT\U21,XFT,20210916
XFTZ2021,XFT Z2021,F2:XFT\Z21,XFT,20211216
XFTH2022,XFT H2022,F2:XFT\H22,XFT,20220317
XFTM2022,XFT M2022,F2:XFT\M22,XFT,20220616
XFTU2022,XFT U2022,F2:XFT\U22,XFT,20220915
XFTZ2022,XFT Z2022,F2:XFT\Z22,XFT,20221215
XFTH2023,XFT H2023,F2:XFT\H23,XFT,20230316
XFTM2023,XFT M2023,F2:XFT\M23,XFT,20230615
XFTU2023,XFT U2023,F2:XFT\U23,XFT,20230914
XITM2018,MIT M2018,F2:XIT\M18,XIT,20180614
XITU2018,MIT U2018,F2:XIT\U18,XIT,20180921
XITZ2018,MIT Z2018,F2:XIT\Z18,XIT,20181221
XITH2019,MIT H2019,F2:XIT\H19,XIT,20190315
XITM2019,MIT M2019,F2:XIT\M19,XIT,20190621
XITU2019,MIT U2019,F2:XIT\U19,XIT,20190919
XITZ2019,MIT Z2019,F2:XIT\Z19,XIT,20191219
XITH2020,MIT H2020,F2:XIT\H20,XIT,20200319
XITM2020,MIT M2020,F2:XIT\M20,XIT,20200618
XITU2020,MIT U2020,F2:XIT\U20,XIT,20200917
XITZ2020,MIT Z2020,F2:XIT\Z20,XIT,20201217
XITH2021,MIT H2021,F2:XIT\H21,XIT,20210318
XITM2021,MIT M2021,F2:XIT\M21,XIT,20210617
XITU2021,MIT U2021,F2:XIT\U21,XIT,20210916
XITZ2021,MIT Z2021,F2:XIT\Z21,XIT,20211216
XITH2022,MIT H2022,F2:XIT\H22,XIT,20220317
XITM2022,MIT M2022,F2:XIT\M22,XIT,20220616
XITU2022,MIT U2022,F2:XIT\U22,XIT,20220915
XITZ2022,MIT Z2022,F2:XIT\Z22,XIT,20221215
XITH2023,MIT H2023,F2:XIT\H23,XIT,20230316
XITM2023,MIT M2023,F2:XIT\M23,XIT,20230615
XITU2023,MIT U2023,F2:XIT\U23,XIT,20230914
XKTZ2010,XKT Z2010,F2:XKT\Z10,XKT,20101130
XKTZ2011,XKT Z2011,F2:XKT\Z11,XKT,20111130
XKTZ2012,XKT Z2012,F2:XKT\Z12,XKT,20121130
XKTM2018,XKT M2018,F2:XKT\M18,XKT,20180614
XKTU2018,XKT U2018,F2:XKT\U18,XKT,20180921
XKTZ2018,XKT Z2018,F2:XKT\Z18,XKT,20181221
XKTH2019,XKT H2019,F2:XKT\H19,XKT,20190315
XKTM2019,XKT M2019,F2:XKT\M19,XKT,20190621
XKTU2019,XKT U2019,F2:XKT\U19,XKT,20190919
XKTZ2019,XKT Z2019,F2:XKT\Z19,XKT,20191219
XKTH2020,XKT H2020,F2:XKT\H20,XKT,20200319
XKTM2020,XKT M2020,F2:XKT\M20,XKT,20200618
XKTU2020,XKT U2020,F2:XKT\U20,XKT,20200917
XKTZ2020,XKT Z2020,F2:XKT\Z20,XKT,20201217
XKTH2021,XKT H2021,F2:XKT\H21,XKT,20210318
XKTM2021,XKT M2021,F2:XKT\M21,XKT,20210617
XKTU2021,XKT U2021,F2:XKT\U21,XKT,20210916
XKTZ2021,XKT Z2021,F2:XKT\Z21,XKT,20211216
XKTH2022,XKT H2022,F2:XKT\H22,XKT,20220317
XKTM2022,XKT M2022,F2:XKT\M22,XKT,20220616
XKTU2022,XKT U2022,F2:XKT\U22,XKT,20220915
XKTZ2022,XKT Z2022,F2:XKT\Z22,XKT,20221215
XKTH2023,XKT H2023,F2:XKT\H23,XKT,20230316
XKTM2023,XKT M2023,F2:XKT\M23,XKT,20230615
XKTU2023,XKT U2023,F2:XKT\U23,XKT,20230914
XPTM2018,XPT M2018,F2:XPT\M18,XPT,20180614
XPTU2018,XPT U2018,F2:XPT\U18,XPT,20180921
XPTZ2018,XPT Z2018,F2:XPT\Z18,XPT,20181221
XPTH2019,XPT H2019,F2:XPT\H19,XPT,20190315
XPTM2019,XPT M2019,F2:XPT\M19,XPT,20190621
XPTU2019,XPT U2019,F2:XPT\U19,XPT,20190919
XPTZ2019,XPT Z2019,F2:XPT\Z19,XPT,20191219
XPTH2020,XPT H2020,F2:XPT\H20,XPT,20200319
XPTM2020,XPT M2020,F2:XPT\M20,XPT,20200618
XPTU2020,XPT U2020,F2:XPT\U20,XPT,20200917
XPTZ2020,XPT Z2020,F2:XPT\Z20,XPT,20201217
XPTH2021,XPT H2021,F2:XPT\H21,XPT,20210318
XPTM2021,XPT M2021,F2:XPT\M21,XPT,20210617
XPTU2021,XPT U2021,F2:XPT\U21,XPT,20210916
XPTZ2021,XPT Z2021,F2:XPT\Z21,XPT,20211216
XPTH2022,XPT H2022,F2:XPT\H22,XPT,20220317
XPTM2022,XPT M2022,F2:XPT\M22,XPT,20220616
XPTU2022,XPT U2022,F2:XPT\U22,XPT,20220915
XPTZ2022,XPT Z2022,F2:XPT\Z22,XPT,20221215
XPTH2023,XPT H2023,F2:XPT\H23,XPT,20230316
XPTM2023,XPT M2023,F2:XPT\M23,XPT,20230615
XPTU2023,XPT U2023,F2:XPT\U23,XPT,20230914
XPTZ2023,XPT Z2023,F2:XPT\Z23,XPT,20231214
XRTM2018,MRT M2018,F2:XRT\M18,XRT,20180614
XRTU2018,MRT U2018,F2:XRT\U18,XRT,20180921
XRTZ2018,MRT Z2018,F2:XRT\Z18,XRT,20181221
XRTH2019,MRT H2019,F2:XRT\H19,XRT,20190315
XRTM2019,MRT M2019,F2:XRT\M19,XRT,20190621
XRTU2019,MRT U2019,F2:XRT\U19,XRT,20190919
XRTZ2019,MRT Z2019,F2:XRT\Z19,XRT,20191219
XRTH2020,MRT H2020,F2:XRT\H20,XRT,20200319
XRTM2020,MRT M2020,F2:XRT\M20,XRT,20200618
XRTU2020,MRT U2020,F2:XRT\U20,XRT,20200917
XRTZ2020,MRT Z2020,F2:XRT\Z20,XRT,20201217
XRTH2021,MRT H2021,F2:XRT\H21,XRT,20210318
XRTM2021,MRT M2021,F2:XRT\M21,XRT,20210617
XRTU2021,MRT U2021,F2:XRT\U21,XRT,20210916
XRTZ2021,MRT Z2021,F2:XRT\Z21,XRT,20211216
XRTH2022,MRT H2022,F2:XRT\H22,XRT,20220317
XRTM2022,MRT M2022,F2:XRT\M22,XRT,20220616
XRTU2022,MRT U2022,F2:XRT\U22,XRT,20220915
XRTZ2022,MRT Z2022,F2:XRT\Z22,XRT,20221215
XRTH2023,MRT H2023,F2:XRT\H23,XRT,20230316
XRTM2023,MRT M2023,F2:XRT\M23,XRT,20230615
XRTU2023,MRT U2023,F2:XRT\U23,XRT,20230914
XUTM2018,MUT M2018,F2:XUT\M18,XUT,20180614
XUTU2018,MUT U2018,F2:XUT\U18,XUT,20180921
XUTZ2018,MUT Z2018,F2:XUT\Z18,XUT,20181221
XUTH2019,MUT H2019,F2:XUT\H19,XUT,20190315
XUTM2019,MUT M2019,F2:XUT\M19,XUT,20190621
XUTU2019,MUT U2019,F2:XUT\U19,XUT,20190919
XUTZ2019,MUT Z2019,F2:XUT\Z19,XUT,20191219
XUTH2020,MUT H2020,F2:XUT\H20,XUT,20200319
XUTM2020,MUT M2020,F2:XUT\M20,XUT,20200618
XUTU2020,MUT U2020,F2:XUT\U20,XUT,20200917
XUTZ2020,MUT Z2020,F2:XUT\Z20,XUT,20201217
XUTH2021,MUT H2021,F2:XUT\H21,XUT,20210318
XUTM2021,MUT M2021,F2:XUT\M21,XUT,20210617
XUTU2021,MUT U2021,F2:XUT\U21,XUT,20210916
XUTZ2021,MUT Z2021,F2:XUT\Z21,XUT,20211216
XUTH2022,MUT H2022,F2:XUT\H22,XUT,20220317
XUTM2022,MUT M2022,F2:XUT\M22,XUT,20220616
XUTU2022,MUT U2022,F2:XUT\U22,XUT,20220915
XUTZ2022,MUT Z2022,F2:XUT\Z22,XUT,20221215
XUTH2023,MUT H2023,F2:XUT\H23,XUT,20230316
XUTM2023,MUT M2023,F2:XUT\M23,XUT,20230615
XUTU2023,MUT U2023,F2:XUT\U23,XUT,20230914
XVTM2018,MVT M2018,F2:XVT\M18,XVT,20180614
XVTU2018,MVT U2018,F2:XVT\U18,XVT,20180921
XVTZ2018,MVT Z2018,F2:XVT\Z18,XVT,20181221
XVTH2019,MVT H2019,F2:XVT\H19,XVT,20190315
XVTM2019,MVT M2019,F2:XVT\M19,XVT,20190621
XVTU2019,MVT U2019,F2:XVT\U19,XVT,20190919
XVTZ2019,MVT Z2019,F2:XVT\Z19,XVT,20191219
XVTH2020,MVT H2020,F2:XVT\H20,XVT,20200319
XVTM2020,MVT M2020,F2:XVT\M20,XVT,20200618
XVTU2020,MVT U2020,F2:XVT\U20,XVT,20200917
XVTZ2020,MVT Z2020,F2:XVT\Z20,XVT,20201217
XVTH2021,MVT H2021,F2:XVT\H21,XVT,20210318
XVTM2021,MVT M2021,F2:XVT\M21,XVT,20210617
XVTU2021,MVT U2021,F2:XVT\U21,XVT,20210916
XVTZ2021,MVT Z2021,F2:XVT\Z21,XVT,20211216
XVTH2022,MVT H2022,F2:XVT\H22,XVT,20220318
XVTM2022,MVT M2022,F2:XVT\M22,XVT,20220617
XVTU2022,MVT U2022,F2:XVT\U22,XVT,20220915
XVTZ2022,MVT Z2022,F2:XVT\Z22,XVT,20221215
XVTH2023,MVT H2023,F2:XVT\H23,XVT,20230316
XVTM2023,MVT M2023,F2:XVT\M23,XVT,20230615
XVTU2023,MVT U2023,F2:XVT\U23,XVT,20230914
XYTM2018,XYT M2018,F2:XYT\M18,XYT,20180614
XYTU2018,XYT U2018,F2:XYT\U18,XYT,20180921
XYTZ2018,XYT Z2018,F2:XYT\Z18,XYT,20181221
XYTH2019,XYT H2019,F2:XYT\H19,XYT,20190315
XYTM2019,XYT M2019,F2:XYT\M19,XYT,20190621
XYTU2019,XYT U2019,F2:XYT\U19,XYT,20190919
XYTZ2019,XYT Z2019,F2:XYT\Z19,XYT,20191219
XYTH2020,XYT H2020,F2:XYT\H20,XYT,20200319
XYTM2020,XYT M2020,F2:XYT\M20,XYT,20200618
XYTU2020,XYT U2020,F2:XYT\U20,XYT,20200917
XYTZ2020,XYT Z2020,F2:XYT\Z20,XYT,20201217
XYTH2021,XYT H2021,F2:XYT\H21,XYT,20210318
XYTM2021,XYT M2021,F2:XYT\M21,XYT,20210617
XYTU2021,XYT U2021,F2:XYT\U21,XYT,20210916
XYTZ2021,XYT Z2021,F2:XYT\Z21,XYT,20211216
XYTH2022,XYT H2022,F2:XYT\H22,XYT,20220317
XYTM2022,XYT M2022,F2:XYT\M22,XYT,20220616
XYTU2022,XYT U2022,F2:XYT\U22,XYT,20220915
XYTZ2022,XYT Z2022,F2:XYT\Z22,XYT,20221215
XYTH2023,XYT H2023,F2:XYT\H23,XYT,20230316
XYTM2023,XYT M2023,F2:XYT\M23,XYT,20230615
XYTU2023,XYT U2023,F2:XYT\U23,XYT,20230914
XZTM2019,XZT M2019,F2:XZT\M19,XZT,20190630
XZTU2019,XZT U2019,F2:XZT\U19,XZT,20190919
XZTZ2019,XZT Z2019,F2:XZT\Z19,XZT,20191219
XZTH2020,XZT H2020,F2:XZT\H20,XZT,20200319
XZTM2020,XZT M2020,F2:XZT\M20,XZT,20200618
XZTU2020,XZT U2020,F2:XZT\U20,XZT,20200917
XZTZ2020,XZT Z2020,F2:XZT\Z20,XZT,20201217
XZTH2021,XZT H2021,F2:XZT\H21,XZT,20210318
XZTM2021,XZT M2021,F2:XZT\M21,XZT,20210617
XZTU2021,XZT U2021,F2:XZT\U21,XZT,20210916
XZTZ2021,XZT Z2021,F2:XZT\Z21,XZT,20211216
XZTH2022,XZT H2022,F2:XZT\H22,XZT,20220317
XZTM2022,XZT M2022,F2:XZT\M22,XZT,20220616
XZTU2022,XZT U2022,F2:XZT\U22,XZT,20220915
XZTZ2022,XZT Z2022,F2:XZT\Z22,XZT,20221215
XZTH2023,XZT H2023,F2:XZT\H23,XZT,20230316
XZTM2023,XZT M2023,F2:XZT\M23,XZT,20230615
XZTU2023,XZT U2023,F2:XZT\U23,XZT,20230914
