GSP20Z2022,GSP 2022Z20,F2:GSP\Z2220,GSP,20221216
GSP21Z2022,GSP 2022Z21,F2:GSP\Z2221,GSP,20221219
GSP22Z2022,GSP 2022Z22,F2:GSP\Z2222,GSP,20221220
GSP23Z2022,GSP 2022Z23,F2:GSP\Z2223,GSP,20221221
GSP28Z2022,GSP 2022Z28,F2:GSP\Z2228,GSP,20221222
GSP29Z2022,GSP 2022Z29,F2:GSP\Z2229,GSP,20221223
GSP30Z2022,GSP 2022Z30,F2:GSP\Z2230,GSP,20221228
GSP03F2023,GSP 2023F03,F2:GSP\F2303,GSP,20221229
GSP04F2023,GSP 2023F04,F2:GSP\F2304,GSP,20221230
GSP05F2023,GSP 2023F05,F2:GSP\F2305,GSP,20230103
GSP06F2023,GSP 2023F06,F2:GSP\F2306,GSP,20230104
GSP09F2023,GSP 2023F09,F2:GSP\F2309,GSP,20230105
GSP10F2023,GSP 2023F10,F2:GSP\F2310,GSP,20230106
GSP11F2023,GSP 2023F11,F2:GSP\F2311,GSP,20230109
GSP12F2023,GSP 2023F12,F2:GSP\F2312,GSP,20230110
GSP13F2023,GSP 2023F13,F2:GSP\F2313,GSP,20230111
GSP17F2023,GSP 2023F17,F2:GSP\F2317,GSP,20230117
SSP20Z2022,SSP 2022Z20,F2:SSP\Z2220,SSP,20221216
SSP21Z2022,SSP 2022Z21,F2:SSP\Z2221,SSP,20221219
SSP22Z2022,SSP 2022Z22,F2:SSP\Z2222,SSP,20221220
SSP23Z2022,SSP 2022Z23,F2:SSP\Z2223,SSP,20221221
SSP28Z2022,SSP 2022Z28,F2:SSP\Z2228,SSP,20221222
SSP29Z2022,SSP 2022Z29,F2:SSP\Z2229,SSP,20221223
SSP30Z2022,SSP 2022Z30,F2:SSP\Z2230,SSP,20221228
SSP03F2023,SSP 2023F03,F2:SSP\F2303,SSP,20221229
SSP04F2023,SSP 2023F04,F2:SSP\F2304,SSP,20221230
SSP05F2023,SSP 2023F05,F2:SSP\F2305,SSP,20230103
SSP06F2023,SSP 2023F06,F2:SSP\F2306,SSP,20230104
SSP09F2023,SSP 2023F09,F2:SSP\F2309,SSP,20230105
SSP10F2023,SSP 2023F10,F2:SSP\F2310,SSP,20230106
SSP11F2023,SSP 2023F11,F2:SSP\F2311,SSP,20230109
SSP12F2023,SSP 2023F12,F2:SSP\F2312,SSP,20230110
SSP13F2023,SSP 2023F13,F2:SSP\F2313,SSP,20230111
SSP17F2023,SSP 2023F17,F2:SSP\F2317,SSP,20230117
