G323K2026,G301 2026K23-EEG,F:G323\K26,G3,20260525
G324K2026,G301 2026K24-EEG,F:G324\K26,G3,20260525
G325K2026,G301 2026K25-EEG,F:G325\K26,G3,20260525
G326K2026,G301 2026K26-EEG,F:G326\K26,G3,20260526
G327K2026,G301 2026K27-EEG,F:G327\K26,G3,20260527
G328K2026,G301 2026K28-EEG,F:G328\K26,G3,20260528
G329K2026,G301 2026K29-EEG,F:G329\K26,G3,20260529
G301M2026,G301 2026M01-EEG,F:G301\M26,G3,20260601
G332M2026,G301 2026M32-EEG,F:G332\M26,G3,20260601
G333M2026,G301 2026M33-EEG,F:G333\M26,G3,20260601
G302M2026,G301 2026M02-EEG,F:G302\M26,G3,20260602
G303M2026,G301 2026M03-EEG,F:G303\M26,G3,20260603
G304M2026,G301 2026M04-EEG,F:G304\M26,G3,20260604
G305M2026,G301 2026M05-EEG,F:G305\M26,G3,20260605
G306M2026,G301 2026M06-EEG,F:G306\M26,G3,20260608
G307M2026,G301 2026M07-EEG,F:G307\M26,G3,20260608
G308M2026,G301 2026M08-EEG,F:G308\M26,G3,20260608
G309M2026,G301 2026M09-EEG,F:G309\M26,G3,20260609
G310M2026,G301 2026M10-EEG,F:G310\M26,G3,20260610
G311M2026,G301 2026M11-EEG,F:G311\M26,G3,20260611
G312M2026,G301 2026M12-EEG,F:G312\M26,G3,20260612
G313M2026,G301 2026M13-EEG,F:G313\M26,G3,20260615
G314M2026,G301 2026M14-EEG,F:G314\M26,G3,20260615
G315M2026,G301 2026M15-EEG,F:G315\M26,G3,20260615
G316M2026,G301 2026M16-EEG,F:G316\M26,G3,20260616
G317M2026,G301 2026M17-EEG,F:G317\M26,G3,20260617
G318M2026,G301 2026M18-EEG,F:G318\M26,G3,20260618
G319M2026,G301 2026M19-EEG,F:G319\M26,G3,20260619
G320M2026,G301 2026M20-EEG,F:G320\M26,G3,20260622
G321M2026,G301 2026M21-EEG,F:G321\M26,G3,20260622
G322M2026,G301 2026M22-EEG,F:G322\M26,G3,20260622
G323M2026,G301 2026M23-EEG,F:G323\M26,G3,20260623
G324M2026,G301 2026M24-EEG,F:G324\M26,G3,20260624
G325M2026,G301 2026M25-EEG,F:G325\M26,G3,20260625
G326M2026,G301 2026M26-EEG,F:G326\M26,G3,20260626
G327M2026,G301 2026M27-EEG,F:G327\M26,G3,20260629
G328M2026,G301 2026M28-EEG,F:G328\M26,G3,20260629
G329M2026,G301 2026M29-EEG,F:G329\M26,G3,20260629
G330M2026,G301 2026M30-EEG,F:G330\M26,G3,20260630
G301N2026,G301 2026N01-EEG,F:G301\N26,G3,20260701
G302N2026,G301 2026N02-EEG,F:G302\N26,G3,20260702
G303N2026,G301 2026N03-EEG,F:G303\N26,G3,20260703
G304N2026,G301 2026N04-EEG,F:G304\N26,G3,20260706
G305N2026,G301 2026N05-EEG,F:G305\N26,G3,20260706
G306N2026,G301 2026N06-EEG,F:G306\N26,G3,20260706
G307N2026,G301 2026N07-EEG,F:G307\N26,G3,20260707
G308N2026,G301 2026N08-EEG,F:G308\N26,G3,20260708
G309N2026,G301 2026N09-EEG,F:G309\N26,G3,20260709
G310N2026,G301 2026N10-EEG,F:G310\N26,G3,20260710
G311N2026,G301 2026N11-EEG,F:G311\N26,G3,20260713
G312N2026,G301 2026N12-EEG,F:G312\N26,G3,20260713
G313N2026,G301 2026N13-EEG,F:G313\N26,G3,20260713
G314N2026,G301 2026N14-EEG,F:G314\N26,G3,20260714
G315N2026,G301 2026N15-EEG,F:G315\N26,G3,20260715
G316N2026,G301 2026N16-EEG,F:G316\N26,G3,20260716
G317N2026,G301 2026N17-EEG,F:G317\N26,G3,20260717
G318N2026,G301 2026N18-EEG,F:G318\N26,G3,20260720
G319N2026,G301 2026N19-EEG,F:G319\N26,G3,20260720
G320N2026,G301 2026N20-EEG,F:G320\N26,G3,20260720
G321N2026,G301 2026N21-EEG,F:G321\N26,G3,20260721
G322N2026,G301 2026N22-EEG,F:G322\N26,G3,20260722
G323N2026,G301 2026N23-EEG,F:G323\N26,G3,20260723
G324N2026,G301 2026N24-EEG,F:G324\N26,G3,20260724
G325N2026,G301 2026N25-EEG,F:G325\N26,G3,20260727
G326N2026,G301 2026N26-EEG,F:G326\N26,G3,20260727
G327N2026,G301 2026N27-EEG,F:G327\N26,G3,20260727
G328N2026,G301 2026N28-EEG,F:G328\N26,G3,20260728
G329N2026,G301 2026N29-EEG,F:G329\N26,G3,20260729
G330N2026,G301 2026N30-EEG,F:G330\N26,G3,20260730
G331N2026,G301 2026N31-EEG,F:G331\N26,G3,20260731
G301Q2026,G301 2026Q01-EEG,F:G301\Q26,G3,20260803
G302Q2026,G301 2026Q02-EEG,F:G302\Q26,G3,20260803
G317U2026,G317U2026,,G3,20260917
G318U2026,G318U2026,,G3,20260918
G319U2026,G319U2026,,G3,20260921
G320U2026,G320U2026,,G3,20260921
G321U2026,G321U2026,,G3,20260921
G322U2026,G322U2026,,G3,20260922
G323U2026,G323U2026,F:G323\U26,G3,20260923
G324U2026,G324U2026,F:G324\U26,G3,20260924
G325U2026,G325U2026,F:G325\U26,G3,20260925
G326U2026,G326U2026,F:G326\U26,G3,20260928
G327U2026,G327U2026,F:G327\U26,G3,20260928
G328U2026,G328U2026,F:G328\U26,G3,20260928
G329U2026,G329U2026,F:G329\U26,G3,20260929
G330U2026,G330U2026,F:G330\U26,G3,20260930
G301V2026,G301V2026,F:G301\V26,G3,20261001
G302V2026,G302V2026,F:G302\V26,G3,20261002
G303V2026,G303V2026,F:G303\V26,G3,20261005
G304V2026,G304V2026,F:G304\V26,G3,20261005
G305V2026,G305V2026,F:G305\V26,G3,20261005
G306V2026,G306V2026,F:G306\V26,G3,20261006
G307V2026,G307V2026,F:G307\V26,G3,20261007
G308V2026,G308V2026,F:G308\V26,G3,20261008
G309V2026,G301 2026V09-EEG,F:G309\V26,G3,20261009
G310V2026,G301 2026V10-EEG,F:G310\V26,G3,20261012
G311V2026,G301 2026V11-EEG,F:G311\V26,G3,20261012
G312V2026,G301 2026V12-EEG,F:G312\V26,G3,20261012
G313V2026,G301 2026V13-EEG,F:G313\V26,G3,20261013
G314V2026,G301 2026V14-EEG,F:G314\V26,G3,20261014
G315V2026,G301 2026V15-EEG,F:G315\V26,G3,20261015
G316V2026,G301 2026V16-EEG,F:G316\V26,G3,20261016
G317V2026,G301 2026V17-EEG,F:G317\V26,G3,20261019
G318V2026,G301 2026V18-EEG,F:G318\V26,G3,20261019
G3F4K2026,G3F4 K2026-EEG,F:G3F4\K26,G3F,20260525
G3F1M2026,G3F1 M2026-EEG,F:G3F1\M26,G3F,20260601
G3F2M2026,G3F2 M2026-EEG,F:G3F2\M26,G3F,20260608
G3F3M2026,G3F3 M2026-EEG,F:G3F3\M26,G3F,20260615
G3F4M2026,G3F4 M2026-EEG,F:G3F4\M26,G3F,20260622
G3F5M2026,G3F5 M2026-EEG,F:G3F5\M26,G3F,20260629
G3F1N2026,G3F1 N2026-EEG,F:G3F1\N26,G3F,20260706
G3W4K2026,G3W4 W0-EEG,F:G3W4\K26,G3W,20260525
G3W1M2026,G3W1 W0-EEG,F:G3W1\M26,G3W,20260601
G3W2M2026,G3W2 W0-EEG,F:G3W2\M26,G3W,20260608
G3W3M2026,G3W3 W0-EEG,F:G3W3\M26,G3W,20260615
G509V2026,G509V2026,F:G509\V26,G5,20261008
G510V2026,G501 2026V10-EEG,F:G510\V26,G5,20261009
G511V2026,G501 2026V11-EEG,F:G511\V26,G5,20261009
G512V2026,G501 2026V12-EEG,F:G512\V26,G5,20261009
G513V2026,G501 2026V13-EEG,F:G513\V26,G5,20261012
G514V2026,G501 2026V14-EEG,F:G514\V26,G5,20261013
G515V2026,G501 2026V15-EEG,F:G515\V26,G5,20261014
G516V2026,G501 2026V16-EEG,F:G516\V26,G5,20261015
G517V2026,G501 2026V17-EEG,F:G517\V26,G5,20261016
G518V2026,G501 2026V18-EEG,F:G518\V26,G5,20261016
G519V2026,G501 2026V19-EEG,F:G519\V26,G5,20261016
G520V2026,G501 2026V20-EEG,F:G520\V26,G5,20261019
G521V2026,G501 2026V21-EEG,F:G521\V26,G5,20261020
G522V2026,G501 2026V22-EEG,F:G522\V26,G5,20261021
G523V2026,G501 2026V23-EEG,F:G523\V26,G5,20261022
G524V2026,G501 2026V24-EEG,F:G524\V26,G5,20261023
G525V2026,G501 2026V25-EEG,F:G525\V26,G5,20261023
G526V2026,G501 2026V26-EEG,F:G526\V26,G5,20261023
G527V2026,G501 2026V27-EEG,F:G527\V26,G5,20261026
G528V2026,G501 2026V28-EEG,F:G528\V26,G5,20261027
G529V2026,G501 2026V29-EEG,F:G529\V26,G5,20261028
G530V2026,G501 2026V30-EEG,F:G530\V26,G5,20261029
G501X2026,G501 2026X01-EEG,F:G501\X26,G5,20261030
G502X2026,G501 2026X02-EEG,F:G502\X26,G5,20261030
G531V2026,G501 2026V31-EEG,F:G531\V26,G5,20261030
G503X2026,G501 2026X03-EEG,F:G503\X26,G5,20261102
G504X2026,G501 2026X04-EEG,F:G504\X26,G5,20261103
G505X2026,G501 2026X05-EEG,F:G505\X26,G5,20261104
G506X2026,G501 2026X06-EEG,F:G506\X26,G5,20261105
G507X2026,G501 2026X07-EEG,F:G507\X26,G5,20261106
G508X2026,G501 2026X08-EEG,F:G508\X26,G5,20261106
G509X2026,G501 2026X09-EEG,F:G509\X26,G5,20261106
G510X2026,G501 2026X10-EEG,F:G510\X26,G5,20261109
G511X2026,G501 2026X11-EEG,F:G511\X26,G5,20261110
G512X2026,G501 2026X12-EEG,F:G512\X26,G5,20261111
G513X2026,G501 2026X13-EEG,F:G513\X26,G5,20261112
G514X2026,G501 2026X14-EEG,F:G514\X26,G5,20261113
G515X2026,G501 2026X15-EEG,F:G515\X26,G5,20261113
G516X2026,G501 2026X16-EEG,F:G516\X26,G5,20261113
G517X2026,G501 2026X17-EEG,F:G517\X26,G5,20261116
G518X2026,G501 2026X18-EEG,F:G518\X26,G5,20261117
G519X2026,G501 2026X19-EEG,F:G519\X26,G5,20261118
G520X2026,G501 2026X20-EEG,F:G520\X26,G5,20261119
G521X2026,G501 2026X21-EEG,F:G521\X26,G5,20261120
G522X2026,G501 2026X22-EEG,F:G522\X26,G5,20261120
G523X2026,G501 2026X23-EEG,F:G523\X26,G5,20261120
G524X2026,G501 2026X24-EEG,F:G524\X26,G5,20261123
G525X2026,G501 2026X25-EEG,F:G525\X26,G5,20261124
G526X2026,G501 2026X26-EEG,F:G526\X26,G5,20261125
G527X2026,G501 2026X27-EEG,F:G527\X26,G5,20261126
G528X2026,G501 2026X28-EEG,F:G528\X26,G5,20261127
G529X2026,G501 2026X29-EEG,F:G529\X26,G5,20261127
G530X2026,G501 2026X30-EEG,F:G530\X26,G5,20261127
G501Z2026,G501 2026Z01-EEG,F:G501\Z26,G5,20261130
G502Z2026,G501 2026Z02-EEG,F:G502\Z26,G5,20261201
G503Z2026,G501 2026Z03-EEG,F:G503\Z26,G5,20261202
G504Z2026,G501 2026Z04-EEG,F:G504\Z26,G5,20261203
G505Z2026,G501 2026Z05-EEG,F:G505\Z26,G5,20261204
G506Z2026,G501 2026Z06-EEG,F:G506\Z26,G5,20261204
G507Z2026,G501 2026Z07-EEG,F:G507\Z26,G5,20261204
G508Z2026,G501 2026Z08-EEG,F:G508\Z26,G5,20261207
G509Z2026,G501 2026Z09-EEG,F:G509\Z26,G5,20261208
G510Z2026,G501 2026Z10-EEG,F:G510\Z26,G5,20261209
G511Z2026,G501 2026Z11-EEG,F:G511\Z26,G5,20261210
G512Z2026,G501 2026Z12-EEG,F:G512\Z26,G5,20261211
G513Z2026,G501 2026Z13-EEG,F:G513\Z26,G5,20261211
G514Z2026,G501 2026Z14-EEG,F:G514\Z26,G5,20261211
G515Z2026,G501 2026Z15-EEG,F:G515\Z26,G5,20261214
G516Z2026,G501 2026Z16-EEG,F:G516\Z26,G5,20261215
G517Z2026,G501 2026Z17-EEG,F:G517\Z26,G5,20261216
G518Z2026,G501 2026Z18-EEG,F:G518\Z26,G5,20261217
G519Z2026,G501 2026Z19-EEG,F:G519\Z26,G5,20261218
G520Z2026,G501 2026Z20-EEG,F:G520\Z26,G5,20261218
G521Z2026,G501 2026Z21-EEG,F:G521\Z26,G5,20261218
G522Z2026,G501 2026Z22-EEG,F:G522\Z26,G5,20261221
G523Z2026,G501 2026Z23-EEG,F:G523\Z26,G5,20261222
G524Z2026,G501 2026Z24-EEG,F:G524\Z26,G5,20261223
G525Z2026,G501 2026Z25-EEG,F:G525\Z26,G5,20261224
G526Z2026,G501 2026Z26-EEG,F:G526\Z26,G5,20261224
G527Z2026,G501 2026Z27-EEG,F:G527\Z26,G5,20261224
G528Z2026,G501 2026Z28-EEG,F:G528\Z26,G5,20261224
G529Z2026,G501 2026Z29-EEG,F:G529\Z26,G5,20261228
G530Z2026,G501 2026Z30-EEG,F:G530\Z26,G5,20261229
G531Z2026,G501 2026Z31-EEG,F:G531\Z26,G5,20261230
G501F2027,G501 2027F01-EEG,F:G501\F27,G5,20261231
G502F2027,G501 2027F02-EEG,F:G502\F27,G5,20261231
G503F2027,G501 2027F03-EEG,F:G503\F27,G5,20261231
G504F2027,G501 2027F04-EEG,F:G504\F27,G5,20261231
G505F2027,G501 2027F05-EEG,F:G505\F27,G5,20270104
G506F2027,G501 2027F06-EEG,F:G506\F27,G5,20270105
G507F2027,G501 2027F07-EEG,F:G507\F27,G5,20270106
G508F2027,G501 2027F08-EEG,F:G508\F27,G5,20270107
G509F2027,G501 2027F09-EEG,F:G509\F27,G5,20270108
G823K2026,G801 2026K23-EEG,F:G823\K26,G8,20260525
G824K2026,G801 2026K24-EEG,F:G824\K26,G8,20260525
G825K2026,G801 2026K25-EEG,F:G825\K26,G8,20260525
G826K2026,G801 2026K26-EEG,F:G826\K26,G8,20260526
G827K2026,G801 2026K27-EEG,F:G827\K26,G8,20260527
G828K2026,G801 2026K28-EEG,F:G828\K26,G8,20260528
G829K2026,G801 2026K29-EEG,F:G829\K26,G8,20260529
G801M2026,G801 2026M01-EEG,F:G801\M26,G8,20260601
G832M2026,G801 2026M32-EEG,F:G832\M26,G8,20260601
G833M2026,G801 2026M33-EEG,F:G833\M26,G8,20260601
G802M2026,G801 2026M02-EEG,F:G802\M26,G8,20260602
G803M2026,G801 2026M03-EEG,F:G803\M26,G8,20260603
G804M2026,G801 2026M04-EEG,F:G804\M26,G8,20260604
G805M2026,G801 2026M05-EEG,F:G805\M26,G8,20260605
G806M2026,G801 2026M06-EEG,F:G806\M26,G8,20260608
G807M2026,G801 2026M07-EEG,F:G807\M26,G8,20260608
G808M2026,G801 2026M08-EEG,F:G808\M26,G8,20260608
G809M2026,G801 2026M09-EEG,F:G809\M26,G8,20260609
G810M2026,G801 2026M10-EEG,F:G810\M26,G8,20260610
G811M2026,G801 2026M11-EEG,F:G811\M26,G8,20260611
G812M2026,G801 2026M12-EEG,F:G812\M26,G8,20260612
G813M2026,G801 2026M13-EEG,F:G813\M26,G8,20260615
G814M2026,G801 2026M14-EEG,F:G814\M26,G8,20260615
G815M2026,G801 2026M15-EEG,F:G815\M26,G8,20260615
G816M2026,G801 2026M16-EEG,F:G816\M26,G8,20260616
G817M2026,G801 2026M17-EEG,F:G817\M26,G8,20260617
G818M2026,G801 2026M18-EEG,F:G818\M26,G8,20260618
G819M2026,G801 2026M19-EEG,F:G819\M26,G8,20260619
G820M2026,G801 2026M20-EEG,F:G820\M26,G8,20260622
G821M2026,G801 2026M21-EEG,F:G821\M26,G8,20260622
G822M2026,G801 2026M22-EEG,F:G822\M26,G8,20260622
G823M2026,G801 2026M23-EEG,F:G823\M26,G8,20260623
G824M2026,G801 2026M24-EEG,F:G824\M26,G8,20260624
G825M2026,G801 2026M25-EEG,F:G825\M26,G8,20260625
G826M2026,G801 2026M26-EEG,F:G826\M26,G8,20260626
G827M2026,G801 2026M27-EEG,F:G827\M26,G8,20260629
G828M2026,G801 2026M28-EEG,F:G828\M26,G8,20260629
G829M2026,G801 2026M29-EEG,F:G829\M26,G8,20260629
G830M2026,G801 2026M30-EEG,F:G830\M26,G8,20260630
G801N2026,G801 2026N01-EEG,F:G801\N26,G8,20260701
G802N2026,G801 2026N02-EEG,F:G802\N26,G8,20260702
G803N2026,G801 2026N03-EEG,F:G803\N26,G8,20260703
G804N2026,G801 2026N04-EEG,F:G804\N26,G8,20260706
G805N2026,G801 2026N05-EEG,F:G805\N26,G8,20260706
G806N2026,G801 2026N06-EEG,F:G806\N26,G8,20260706
G807N2026,G801 2026N07-EEG,F:G807\N26,G8,20260707
G808N2026,G801 2026N08-EEG,F:G808\N26,G8,20260708
G809N2026,G801 2026N09-EEG,F:G809\N26,G8,20260709
G810N2026,G801 2026N10-EEG,F:G810\N26,G8,20260710
G811N2026,G801 2026N11-EEG,F:G811\N26,G8,20260713
G812N2026,G801 2026N12-EEG,F:G812\N26,G8,20260713
G813N2026,G801 2026N13-EEG,F:G813\N26,G8,20260713
G814N2026,G801 2026N14-EEG,F:G814\N26,G8,20260714
G815N2026,G801 2026N15-EEG,F:G815\N26,G8,20260715
G816N2026,G801 2026N16-EEG,F:G816\N26,G8,20260716
G817N2026,G801 2026N17-EEG,F:G817\N26,G8,20260717
G818N2026,G801 2026N18-EEG,F:G818\N26,G8,20260720
G819N2026,G801 2026N19-EEG,F:G819\N26,G8,20260720
G820N2026,G801 2026N20-EEG,F:G820\N26,G8,20260720
G821N2026,G801 2026N21-EEG,F:G821\N26,G8,20260721
G822N2026,G801 2026N22-EEG,F:G822\N26,G8,20260722
G823N2026,G801 2026N23-EEG,F:G823\N26,G8,20260723
G824N2026,G801 2026N24-EEG,F:G824\N26,G8,20260724
G825N2026,G801 2026N25-EEG,F:G825\N26,G8,20260727
G826N2026,G801 2026N26-EEG,F:G826\N26,G8,20260727
G827N2026,G801 2026N27-EEG,F:G827\N26,G8,20260727
G828N2026,G801 2026N28-EEG,F:G828\N26,G8,20260728
G829N2026,G801 2026N29-EEG,F:G829\N26,G8,20260729
G830N2026,G801 2026N30-EEG,F:G830\N26,G8,20260730
G831N2026,G801 2026N31-EEG,F:G831\N26,G8,20260731
G801Q2026,G801 2026Q01-EEG,F:G801\Q26,G8,20260803
G802Q2026,G801 2026Q02-EEG,F:G802\Q26,G8,20260803
G817U2026,G817U2026,,G8,20260917
G818U2026,G818U2026,,G8,20260918
G819U2026,G819U2026,,G8,20260921
G820U2026,G820U2026,,G8,20260921
G821U2026,G821U2026,,G8,20260921
G822U2026,G822U2026,,G8,20260922
G823U2026,G823U2026,F:G823\U26,G8,20260923
G824U2026,G824U2026,F:G824\U26,G8,20260924
G825U2026,G825U2026,F:G825\U26,G8,20260925
G826U2026,G826U2026,F:G826\U26,G8,20260928
G827U2026,G827U2026,F:G827\U26,G8,20260928
G828U2026,G828U2026,F:G828\U26,G8,20260928
G829U2026,G829U2026,F:G829\U26,G8,20260929
G830U2026,G830U2026,F:G830\U26,G8,20260930
G801V2026,G801V2026,F:G801\V26,G8,20261001
G802V2026,G802V2026,F:G802\V26,G8,20261002
G803V2026,G803V2026,F:G803\V26,G8,20261005
G804V2026,G804V2026,F:G804\V26,G8,20261005
G805V2026,G805V2026,F:G805\V26,G8,20261005
G806V2026,G806V2026,F:G806\V26,G8,20261006
G807V2026,G807V2026,F:G807\V26,G8,20261007
G808V2026,G808V2026,F:G808\V26,G8,20261008
G809V2026,G801 2026V09-EEG,F:G809\V26,G8,20261009
G810V2026,G801 2026V10-EEG,F:G810\V26,G8,20261012
G811V2026,G801 2026V11-EEG,F:G811\V26,G8,20261012
G812V2026,G801 2026V12-EEG,F:G812\V26,G8,20261012
G813V2026,G801 2026V13-EEG,F:G813\V26,G8,20261013
G814V2026,G801 2026V14-EEG,F:G814\V26,G8,20261014
G815V2026,G801 2026V15-EEG,F:G815\V26,G8,20261015
G816V2026,G801 2026V16-EEG,F:G816\V26,G8,20261016
G817V2026,G801 2026V17-EEG,F:G817\V26,G8,20261019
G818V2026,G801 2026V18-EEG,F:G818\V26,G8,20261019
G8F4K2026,G8F4 K2026-EEG,F:G8F4\K26,G8F,20260525
G8F1M2026,G8F1 M2026-EEG,F:G8F1\M26,G8F,20260601
G8F2M2026,G8F2 M2026-EEG,F:G8F2\M26,G8F,20260608
G8F3M2026,G8F3 M2026-EEG,F:G8F3\M26,G8F,20260615
G8F4M2026,G8F4 M2026-EEG,F:G8F4\M26,G8F,20260622
G8F5M2026,G8F5 M2026-EEG,F:G8F5\M26,G8F,20260629
G8F1N2026,G8F1 N2026-EEG,F:G8F1\N26,G8F,20260706
G8W4K2026,G8W4 W0-EEG,F:G8W4\K26,G8W,20260525
G8W1M2026,G8W1 W0-EEG,F:G8W1\M26,G8W,20260601
G8W2M2026,G8W2 W0-EEG,F:G8W2\M26,G8W,20260608
G8W3M2026,G8W3 W0-EEG,F:G8W3\M26,G8W,20260615
G923K2026,G901 2026K23-EEG,F:G923\K26,G9,20260525
G924K2026,G901 2026K24-EEG,F:G924\K26,G9,20260525
G925K2026,G901 2026K25-EEG,F:G925\K26,G9,20260525
G926K2026,G901 2026K26-EEG,F:G926\K26,G9,20260526
G927K2026,G901 2026K27-EEG,F:G927\K26,G9,20260527
G928K2026,G901 2026K28-EEG,F:G928\K26,G9,20260528
G929K2026,G901 2026K29-EEG,F:G929\K26,G9,20260529
G901M2026,G901 2026M01-EEG,F:G901\M26,G9,20260601
G932M2026,G901 2026M32-EEG,F:G932\M26,G9,20260601
G933M2026,G901 2026M33-EEG,F:G933\M26,G9,20260601
G902M2026,G901 2026M02-EEG,F:G902\M26,G9,20260602
G903M2026,G901 2026M03-EEG,F:G903\M26,G9,20260603
G904M2026,G901 2026M04-EEG,F:G904\M26,G9,20260604
G905M2026,G901 2026M05-EEG,F:G905\M26,G9,20260605
G906M2026,G901 2026M06-EEG,F:G906\M26,G9,20260608
G907M2026,G901 2026M07-EEG,F:G907\M26,G9,20260608
G908M2026,G901 2026M08-EEG,F:G908\M26,G9,20260608
G909M2026,G901 2026M09-EEG,F:G909\M26,G9,20260609
G910M2026,G901 2026M10-EEG,F:G910\M26,G9,20260610
G911M2026,G901 2026M11-EEG,F:G911\M26,G9,20260611
G912M2026,G901 2026M12-EEG,F:G912\M26,G9,20260612
G913M2026,G901 2026M13-EEG,F:G913\M26,G9,20260615
G914M2026,G901 2026M14-EEG,F:G914\M26,G9,20260615
G915M2026,G901 2026M15-EEG,F:G915\M26,G9,20260615
G916M2026,G901 2026M16-EEG,F:G916\M26,G9,20260616
G917M2026,G901 2026M17-EEG,F:G917\M26,G9,20260617
G918M2026,G901 2026M18-EEG,F:G918\M26,G9,20260618
G919M2026,G901 2026M19-EEG,F:G919\M26,G9,20260619
G920M2026,G901 2026M20-EEG,F:G920\M26,G9,20260622
G921M2026,G901 2026M21-EEG,F:G921\M26,G9,20260622
G922M2026,G901 2026M22-EEG,F:G922\M26,G9,20260622
G923M2026,G901 2026M23-EEG,F:G923\M26,G9,20260623
G924M2026,G901 2026M24-EEG,F:G924\M26,G9,20260624
G925M2026,G901 2026M25-EEG,F:G925\M26,G9,20260625
G926M2026,G901 2026M26-EEG,F:G926\M26,G9,20260626
G927M2026,G901 2026M27-EEG,F:G927\M26,G9,20260629
G928M2026,G901 2026M28-EEG,F:G928\M26,G9,20260629
G929M2026,G901 2026M29-EEG,F:G929\M26,G9,20260629
G930M2026,G901 2026M30-EEG,F:G930\M26,G9,20260630
G901N2026,G901 2026N01-EEG,F:G901\N26,G9,20260701
G902N2026,G901 2026N02-EEG,F:G902\N26,G9,20260702
G903N2026,G901 2026N03-EEG,F:G903\N26,G9,20260703
G904N2026,G901 2026N04-EEG,F:G904\N26,G9,20260706
G905N2026,G901 2026N05-EEG,F:G905\N26,G9,20260706
G906N2026,G901 2026N06-EEG,F:G906\N26,G9,20260706
G907N2026,G901 2026N07-EEG,F:G907\N26,G9,20260707
G908N2026,G901 2026N08-EEG,F:G908\N26,G9,20260708
G909N2026,G901 2026N09-EEG,F:G909\N26,G9,20260709
G910N2026,G901 2026N10-EEG,F:G910\N26,G9,20260710
G911N2026,G901 2026N11-EEG,F:G911\N26,G9,20260713
G912N2026,G901 2026N12-EEG,F:G912\N26,G9,20260713
G913N2026,G901 2026N13-EEG,F:G913\N26,G9,20260713
G914N2026,G901 2026N14-EEG,F:G914\N26,G9,20260714
G915N2026,G901 2026N15-EEG,F:G915\N26,G9,20260715
G916N2026,G901 2026N16-EEG,F:G916\N26,G9,20260716
G917N2026,G901 2026N17-EEG,F:G917\N26,G9,20260717
G918N2026,G901 2026N18-EEG,F:G918\N26,G9,20260720
G919N2026,G901 2026N19-EEG,F:G919\N26,G9,20260720
G920N2026,G901 2026N20-EEG,F:G920\N26,G9,20260720
G921N2026,G901 2026N21-EEG,F:G921\N26,G9,20260721
G922N2026,G901 2026N22-EEG,F:G922\N26,G9,20260722
G923N2026,G901 2026N23-EEG,F:G923\N26,G9,20260723
G924N2026,G901 2026N24-EEG,F:G924\N26,G9,20260724
G925N2026,G901 2026N25-EEG,F:G925\N26,G9,20260727
G926N2026,G901 2026N26-EEG,F:G926\N26,G9,20260727
G927N2026,G901 2026N27-EEG,F:G927\N26,G9,20260727
G928N2026,G901 2026N28-EEG,F:G928\N26,G9,20260728
G929N2026,G901 2026N29-EEG,F:G929\N26,G9,20260729
G930N2026,G901 2026N30-EEG,F:G930\N26,G9,20260730
G931N2026,G901 2026N31-EEG,F:G931\N26,G9,20260731
G901Q2026,G901 2026Q01-EEG,F:G901\Q26,G9,20260803
G902Q2026,G901 2026Q02-EEG,F:G902\Q26,G9,20260803
G917U2026,G917U2026,,G9,20260917
G918U2026,G918U2026,,G9,20260918
G919U2026,G919U2026,,G9,20260921
G920U2026,G920U2026,,G9,20260921
G921U2026,G921U2026,,G9,20260921
G922U2026,G922U2026,,G9,20260922
G923U2026,G923U2026,F:G923\U26,G9,20260923
G924U2026,G924U2026,F:G924\U26,G9,20260924
G925U2026,G925U2026,F:G925\U26,G9,20260925
G926U2026,G926U2026,F:G926\U26,G9,20260928
G927U2026,G927U2026,F:G927\U26,G9,20260928
G928U2026,G928U2026,F:G928\U26,G9,20260928
G929U2026,G929U2026,F:G929\U26,G9,20260929
G930U2026,G930U2026,F:G930\U26,G9,20260930
G901V2026,G901V2026,F:G901\V26,G9,20261001
G902V2026,G902V2026,F:G902\V26,G9,20261002
G903V2026,G903V2026,F:G903\V26,G9,20261005
G904V2026,G904V2026,F:G904\V26,G9,20261005
G905V2026,G905V2026,F:G905\V26,G9,20261005
G906V2026,G906V2026,F:G906\V26,G9,20261006
G907V2026,G907V2026,F:G907\V26,G9,20261007
G908V2026,G908V2026,F:G908\V26,G9,20261008
G909V2026,G901 2026V09-EEG,F:G909\V26,G9,20261009
G910V2026,G901 2026V10-EEG,F:G910\V26,G9,20261012
G911V2026,G901 2026V11-EEG,F:G911\V26,G9,20261012
G912V2026,G901 2026V12-EEG,F:G912\V26,G9,20261012
G913V2026,G901 2026V13-EEG,F:G913\V26,G9,20261013
G914V2026,G901 2026V14-EEG,F:G914\V26,G9,20261014
G915V2026,G901 2026V15-EEG,F:G915\V26,G9,20261015
G916V2026,G901 2026V16-EEG,F:G916\V26,G9,20261016
G917V2026,G901 2026V17-EEG,F:G917\V26,G9,20261019
G918V2026,G901 2026V18-EEG,F:G918\V26,G9,20261019
G9F4K2026,G9F4 K2026-EEG,F:G9F4\K26,G9F,20260525
G9F1M2026,G9F1 M2026-EEG,F:G9F1\M26,G9F,20260601
G9F2M2026,G9F2 M2026-EEG,F:G9F2\M26,G9F,20260608
G9F3M2026,G9F3 M2026-EEG,F:G9F3\M26,G9F,20260615
G9F4M2026,G9F4 M2026-EEG,F:G9F4\M26,G9F,20260622
G9F5M2026,G9F5 M2026-EEG,F:G9F5\M26,G9F,20260629
G9F1N2026,G9F1 N2026-EEG,F:G9F1\N26,G9F,20260706
G9W4K2026,G9W4 W0-EEG,F:G9W4\K26,G9W,20260525
G9W1M2026,G9W1 W0-EEG,F:G9W1\M26,G9W,20260601
G9W2M2026,G9W2 W0-EEG,F:G9W2\M26,G9W,20260608
G9W3M2026,G9W3 W0-EEG,F:G9W3\M26,G9W,20260615
GG23K2026,GG01 2026K23-EEG,F:GG23\K26,GG,20260525
GG24K2026,GG01 2026K24-EEG,F:GG24\K26,GG,20260525
GG25K2026,GG01 2026K25-EEG,F:GG25\K26,GG,20260525
GG26K2026,GG01 2026K26-EEG,F:GG26\K26,GG,20260526
GG27K2026,GG01 2026K27-EEG,F:GG27\K26,GG,20260527
GG28K2026,GG01 2026K28-EEG,F:GG28\K26,GG,20260528
GG29K2026,GG01 2026K29-EEG,F:GG29\K26,GG,20260529
GG01M2026,GG01 2026M01-EEG,F:GG01\M26,GG,20260601
GG32M2026,GG01 2026M32-EEG,F:GG32\M26,GG,20260601
GG33M2026,GG01 2026M33-EEG,F:GG33\M26,GG,20260601
GG02M2026,GG01 2026M02-EEG,F:GG02\M26,GG,20260602
GG03M2026,GG01 2026M03-EEG,F:GG03\M26,GG,20260603
GG04M2026,GG01 2026M04-EEG,F:GG04\M26,GG,20260604
GG05M2026,GG01 2026M05-EEG,F:GG05\M26,GG,20260605
GG06M2026,GG01 2026M06-EEG,F:GG06\M26,GG,20260608
GG07M2026,GG01 2026M07-EEG,F:GG07\M26,GG,20260608
GG08M2026,GG01 2026M08-EEG,F:GG08\M26,GG,20260608
GG09M2026,GG01 2026M09-EEG,F:GG09\M26,GG,20260609
GG10M2026,GG01 2026M10-EEG,F:GG10\M26,GG,20260610
GG11M2026,GG01 2026M11-EEG,F:GG11\M26,GG,20260611
GG12M2026,GG01 2026M12-EEG,F:GG12\M26,GG,20260612
GG13M2026,GG01 2026M13-EEG,F:GG13\M26,GG,20260615
GG14M2026,GG01 2026M14-EEG,F:GG14\M26,GG,20260615
GG15M2026,GG01 2026M15-EEG,F:GG15\M26,GG,20260615
GG16M2026,GG01 2026M16-EEG,F:GG16\M26,GG,20260616
GG17M2026,GG01 2026M17-EEG,F:GG17\M26,GG,20260617
GG18M2026,GG01 2026M18-EEG,F:GG18\M26,GG,20260618
GG19M2026,GG01 2026M19-EEG,F:GG19\M26,GG,20260619
GG20M2026,GG01 2026M20-EEG,F:GG20\M26,GG,20260622
GG21M2026,GG01 2026M21-EEG,F:GG21\M26,GG,20260622
GG22M2026,GG01 2026M22-EEG,F:GG22\M26,GG,20260622
GG23M2026,GG01 2026M23-EEG,F:GG23\M26,GG,20260623
GG24M2026,GG01 2026M24-EEG,F:GG24\M26,GG,20260624
GG25M2026,GG01 2026M25-EEG,F:GG25\M26,GG,20260625
GG26M2026,GG01 2026M26-EEG,F:GG26\M26,GG,20260626
GG27M2026,GG01 2026M27-EEG,F:GG27\M26,GG,20260629
GG28M2026,GG01 2026M28-EEG,F:GG28\M26,GG,20260629
GG29M2026,GG01 2026M29-EEG,F:GG29\M26,GG,20260629
GG30M2026,GG01 2026M30-EEG,F:GG30\M26,GG,20260630
GG01N2026,GG01 2026N01-EEG,F:GG01\N26,GG,20260701
GG02N2026,GG01 2026N02-EEG,F:GG02\N26,GG,20260702
GG03N2026,GG01 2026N03-EEG,F:GG03\N26,GG,20260703
GG04N2026,GG01 2026N04-EEG,F:GG04\N26,GG,20260706
GG05N2026,GG01 2026N05-EEG,F:GG05\N26,GG,20260706
GG06N2026,GG01 2026N06-EEG,F:GG06\N26,GG,20260706
GG07N2026,GG01 2026N07-EEG,F:GG07\N26,GG,20260707
GG08N2026,GG01 2026N08-EEG,F:GG08\N26,GG,20260708
GG09N2026,GG01 2026N09-EEG,F:GG09\N26,GG,20260709
GG10N2026,GG01 2026N10-EEG,F:GG10\N26,GG,20260710
GG11N2026,GG01 2026N11-EEG,F:GG11\N26,GG,20260713
GG12N2026,GG01 2026N12-EEG,F:GG12\N26,GG,20260713
GG13N2026,GG01 2026N13-EEG,F:GG13\N26,GG,20260713
GG14N2026,GG01 2026N14-EEG,F:GG14\N26,GG,20260714
GG15N2026,GG01 2026N15-EEG,F:GG15\N26,GG,20260715
GG16N2026,GG01 2026N16-EEG,F:GG16\N26,GG,20260716
GG17N2026,GG01 2026N17-EEG,F:GG17\N26,GG,20260717
GG18N2026,GG01 2026N18-EEG,F:GG18\N26,GG,20260720
GG19N2026,GG01 2026N19-EEG,F:GG19\N26,GG,20260720
GG20N2026,GG01 2026N20-EEG,F:GG20\N26,GG,20260720
GG21N2026,GG01 2026N21-EEG,F:GG21\N26,GG,20260721
GG22N2026,GG01 2026N22-EEG,F:GG22\N26,GG,20260722
GG23N2026,GG01 2026N23-EEG,F:GG23\N26,GG,20260723
GG24N2026,GG01 2026N24-EEG,F:GG24\N26,GG,20260724
GG25N2026,GG01 2026N25-EEG,F:GG25\N26,GG,20260727
GG26N2026,GG01 2026N26-EEG,F:GG26\N26,GG,20260727
GG27N2026,GG01 2026N27-EEG,F:GG27\N26,GG,20260727
GG28N2026,GG01 2026N28-EEG,F:GG28\N26,GG,20260728
GG29N2026,GG01 2026N29-EEG,F:GG29\N26,GG,20260729
GG30N2026,GG01 2026N30-EEG,F:GG30\N26,GG,20260730
GG31N2026,GG01 2026N31-EEG,F:GG31\N26,GG,20260731
GG01Q2026,GG01 2026Q01-EEG,F:GG01\Q26,GG,20260803
GG02Q2026,GG01 2026Q02-EEG,F:GG02\Q26,GG,20260803
GG17U2026,GG17U2026,,GG,20260917
GG18U2026,GG18U2026,,GG,20260918
GG19U2026,GG19U2026,,GG,20260921
GG20U2026,GG20U2026,,GG,20260921
GG21U2026,GG21U2026,,GG,20260921
GG22U2026,GG22U2026,,GG,20260922
GG23U2026,GG23U2026,F:GG23\U26,GG,20260923
GG24U2026,GG24U2026,F:GG24\U26,GG,20260924
GG25U2026,GG25U2026,F:GG25\U26,GG,20260925
GG26U2026,GG26U2026,F:GG26\U26,GG,20260928
GG27U2026,GG27U2026,F:GG27\U26,GG,20260928
GG28U2026,GG28U2026,F:GG28\U26,GG,20260928
GG29U2026,GG29U2026,F:GG29\U26,GG,20260929
GG30U2026,GG30U2026,F:GG30\U26,GG,20260930
GG01V2026,GG01V2026,F:GG01\V26,GG,20261001
GG02V2026,GG02V2026,F:GG02\V26,GG,20261002
GG03V2026,GG03V2026,F:GG03\V26,GG,20261005
GG04V2026,GG04V2026,F:GG04\V26,GG,20261005
GG05V2026,GG05V2026,F:GG05\V26,GG,20261005
GG06V2026,GG06V2026,F:GG06\V26,GG,20261006
GG07V2026,GG07V2026,F:GG07\V26,GG,20261007
GG08V2026,GG08V2026,F:GG08\V26,GG,20261008
GG09V2026,GG01 2026V09-EEG,F:GG09\V26,GG,20261009
GG10V2026,GG01 2026V10-EEG,F:GG10\V26,GG,20261012
GG11V2026,GG01 2026V11-EEG,F:GG11\V26,GG,20261012
GG12V2026,GG01 2026V12-EEG,F:GG12\V26,GG,20261012
GG13V2026,GG01 2026V13-EEG,F:GG13\V26,GG,20261013
GG14V2026,GG01 2026V14-EEG,F:GG14\V26,GG,20261014
GG15V2026,GG01 2026V15-EEG,F:GG15\V26,GG,20261015
GG16V2026,GG01 2026V16-EEG,F:GG16\V26,GG,20261016
GG17V2026,GG01 2026V17-EEG,F:GG17\V26,GG,20261019
GG18V2026,GG01 2026V18-EEG,F:GG18\V26,GG,20261019
GGF4K2026,GGF4 K2026-EEG,F:GGF4\K26,GGF,20260525
GGF1M2026,GGF1 M2026-EEG,F:GGF1\M26,GGF,20260601
GGF2M2026,GGF2 M2026-EEG,F:GGF2\M26,GGF,20260608
GGF3M2026,GGF3 M2026-EEG,F:GGF3\M26,GGF,20260615
GGF4M2026,GGF4 M2026-EEG,F:GGF4\M26,GGF,20260622
GGF5M2026,GGF5 M2026-EEG,F:GGF5\M26,GGF,20260629
GGF1N2026,GGF1 N2026-EEG,F:GGF1\N26,GGF,20260706
GGW4K2026,GGW4 W0-EEG,F:GGW4\K26,GGW,20260525
GGW1M2026,GGW1 W0-EEG,F:GGW1\M26,GGW,20260601
GGW2M2026,GGW2 W0-EEG,F:GGW2\M26,GGW,20260608
GGW3M2026,GGW3 W0-EEG,F:GGW3\M26,GGW,20260615
GJ29U2026,GJ29U2026,F:GJ29\U26,GJ,20260928
GJ30U2026,GJ30U2026,F:GJ30\U26,GJ,20260929
GJ01V2026,GJ01V2026,F:GJ01\V26,GJ,20260930
GJ02V2026,GJ02V2026,F:GJ02\V26,GJ,20261001
GJ03V2026,GJ03V2026,F:GJ03\V26,GJ,20261002
GJ04V2026,GJ04V2026,F:GJ04\V26,GJ,20261002
GJ05V2026,GJ05V2026,F:GJ05\V26,GJ,20261002
GJ06V2026,GJ06V2026,F:GJ06\V26,GJ,20261005
GJ07V2026,GJ07V2026,F:GJ07\V26,GJ,20261006
GJ08V2026,GJ08V2026,F:GJ08\V26,GJ,20261007
GJ09V2026,GJ09V2026,F:GJ09\V26,GJ,20261008
GJ10V2026,GJ01 2026V10-EEG,F:GJ10\V26,GJ,20261009
GJ11V2026,GJ01 2026V11-EEG,F:GJ11\V26,GJ,20261009
GJ12V2026,GJ01 2026V12-EEG,F:GJ12\V26,GJ,20261009
GJ13V2026,GJ01 2026V13-EEG,F:GJ13\V26,GJ,20261012
GJ14V2026,GJ01 2026V14-EEG,F:GJ14\V26,GJ,20261013
GJ15V2026,GJ01 2026V15-EEG,F:GJ15\V26,GJ,20261014
GJ16V2026,GJ01 2026V16-EEG,F:GJ16\V26,GJ,20261015
GJ17V2026,GJ01 2026V17-EEG,F:GJ17\V26,GJ,20261016
GJ18V2026,GJ01 2026V18-EEG,F:GJ18\V26,GJ,20261016
GJ19V2026,GJ01 2026V19-EEG,F:GJ19\V26,GJ,20261016
GJ20V2026,GJ01 2026V20-EEG,F:GJ20\V26,GJ,20261019
GJ21V2026,GJ01 2026V21-EEG,F:GJ21\V26,GJ,20261020
GJ22V2026,GJ01 2026V22-EEG,F:GJ22\V26,GJ,20261021
GJ23V2026,GJ01 2026V23-EEG,F:GJ23\V26,GJ,20261022
GJ24V2026,GJ01 2026V24-EEG,F:GJ24\V26,GJ,20261023
GJ25V2026,GJ01 2026V25-EEG,F:GJ25\V26,GJ,20261023
GJ26V2026,GJ01 2026V26-EEG,F:GJ26\V26,GJ,20261023
GJ27V2026,GJ01 2026V27-EEG,F:GJ27\V26,GJ,20261026
GJ28V2026,GJ01 2026V28-EEG,F:GJ28\V26,GJ,20261027
GJ29V2026,GJ01 2026V29-EEG,F:GJ29\V26,GJ,20261028
GJ30V2026,GJ01 2026V30-EEG,F:GJ30\V26,GJ,20261029
GJ01X2026,GJ01 2026X01-EEG,F:GJ01\X26,GJ,20261030
GJ02X2026,GJ01 2026X02-EEG,F:GJ02\X26,GJ,20261030
GJ31V2026,GJ01 2026V31-EEG,F:GJ31\V26,GJ,20261030
GJ03X2026,GJ01 2026X03-EEG,F:GJ03\X26,GJ,20261102
GJ04X2026,GJ01 2026X04-EEG,F:GJ04\X26,GJ,20261103
GJ05X2026,GJ01 2026X05-EEG,F:GJ05\X26,GJ,20261104
GJ06X2026,GJ01 2026X06-EEG,F:GJ06\X26,GJ,20261105
GJ07X2026,GJ01 2026X07-EEG,F:GJ07\X26,GJ,20261106
GJ08X2026,GJ01 2026X08-EEG,F:GJ08\X26,GJ,20261106
GJ09X2026,GJ01 2026X09-EEG,F:GJ09\X26,GJ,20261106
GJ10X2026,GJ01 2026X10-EEG,F:GJ10\X26,GJ,20261109
GJ11X2026,GJ01 2026X11-EEG,F:GJ11\X26,GJ,20261110
GJ12X2026,GJ01 2026X12-EEG,F:GJ12\X26,GJ,20261111
GJ13X2026,GJ01 2026X13-EEG,F:GJ13\X26,GJ,20261112
GJ14X2026,GJ01 2026X14-EEG,F:GJ14\X26,GJ,20261113
GJ15X2026,GJ01 2026X15-EEG,F:GJ15\X26,GJ,20261113
GJ16X2026,GJ01 2026X16-EEG,F:GJ16\X26,GJ,20261113
GJ17X2026,GJ01 2026X17-EEG,F:GJ17\X26,GJ,20261116
GJ18X2026,GJ01 2026X18-EEG,F:GJ18\X26,GJ,20261117
GJ19X2026,GJ01 2026X19-EEG,F:GJ19\X26,GJ,20261118
GJ20X2026,GJ01 2026X20-EEG,F:GJ20\X26,GJ,20261119
GJ21X2026,GJ01 2026X21-EEG,F:GJ21\X26,GJ,20261120
GJ22X2026,GJ01 2026X22-EEG,F:GJ22\X26,GJ,20261120
GJ23X2026,GJ01 2026X23-EEG,F:GJ23\X26,GJ,20261120
GJ24X2026,GJ01 2026X24-EEG,F:GJ24\X26,GJ,20261123
GJ25X2026,GJ01 2026X25-EEG,F:GJ25\X26,GJ,20261124
GJ26X2026,GJ01 2026X26-EEG,F:GJ26\X26,GJ,20261125
GJ27X2026,GJ01 2026X27-EEG,F:GJ27\X26,GJ,20261126
GJ28X2026,GJ01 2026X28-EEG,F:GJ28\X26,GJ,20261127
GJ29X2026,GJ01 2026X29-EEG,F:GJ29\X26,GJ,20261127
GJ30X2026,GJ01 2026X30-EEG,F:GJ30\X26,GJ,20261127
GJ01Z2026,GJ01 2026Z01-EEG,F:GJ01\Z26,GJ,20261130
GJ02Z2026,GJ01 2026Z02-EEG,F:GJ02\Z26,GJ,20261201
GJ03Z2026,GJ01 2026Z03-EEG,F:GJ03\Z26,GJ,20261202
GJ04Z2026,GJ01 2026Z04-EEG,F:GJ04\Z26,GJ,20261203
GJ05Z2026,GJ01 2026Z05-EEG,F:GJ05\Z26,GJ,20261204
GJ06Z2026,GJ01 2026Z06-EEG,F:GJ06\Z26,GJ,20261204
GJ07Z2026,GJ01 2026Z07-EEG,F:GJ07\Z26,GJ,20261204
GJ08Z2026,GJ01 2026Z08-EEG,F:GJ08\Z26,GJ,20261207
GJ09Z2026,GJ01 2026Z09-EEG,F:GJ09\Z26,GJ,20261208
GJ10Z2026,GJ01 2026Z10-EEG,F:GJ10\Z26,GJ,20261209
GJ11Z2026,GJ01 2026Z11-EEG,F:GJ11\Z26,GJ,20261210
GJ12Z2026,GJ01 2026Z12-EEG,F:GJ12\Z26,GJ,20261211
GJ13Z2026,GJ01 2026Z13-EEG,F:GJ13\Z26,GJ,20261211
GJ14Z2026,GJ01 2026Z14-EEG,F:GJ14\Z26,GJ,20261211
GJ15Z2026,GJ01 2026Z15-EEG,F:GJ15\Z26,GJ,20261214
GJ16Z2026,GJ01 2026Z16-EEG,F:GJ16\Z26,GJ,20261215
GJ17Z2026,GJ01 2026Z17-EEG,F:GJ17\Z26,GJ,20261216
GJ18Z2026,GJ01 2026Z18-EEG,F:GJ18\Z26,GJ,20261217
GJ19Z2026,GJ01 2026Z19-EEG,F:GJ19\Z26,GJ,20261218
GJ20Z2026,GJ01 2026Z20-EEG,F:GJ20\Z26,GJ,20261218
GJ21Z2026,GJ01 2026Z21-EEG,F:GJ21\Z26,GJ,20261218
GJ22Z2026,GJ01 2026Z22-EEG,F:GJ22\Z26,GJ,20261221
GJ23Z2026,GJ01 2026Z23-EEG,F:GJ23\Z26,GJ,20261222
GJ24Z2026,GJ01 2026Z24-EEG,F:GJ24\Z26,GJ,20261223
GJ25Z2026,GJ01 2026Z25-EEG,F:GJ25\Z26,GJ,20261224
GJ26Z2026,GJ01 2026Z26-EEG,F:GJ26\Z26,GJ,20261224
GJ27Z2026,GJ01 2026Z27-EEG,F:GJ27\Z26,GJ,20261224
GJ28Z2026,GJ01 2026Z28-EEG,F:GJ28\Z26,GJ,20261224
GJ29Z2026,GJ01 2026Z29-EEG,F:GJ29\Z26,GJ,20261228
GJ30Z2026,GJ01 2026Z30-EEG,F:GJ30\Z26,GJ,20261229
GJ31Z2026,GJ01 2026Z31-EEG,F:GJ31\Z26,GJ,20261230
GJ01F2027,GJ01 2027F01-EEG,F:GJ01\F27,GJ,20261231
GJ02F2027,GJ01 2027F02-EEG,F:GJ02\F27,GJ,20261231
GJ03F2027,GJ01 2027F03-EEG,F:GJ03\F27,GJ,20261231
GJ04F2027,GJ01 2027F04-EEG,F:GJ04\F27,GJ,20261231
GJ05F2027,GJ01 2027F05-EEG,F:GJ05\F27,GJ,20270104
GJ06F2027,GJ01 2027F06-EEG,F:GJ06\F27,GJ,20270105
GJ07F2027,GJ01 2027F07-EEG,F:GJ07\F27,GJ,20270106
GJ08F2027,GJ01 2027F08-EEG,F:GJ08\F27,GJ,20270107
GJ09F2027,GJ01 2027F09-EEG,F:GJ09\F27,GJ,20270108
GK09V2026,GK09V2026,F:GK09\V26,GK,20261008
GK10V2026,GK01 2026V10-EEG,F:GK10\V26,GK,20261009
GK11V2026,GK01 2026V11-EEG,F:GK11\V26,GK,20261009
GK12V2026,GK01 2026V12-EEG,F:GK12\V26,GK,20261009
GK13V2026,GK01 2026V13-EEG,F:GK13\V26,GK,20261012
GK14V2026,GK01 2026V14-EEG,F:GK14\V26,GK,20261013
GK15V2026,GK01 2026V15-EEG,F:GK15\V26,GK,20261014
GK16V2026,GK01 2026V16-EEG,F:GK16\V26,GK,20261015
GK17V2026,GK01 2026V17-EEG,F:GK17\V26,GK,20261016
GK18V2026,GK01 2026V18-EEG,F:GK18\V26,GK,20261016
GK19V2026,GK01 2026V19-EEG,F:GK19\V26,GK,20261016
GK20V2026,GK01 2026V20-EEG,F:GK20\V26,GK,20261019
GK21V2026,GK01 2026V21-EEG,F:GK21\V26,GK,20261020
GK22V2026,GK01 2026V22-EEG,F:GK22\V26,GK,20261021
GK23V2026,GK01 2026V23-EEG,F:GK23\V26,GK,20261022
GK24V2026,GK01 2026V24-EEG,F:GK24\V26,GK,20261023
GK25V2026,GK01 2026V25-EEG,F:GK25\V26,GK,20261023
GK26V2026,GK01 2026V26-EEG,F:GK26\V26,GK,20261023
GK27V2026,GK01 2026V27-EEG,F:GK27\V26,GK,20261026
GK28V2026,GK01 2026V28-EEG,F:GK28\V26,GK,20261027
GK29V2026,GK01 2026V29-EEG,F:GK29\V26,GK,20261028
GK30V2026,GK01 2026V30-EEG,F:GK30\V26,GK,20261029
GK01X2026,GK01 2026X01-EEG,F:GK01\X26,GK,20261030
GK02X2026,GK01 2026X02-EEG,F:GK02\X26,GK,20261030
GK31V2026,GK01 2026V31-EEG,F:GK31\V26,GK,20261030
GK03X2026,GK01 2026X03-EEG,F:GK03\X26,GK,20261102
GK04X2026,GK01 2026X04-EEG,F:GK04\X26,GK,20261103
GK05X2026,GK01 2026X05-EEG,F:GK05\X26,GK,20261104
GK06X2026,GK01 2026X06-EEG,F:GK06\X26,GK,20261105
GK07X2026,GK01 2026X07-EEG,F:GK07\X26,GK,20261106
GK08X2026,GK01 2026X08-EEG,F:GK08\X26,GK,20261106
GK09X2026,GK01 2026X09-EEG,F:GK09\X26,GK,20261106
GK10X2026,GK01 2026X10-EEG,F:GK10\X26,GK,20261109
GK11X2026,GK01 2026X11-EEG,F:GK11\X26,GK,20261110
GK12X2026,GK01 2026X12-EEG,F:GK12\X26,GK,20261111
GK13X2026,GK01 2026X13-EEG,F:GK13\X26,GK,20261112
GK14X2026,GK01 2026X14-EEG,F:GK14\X26,GK,20261113
GK15X2026,GK01 2026X15-EEG,F:GK15\X26,GK,20261113
GK16X2026,GK01 2026X16-EEG,F:GK16\X26,GK,20261113
GK17X2026,GK01 2026X17-EEG,F:GK17\X26,GK,20261116
GK18X2026,GK01 2026X18-EEG,F:GK18\X26,GK,20261117
GK19X2026,GK01 2026X19-EEG,F:GK19\X26,GK,20261118
GK20X2026,GK01 2026X20-EEG,F:GK20\X26,GK,20261119
GK21X2026,GK01 2026X21-EEG,F:GK21\X26,GK,20261120
GK22X2026,GK01 2026X22-EEG,F:GK22\X26,GK,20261120
GK23X2026,GK01 2026X23-EEG,F:GK23\X26,GK,20261120
GK24X2026,GK01 2026X24-EEG,F:GK24\X26,GK,20261123
GK25X2026,GK01 2026X25-EEG,F:GK25\X26,GK,20261124
GK26X2026,GK01 2026X26-EEG,F:GK26\X26,GK,20261125
GK27X2026,GK01 2026X27-EEG,F:GK27\X26,GK,20261126
GK28X2026,GK01 2026X28-EEG,F:GK28\X26,GK,20261127
GK29X2026,GK01 2026X29-EEG,F:GK29\X26,GK,20261127
GK30X2026,GK01 2026X30-EEG,F:GK30\X26,GK,20261127
GK01Z2026,GK01 2026Z01-EEG,F:GK01\Z26,GK,20261130
GK02Z2026,GK01 2026Z02-EEG,F:GK02\Z26,GK,20261201
GK03Z2026,GK01 2026Z03-EEG,F:GK03\Z26,GK,20261202
GK04Z2026,GK01 2026Z04-EEG,F:GK04\Z26,GK,20261203
GK05Z2026,GK01 2026Z05-EEG,F:GK05\Z26,GK,20261204
GK06Z2026,GK01 2026Z06-EEG,F:GK06\Z26,GK,20261204
GK07Z2026,GK01 2026Z07-EEG,F:GK07\Z26,GK,20261204
GK08Z2026,GK01 2026Z08-EEG,F:GK08\Z26,GK,20261207
GK09Z2026,GK01 2026Z09-EEG,F:GK09\Z26,GK,20261208
GK10Z2026,GK01 2026Z10-EEG,F:GK10\Z26,GK,20261209
GK11Z2026,GK01 2026Z11-EEG,F:GK11\Z26,GK,20261210
GK12Z2026,GK01 2026Z12-EEG,F:GK12\Z26,GK,20261211
GK13Z2026,GK01 2026Z13-EEG,F:GK13\Z26,GK,20261211
GK14Z2026,GK01 2026Z14-EEG,F:GK14\Z26,GK,20261211
GK15Z2026,GK01 2026Z15-EEG,F:GK15\Z26,GK,20261214
GK16Z2026,GK01 2026Z16-EEG,F:GK16\Z26,GK,20261215
GK17Z2026,GK01 2026Z17-EEG,F:GK17\Z26,GK,20261216
GK18Z2026,GK01 2026Z18-EEG,F:GK18\Z26,GK,20261217
GK19Z2026,GK01 2026Z19-EEG,F:GK19\Z26,GK,20261218
GK20Z2026,GK01 2026Z20-EEG,F:GK20\Z26,GK,20261218
GK21Z2026,GK01 2026Z21-EEG,F:GK21\Z26,GK,20261218
GK22Z2026,GK01 2026Z22-EEG,F:GK22\Z26,GK,20261221
GK23Z2026,GK01 2026Z23-EEG,F:GK23\Z26,GK,20261222
GK24Z2026,GK01 2026Z24-EEG,F:GK24\Z26,GK,20261223
GK25Z2026,GK01 2026Z25-EEG,F:GK25\Z26,GK,20261224
GK26Z2026,GK01 2026Z26-EEG,F:GK26\Z26,GK,20261224
GK27Z2026,GK01 2026Z27-EEG,F:GK27\Z26,GK,20261224
GK28Z2026,GK01 2026Z28-EEG,F:GK28\Z26,GK,20261224
GK29Z2026,GK01 2026Z29-EEG,F:GK29\Z26,GK,20261228
GK30Z2026,GK01 2026Z30-EEG,F:GK30\Z26,GK,20261229
GK31Z2026,GK01 2026Z31-EEG,F:GK31\Z26,GK,20261230
GK01F2027,GK01 2027F01-EEG,F:GK01\F27,GK,20261231
GK02F2027,GK01 2027F02-EEG,F:GK02\F27,GK,20261231
GK03F2027,GK01 2027F03-EEG,F:GK03\F27,GK,20261231
GK04F2027,GK01 2027F04-EEG,F:GK04\F27,GK,20261231
GK05F2027,GK01 2027F05-EEG,F:GK05\F27,GK,20270104
GK06F2027,GK01 2027F06-EEG,F:GK06\F27,GK,20270105
GK07F2027,GK01 2027F07-EEG,F:GK07\F27,GK,20270106
GK08F2027,GK01 2027F08-EEG,F:GK08\F27,GK,20270107
GK09F2027,GK01 2027F09-EEG,F:GK09\F27,GK,20270108
GX29U2026,GX29U2026,F:GX29\U26,GX,20260928
GX30U2026,GX30U2026,F:GX30\U26,GX,20260929
GX01V2026,GX01V2026,F:GX01\V26,GX,20260930
GX02V2026,GX02V2026,F:GX02\V26,GX,20261001
GX03V2026,GX03V2026,F:GX03\V26,GX,20261002
GX04V2026,GX04V2026,F:GX04\V26,GX,20261002
GX05V2026,GX05V2026,F:GX05\V26,GX,20261002
GX06V2026,GX06V2026,F:GX06\V26,GX,20261005
GX07V2026,GX07V2026,F:GX07\V26,GX,20261006
GX08V2026,GX08V2026,F:GX08\V26,GX,20261007
GX09V2026,GX09V2026,F:GX09\V26,GX,20261008
GX10V2026,GX01 2026V10-EEG,F:GX10\V26,GX,20261009
GX11V2026,GX01 2026V11-EEG,F:GX11\V26,GX,20261009
GX12V2026,GX01 2026V12-EEG,F:GX12\V26,GX,20261009
GX13V2026,GX01 2026V13-EEG,F:GX13\V26,GX,20261012
GX14V2026,GX01 2026V14-EEG,F:GX14\V26,GX,20261013
GX15V2026,GX01 2026V15-EEG,F:GX15\V26,GX,20261014
GX16V2026,GX01 2026V16-EEG,F:GX16\V26,GX,20261015
GX17V2026,GX01 2026V17-EEG,F:GX17\V26,GX,20261016
GX18V2026,GX01 2026V18-EEG,F:GX18\V26,GX,20261016
GX19V2026,GX01 2026V19-EEG,F:GX19\V26,GX,20261016
GX20V2026,GX01 2026V20-EEG,F:GX20\V26,GX,20261019
GX21V2026,GX01 2026V21-EEG,F:GX21\V26,GX,20261020
GX22V2026,GX01 2026V22-EEG,F:GX22\V26,GX,20261021
GX23V2026,GX01 2026V23-EEG,F:GX23\V26,GX,20261022
GX24V2026,GX01 2026V24-EEG,F:GX24\V26,GX,20261023
GX25V2026,GX01 2026V25-EEG,F:GX25\V26,GX,20261023
GX26V2026,GX01 2026V26-EEG,F:GX26\V26,GX,20261023
GX27V2026,GX01 2026V27-EEG,F:GX27\V26,GX,20261026
GX28V2026,GX01 2026V28-EEG,F:GX28\V26,GX,20261027
GX29V2026,GX01 2026V29-EEG,F:GX29\V26,GX,20261028
GX30V2026,GX01 2026V30-EEG,F:GX30\V26,GX,20261029
GX01X2026,GX01 2026X01-EEG,F:GX01\X26,GX,20261030
GX02X2026,GX01 2026X02-EEG,F:GX02\X26,GX,20261030
GX31V2026,GX01 2026V31-EEG,F:GX31\V26,GX,20261030
GX03X2026,GX01 2026X03-EEG,F:GX03\X26,GX,20261102
GX04X2026,GX01 2026X04-EEG,F:GX04\X26,GX,20261103
GX05X2026,GX01 2026X05-EEG,F:GX05\X26,GX,20261104
GX06X2026,GX01 2026X06-EEG,F:GX06\X26,GX,20261105
GX07X2026,GX01 2026X07-EEG,F:GX07\X26,GX,20261106
GX08X2026,GX01 2026X08-EEG,F:GX08\X26,GX,20261106
GX09X2026,GX01 2026X09-EEG,F:GX09\X26,GX,20261106
GX10X2026,GX01 2026X10-EEG,F:GX10\X26,GX,20261109
GX11X2026,GX01 2026X11-EEG,F:GX11\X26,GX,20261110
GX12X2026,GX01 2026X12-EEG,F:GX12\X26,GX,20261111
GX13X2026,GX01 2026X13-EEG,F:GX13\X26,GX,20261112
GX14X2026,GX01 2026X14-EEG,F:GX14\X26,GX,20261113
GX15X2026,GX01 2026X15-EEG,F:GX15\X26,GX,20261113
GX16X2026,GX01 2026X16-EEG,F:GX16\X26,GX,20261113
GX17X2026,GX01 2026X17-EEG,F:GX17\X26,GX,20261116
GX18X2026,GX01 2026X18-EEG,F:GX18\X26,GX,20261117
GX19X2026,GX01 2026X19-EEG,F:GX19\X26,GX,20261118
GX20X2026,GX01 2026X20-EEG,F:GX20\X26,GX,20261119
GX21X2026,GX01 2026X21-EEG,F:GX21\X26,GX,20261120
GX22X2026,GX01 2026X22-EEG,F:GX22\X26,GX,20261120
GX23X2026,GX01 2026X23-EEG,F:GX23\X26,GX,20261120
GX24X2026,GX01 2026X24-EEG,F:GX24\X26,GX,20261123
GX25X2026,GX01 2026X25-EEG,F:GX25\X26,GX,20261124
GX26X2026,GX01 2026X26-EEG,F:GX26\X26,GX,20261125
GX27X2026,GX01 2026X27-EEG,F:GX27\X26,GX,20261126
GX28X2026,GX01 2026X28-EEG,F:GX28\X26,GX,20261127
GX29X2026,GX01 2026X29-EEG,F:GX29\X26,GX,20261127
GX30X2026,GX01 2026X30-EEG,F:GX30\X26,GX,20261127
GX01Z2026,GX01 2026Z01-EEG,F:GX01\Z26,GX,20261130
GX02Z2026,GX01 2026Z02-EEG,F:GX02\Z26,GX,20261201
GX03Z2026,GX01 2026Z03-EEG,F:GX03\Z26,GX,20261202
GX04Z2026,GX01 2026Z04-EEG,F:GX04\Z26,GX,20261203
GX05Z2026,GX01 2026Z05-EEG,F:GX05\Z26,GX,20261204
GX06Z2026,GX01 2026Z06-EEG,F:GX06\Z26,GX,20261204
GX07Z2026,GX01 2026Z07-EEG,F:GX07\Z26,GX,20261204
GX08Z2026,GX01 2026Z08-EEG,F:GX08\Z26,GX,20261207
GX09Z2026,GX01 2026Z09-EEG,F:GX09\Z26,GX,20261208
GX10Z2026,GX01 2026Z10-EEG,F:GX10\Z26,GX,20261209
GX11Z2026,GX01 2026Z11-EEG,F:GX11\Z26,GX,20261210
GX12Z2026,GX01 2026Z12-EEG,F:GX12\Z26,GX,20261211
GX13Z2026,GX01 2026Z13-EEG,F:GX13\Z26,GX,20261211
GX14Z2026,GX01 2026Z14-EEG,F:GX14\Z26,GX,20261211
GX15Z2026,GX01 2026Z15-EEG,F:GX15\Z26,GX,20261214
GX16Z2026,GX01 2026Z16-EEG,F:GX16\Z26,GX,20261215
GX17Z2026,GX01 2026Z17-EEG,F:GX17\Z26,GX,20261216
GX18Z2026,GX01 2026Z18-EEG,F:GX18\Z26,GX,20261217
GX19Z2026,GX01 2026Z19-EEG,F:GX19\Z26,GX,20261218
GX20Z2026,GX01 2026Z20-EEG,F:GX20\Z26,GX,20261218
GX21Z2026,GX01 2026Z21-EEG,F:GX21\Z26,GX,20261218
GX22Z2026,GX01 2026Z22-EEG,F:GX22\Z26,GX,20261221
GX23Z2026,GX01 2026Z23-EEG,F:GX23\Z26,GX,20261222
GX24Z2026,GX01 2026Z24-EEG,F:GX24\Z26,GX,20261223
GX25Z2026,GX01 2026Z25-EEG,F:GX25\Z26,GX,20261224
GX26Z2026,GX01 2026Z26-EEG,F:GX26\Z26,GX,20261224
GX27Z2026,GX01 2026Z27-EEG,F:GX27\Z26,GX,20261224
GX28Z2026,GX01 2026Z28-EEG,F:GX28\Z26,GX,20261224
GX29Z2026,GX01 2026Z29-EEG,F:GX29\Z26,GX,20261228
GX30Z2026,GX01 2026Z30-EEG,F:GX30\Z26,GX,20261229
GX31Z2026,GX01 2026Z31-EEG,F:GX31\Z26,GX,20261230
GX01F2027,GX01 2027F01-EEG,F:GX01\F27,GX,20261231
GX02F2027,GX01 2027F02-EEG,F:GX02\F27,GX,20261231
GX03F2027,GX01 2027F03-EEG,F:GX03\F27,GX,20261231
GX04F2027,GX01 2027F04-EEG,F:GX04\F27,GX,20261231
GX05F2027,GX01 2027F05-EEG,F:GX05\F27,GX,20270104
GX06F2027,GX01 2027F06-EEG,F:GX06\F27,GX,20270105
GX07F2027,GX01 2027F07-EEG,F:GX07\F27,GX,20270106
GX08F2027,GX01 2027F08-EEG,F:GX08\F27,GX,20270107
GX09F2027,GX01 2027F09-EEG,F:GX09\F27,GX,20270108
