FABTM2026,FABT M2026-EEX,F:FABT\M26,FABT,20260624
FABTN2026,FABT N2026-EEX,F:FABT\N26,FABT,20260729
FABTQ2026,FABT Q2026-EEX,F:FABT\Q26,FABT,20260826
FABTU2026,FABT U2026-EEX,F:FABT\U26,FABT,20260930
FABTV2026,FABT V2026-EEX,F:FABT\V26,FABT,20261028
FABTX2026,FABT X2026-EEX,F:FABT\X26,FABT,20261125
FABTZ2026,FABT Z2026-EEX,F:FABT\Z26,FABT,20261216
FABTF2027,FABT F2027-EEX,F:FABT\F27,FABT,20270127
FABTG2027,FABT G2027-EEX,F:FABT\G27,FABT,20270224
FABTH2027,FABT H2027-EEX,F:FABT\H27,FABT,20270331
FABTJ2027,FABT J2027-EEX,F:FABT\J27,FABT,20270428
FABTK2027,FABT K2027-EEX,F:FABT\K27,FABT,20270526
FABTM2027,FABT M2027-EEX,F:FABT\M27,FABT,20270630
FABTN2027,FABTN2027,F:FABT\N27,FABT,20270728
FABTQ2027,FABTQ2027,F:FABT\Q27,FABT,20270825
FABTU2027,FABTU2027,F:FABT\U27,FABT,20270929
FABTV2027,FABTV2027,F:FABT\V27,FABT,20271027
FABTX2027,FABTX2027,F:FABT\X27,FABT,20271124
FABTZ2027,FABTZ2027,F:FABT\Z27,FABT,20271215
FABTF2028,FABTF2028,F:FABT\F28,FABT,20280126
FABTG2028,FABTG2028,F:FABT\G28,FABT,20280223
FABTH2028,FABTH2028,F:FABT\H28,FABT,20280329
FABTJ2028,FABTJ2028,F:FABT\J28,FABT,20280426
