1D20M2026,1D01 2026M20-EEX,F:1D20\M26,1D,20260622
1D21M2026,1D01 2026M21-EEX,F:1D21\M26,1D,20260622
1D22M2026,1D01 2026M22-EEX,F:1D22\M26,1D,20260622
1D23M2026,1D01 2026M23-EEX,F:1D23\M26,1D,20260623
1D24M2026,1D01 2026M24-EEX,F:1D24\M26,1D,20260624
1D25M2026,1D01 2026M25-EEX,F:1D25\M26,1D,20260625
1D26M2026,1D01 2026M26-EEX,F:1D26\M26,1D,20260626
1D27M2026,1D01 2026M27-EEX,F:1D27\M26,1D,20260629
1D28M2026,1D01 2026M28-EEX,F:1D28\M26,1D,20260629
1D29M2026,1D01 2026M29-EEX,F:1D29\M26,1D,20260629
1D30M2026,1D01 2026M30-EEX,F:1D30\M26,1D,20260630
1D01N2026,1D01 2026N01-EEX,F:1D01\N26,1D,20260701
1D02N2026,1D01 2026N02-EEX,F:1D02\N26,1D,20260702
1D03N2026,1D01 2026N03-EEX,F:1D03\N26,1D,20260703
1D04N2026,1D01 2026N04-EEX,F:1D04\N26,1D,20260706
1D05N2026,1D01 2026N05-EEX,F:1D05\N26,1D,20260706
1D06N2026,1D01 2026N06-EEX,F:1D06\N26,1D,20260706
1D07N2026,1D01 2026N07-EEX,F:1D07\N26,1D,20260707
1D08N2026,1D01 2026N08-EEX,F:1D08\N26,1D,20260708
1D09N2026,1D01 2026N09-EEX,F:1D09\N26,1D,20260709
1D10N2026,1D01 2026N10-EEX,F:1D10\N26,1D,20260710
1D11N2026,1D01 2026N11-EEX,F:1D11\N26,1D,20260713
1D12N2026,1D01 2026N12-EEX,F:1D12\N26,1D,20260713
1D13N2026,1D01 2026N13-EEX,F:1D13\N26,1D,20260713
1D14N2026,1D01 2026N14-EEX,F:1D14\N26,1D,20260714
1D15N2026,1D01 2026N15-EEX,F:1D15\N26,1D,20260715
1D16N2026,1D01 2026N16-EEX,F:1D16\N26,1D,20260716
1D17N2026,1D01 2026N17-EEX,F:1D17\N26,1D,20260717
1D18N2026,1D01 2026N18-EEX,F:1D18\N26,1D,20260720
1D19N2026,1D01 2026N19-EEX,F:1D19\N26,1D,20260720
1D20N2026,1D01 2026N20-EEX,F:1D20\N26,1D,20260720
1D21N2026,1D01 2026N21-EEX,F:1D21\N26,1D,20260721
1D22N2026,1D22N2026,F:1D22\N26,1D,20260722
1D23N2026,1D23N2026,F:1D23\N26,1D,20260723
1D24N2026,1D24N2026,F:1D24\N26,1D,20260724
1D25N2026,1D25N2026,F:1D25\N26,1D,20260727
1D26N2026,1D26N2026,F:1D26\N26,1D,20260727
1D27N2026,1D27N2026,F:1D27\N26,1D,20260727
1D28N2026,1D28N2026,F:1D28\N26,1D,20260728
1D29N2026,1D29N2026,F:1D29\N26,1D,20260729
1D30N2026,1D30N2026,F:1D30\N26,1D,20260730
1D31N2026,1D31N2026,F:1D31\N26,1D,20260731
1D01Q2026,1D01Q2026,F:1D01\Q26,1D,20260803
1D02Q2026,1D02Q2026,F:1D02\Q26,1D,20260803
1D03Q2026,1D03Q2026,F:1D03\Q26,1D,20260803
1D04Q2026,1D04Q2026,F:1D04\Q26,1D,20260804
1D05Q2026,1D05Q2026,F:1D05\Q26,1D,20260805
1D06Q2026,1D06Q2026,F:1D06\Q26,1D,20260806
1D07Q2026,1D01 2026Q07-EEX,F:1D07\Q26,1D,20260807
1D08Q2026,1D01 2026Q08-EEX,F:1D08\Q26,1D,20260810
1D09Q2026,1D01 2026Q09-EEX,F:1D09\Q26,1D,20260810
1D10Q2026,1D01 2026Q10-EEX,F:1D10\Q26,1D,20260810
1D11Q2026,1D01 2026Q11-EEX,F:1D11\Q26,1D,20260811
1D12Q2026,1D01 2026Q12-EEX,F:1D12\Q26,1D,20260812
1D13Q2026,1D01 2026Q13-EEX,F:1D13\Q26,1D,20260813
1D14Q2026,1D01 2026Q14-EEX,F:1D14\Q26,1D,20260814
1D15Q2026,1D01 2026Q15-EEX,F:1D15\Q26,1D,20260817
1D16Q2026,1D01 2026Q16-EEX,F:1D16\Q26,1D,20260817
