GB05U2020,GB05 U2020-HNF,F:GB05\U20,GB05,20200916
GB05H2022,GB05 H2022-HNF,F:GB05\H22,GB05,20220318
GB05M2022,GB05 M2022-HNF,F:GB05\M22,GB05,20220617
GB05U2022,GB05 U2022-HNF,F:GB05\U22,GB05,20220916
GB10H2022,GB10 H2022-HNF,F:GB10\H22,GB10,20220318
GB10M2022,GB10 M2022-HNF,F:GB10\M22,GB10,20220617
GB10U2022,GB10 U2022-HNF,F:GB10\U22,GB10,20220916
VN30J2020,VN30 J2020-HNF,F:VN30\J20,VN30,20200416
VN30K2020,VN30 K2020-HNF,F:VN30\K20,VN30,20200521
VN30M2020,VN30 M2020-HNF,F:VN30\M20,VN30,20200618
VN30N2020,VN30 N2020-HNF,F:VN30\N20,VN30,20200716
VN30Q2020,VN30 Q2020-HNF,F:VN30\Q20,VN30,20200820
VN30U2020,VN30 U2020-HNF,F:VN30\U20,VN30,20200917
VN30V2020,VN30 V2020-HNF,F:VN30\V20,VN30,20201015
VN30X2020,VN30 X2020-HNF,F:VN30\X20,VN30,20201119
VN30Z2020,VN30 Z2020-HNF,F:VN30\Z20,VN30,20201217
VN30F2021,VN30 F2021-HNF,F:VN30\F21,VN30,20210121
VN30G2021,VN30 G2021-HNF,F:VN30\G21,VN30,20210218
VN30H2021,VN30 H2021-HNF,F:VN30\H21,VN30,20210318
VN30J2021,VN30 J2021-HNF,F:VN30\J21,VN30,20210415
VN30K2021,VN30 K2021-HNF,F:VN30\K21,VN30,20210520
VN30M2021,VN30 M2021-HNF,F:VN30\M21,VN30,20210617
VN30N2021,VN30 N2021-HNF,F:VN30\N21,VN30,20210715
VN30Q2021,VN30 Q2021-HNF,F:VN30\Q21,VN30,20210819
VN30U2021,VN30 U2021-HNF,F:VN30\U21,VN30,20210916
VN30V2021,VN30 V2021-HNF,F:VN30\V21,VN30,20211021
VN30X2021,VN30 X2021-HNF,F:VN30\X21,VN30,20211118
VN30Z2021,VN30 Z2021-HNF,F:VN30\Z21,VN30,20211216
VN30F2022,VN30 F2022-HNF,F:VN30\F22,VN30,20220120
VN30G2022,VN30 G2022-HNF,F:VN30\G22,VN30,20220218
VN30H2022,VN30 H2022-HNF,F:VN30\H22,VN30,20220318
VN30J2022,VN30 J2022-HNF,F:VN30\J22,VN30,20220415
VN30K2022,VN30 K2022-HNF,F:VN30\K22,VN30,20220520
VN30M2022,VN30 M2022-HNF,F:VN30\M22,VN30,20220617
VN30N2022,VN30 N2022-HNF,F:VN30\N22,VN30,20220715
VN30Q2022,VN30 Q2022-HNF,F:VN30\Q22,VN30,20220819
VN30U2022,VN30 U2022-HNF,F:VN30\U22,VN30,20220916
VN30Z2022,VN30 Z2022-HNF,F:VN30\Z22,VN30,20221216
