CCZ1980,CC Z1980,F:CC\Z80,CC,19801218
CCH1981,CC H1981,F:CC\H81,CC,19810320
CCK1981,CC K1981,F:CC\K81,CC,19810519
CCN1981,CC N1981,F:CC\N81,CC,19810722
CCU1981,CC U1981,F:CC\U81,CC,19810921
CCZ1981,CC Z1981,F:CC\Z81,CC,19811218
CCH1982,CC H1982,F:CC\H82,CC,19820322
CCK1982,CC K1982,F:CC\K82,CC,19820519
CCN1982,CC N1982,F:CC\N82,CC,19820721
CCU1982,CC U1982,F:CC\U82,CC,19820916
CCZ1982,CC Z1982,F:CC\Z82,CC,19821215
CCH1983,CC H1983,F:CC\H83,CC,19830317
CCK1983,CC K1983,F:CC\K83,CC,19830516
CCN1983,CC N1983,F:CC\N83,CC,19830715
CCU1983,CC U1983,F:CC\U83,CC,19830916
CCZ1983,CC Z1983,F:CC\Z83,CC,19831215
CCH1984,CC H1984,F:CC\H84,CC,19840316
CCK1984,CC K1984,F:CC\K84,CC,19840516
CCN1984,CC N1984,F:CC\N84,CC,19840716
CCU1984,CC U1984,F:CC\U84,CC,19840914
CCZ1984,CC Z1984,F:CC\Z84,CC,19841213
CCH1985,CC H1985,F:CC\H85,CC,19850315
CCK1985,CC K1985,F:CC\K85,CC,19850516
CCN1985,CC N1985,F:CC\N85,CC,19850717
CCU1985,CC U1985,F:CC\U85,CC,19850916
CCZ1985,CC Z1985,F:CC\Z85,CC,19851213
CCH1986,CC H1986,F:CC\H86,CC,19860314
CCK1986,CC K1986,F:CC\K86,CC,19860515
CCN1986,CC N1986,F:CC\N86,CC,19860731
CCU1986,CC U1986,F:CC\U86,CC,19860916
CCZ1986,CC Z1986,F:CC\Z86,CC,19861215
CCH1987,CC H1987,F:CC\H87,CC,19870317
CCK1987,CC K1987,F:CC\K87,CC,19870514
CCN1987,CC N1987,F:CC\N87,CC,19870716
CCU1987,CC U1987,F:CC\U87,CC,19870915
CCZ1987,CC Z1987,F:CC\Z87,CC,19871215
CCH1988,CC H1988,F:CC\H88,CC,19880316
CCK1988,CC K1988,F:CC\K88,CC,19880513
CCN1988,CC N1988,F:CC\N88,CC,19880714
CCU1988,CC U1988,F:CC\U88,CC,19880915
CCZ1988,CC Z1988,F:CC\Z88,CC,19881214
CCH1989,CC H1989,F:CC\H89,CC,19890315
CCK1989,CC K1989,F:CC\K89,CC,19890515
CCN1989,CC N1989,F:CC\N89,CC,19890714
CCU1989,CC U1989,F:CC\U89,CC,19890914
CCZ1989,CC Z1989,F:CC\Z89,CC,19891213
CCH1990,CC H1990,F:CC\H90,CC,19900315
CCK1990,CC K1990,F:CC\K90,CC,19900515
CCN1990,CC N1990,F:CC\N90,CC,19900716
CCU1990,CC U1990,F:CC\U90,CC,19900913
CCZ1990,CC Z1990,F:CC\Z90,CC,19901211
CCH1991,CC H1991,F:CC\H91,CC,19910313
CCK1991,CC K1991,F:CC\K91,CC,19910515
CCN1991,CC N1991,F:CC\N91,CC,19910716
CCU1991,CC U1991,F:CC\U91,CC,19910913
CCZ1991,CC Z1991,F:CC\Z91,CC,19911213
CCH1992,CC H1992,F:CC\H92,CC,19920316
CCK1992,CC K1992,F:CC\K92,CC,19920513
CCN1992,CC N1992,F:CC\N92,CC,19920716
CCU1992,CC U1992,F:CC\U92,CC,19920915
CCZ1992,CC Z1992,F:CC\Z92,CC,19921215
CCH1993,CC H1993,F:CC\H93,CC,19930316
CCK1993,CC K1993,F:CC\K93,CC,19930513
CCN1993,CC N1993,F:CC\N93,CC,19930715
CCU1993,CC U1993,F:CC\U93,CC,19930915
CCZ1993,CC Z1993,F:CC\Z93,CC,19931214
CCH1994,CC H1994,F:CC\H94,CC,19940316
CCK1994,CC K1994,F:CC\K94,CC,19940513
CCN1994,CC N1994,F:CC\N94,CC,19940714
CCU1994,CC U1994,F:CC\U94,CC,19940915
CCZ1994,CC Z1994,F:CC\Z94,CC,19941214
CCH1995,CC H1995,F:CC\H95,CC,19950316
CCK1995,CC K1995,F:CC\K95,CC,19950515
CCN1995,CC N1995,F:CC\N95,CC,19950714
CCU1995,CC U1995,F:CC\U95,CC,19950914
CCZ1995,CC Z1995,F:CC\Z95,CC,19951213
CCH1996,CC H1996,F:CC\H96,CC,19960314
CCK1996,CC K1996,F:CC\K96,CC,19960515
CCN1996,CC N1996,F:CC\N96,CC,19960716
CCU1996,CC U1996,F:CC\U96,CC,19960913
CCZ1996,CC Z1996,F:CC\Z96,CC,19961212
CCH1997,CC H1997,F:CC\H97,CC,19970313
CCK1997,CC K1997,F:CC\K97,CC,19970514
CCN1997,CC N1997,F:CC\N97,CC,19970716
CCU1997,CC U1997,F:CC\U97,CC,19970915
CCZ1997,CC Z1997,F:CC\Z97,CC,19971212
CCH1998,CC H1998,F:CC\H98,CC,19980316
CCK1998,CC K1998,F:CC\K98,CC,19980513
CCN1998,CC N1998,F:CC\N98,CC,19980716
CCU1998,CC U1998,F:CC\U98,CC,19980915
CCZ1998,CC Z1998,F:CC\Z98,CC,19981215
CCH1999,CC H1999,F:CC\H99,CC,19990316
CCK1999,CC K1999,F:CC\K99,CC,19990513
CCN1999,CC N1999,F:CC\N99,CC,19990715
CCU1999,CC U1999,F:CC\U99,CC,19990915
CCZ1999,CC Z1999,F:CC\Z99,CC,19991214
CCH2000,CC H2000,F:CC\H00,CC,20000316
CCK2000,CC K2000,F:CC\K00,CC,20000515
CCN2000,CC N2000,F:CC\N00,CC,20000714
CCU2000,CC U2000,F:CC\U00,CC,20000914
CCZ2000,CC Z2000,F:CC\Z00,CC,20001213
CCH2001,CC H2001,F:CC\H01,CC,20010315
CCK2001,CC K2001,F:CC\K01,CC,20010515
CCN2001,CC N2001,F:CC\N01,CC,20010716
CCU2001,CC U2001,F:CC\U01,CC,20010918
CCZ2001,CC Z2001,F:CC\Z01,CC,20011211
CCH2002,CC H2002,F:CC\H02,CC,20020313
CCK2002,CC K2002,F:CC\K02,CC,20020515
CCN2002,CC N2002,F:CC\N02,CC,20020716
CCU2002,CC U2002,F:CC\U02,CC,20020913
CCZ2002,CC Z2002,F:CC\Z02,CC,20021212
CCH2003,CC H2003,F:CC\H03,CC,20030314
CCK2003,CC K2003,F:CC\K03,CC,20030514
CCN2003,CC N2003,F:CC\N03,CC,20030716
CCU2003,CC U2003,F:CC\U03,CC,20030915
CCZ2003,CC Z2003,F:CC\Z03,CC,20031212
CCH2004,CC H2004,F:CC\H04,CC,20040316
CCK2004,CC K2004,F:CC\K04,CC,20040513
CCN2004,CC N2004,F:CC\N04,CC,20040715
CCU2004,CC U2004,F:CC\U04,CC,20040915
CCZ2004,CC Z2004,F:CC\Z04,CC,20041215
CCH2005,CC H2005,F:CC\H05,CC,20050315
CCK2005,CC K2005,F:CC\K05,CC,20050513
CCN2005,CC N2005,F:CC\N05,CC,20050714
CCU2005,CC U2005,F:CC\U05,CC,20050915
CCZ2005,CC Z2005,F:CC\Z05,CC,20051214
CCH2006,CC H2006,F:CC\H06,CC,20060316
CCK2006,CC K2006,F:CC\K06,CC,20060515
CCN2006,CC N2006,F:CC\N06,CC,20060714
CCU2006,CC U2006,F:CC\U06,CC,20060914
CCZ2006,CC Z2006,F:CC\Z06,CC,20061213
CCH2007,CC H2007,F:CC\H07,CC,20070315
CCK2007,CC K2007,F:CC\K07,CC,20070515
CCN2007,CC N2007,F:CC\N07,CC,20070716
CCU2007,CC U2007,F:CC\U07,CC,20070913
CCZ2007,CC Z2007,F:CC\Z07,CC,20071213
CCH2008,CC H2008,F:CC\H08,CC,20080313
CCK2008,CC K2008,F:CC\K08,CC,20080514
CCN2008,CC N2008,F:CC\N08,CC,20080716
CCU2008,CC U2008,F:CC\U08,CC,20080915
CCZ2008,CC Z2008,F:CC\Z08,CC,20081215
CCH2009,CC H2009,F:CC\H09,CC,20090316
CCK2009,CC K2009,F:CC\K09,CC,20090513
CCN2009,CC N2009,F:CC\N09,CC,20090716
CCU2009,CC U2009,F:CC\U09,CC,20090915
CCZ2009,CC Z2009,F:CC\Z09,CC,20091215
CCH2010,CC H2010,F:CC\H10,CC,20100316
CCK2010,CC K2010,F:CC\K10,CC,20100513
CCN2010,CC N2010,F:CC\N10,CC,20100715
CCU2010,CC U2010,F:CC\U10,CC,20100915
CCZ2010,CC Z2010,F:CC\Z10,CC,20101215
CCH2011,CC H2011,F:CC\H11,CC,20110316
CCK2011,CC K2011,F:CC\K11,CC,20110513
CCN2011,CC N2011,F:CC\N11,CC,20110714
CCU2011,CC U2011,F:CC\U11,CC,20110915
CCZ2011,CC Z2011,F:CC\Z11,CC,20111214
CCH2012,CC H2012,F:CC\H12,CC,20120315
CCK2012,CC K2012,F:CC\K12,CC,20120515
CCN2012,CC N2012,F:CC\N12,CC,20120716
CCU2012,CC U2012,F:CC\U12,CC,20120913
CCZ2012,CC Z2012,F:CC\Z12,CC,20121213
CCH2013,CC H2013,F:CC\H13,CC,20130313
CCK2013,CC K2013,F:CC\K13,CC,20130515
CCN2013,CC N2013,F:CC\N13,CC,20130716
CCU2013,CC U2013,F:CC\U13,CC,20130913
CCZ2013,CC Z2013,F:CC\Z13,CC,20131213
CCH2014,CC H2014,F:CC\H14,CC,20140314
CCK2014,CC K2014,F:CC\K14,CC,20140514
CCN2014,CC N2014,F:CC\N14,CC,20140716
CCU2014,CC U2014,F:CC\U14,CC,20140915
CCZ2014,CC Z2014,F:CC\Z14,CC,20141215
CCH2015,CC H2015,F:CC\H15,CC,20150316
CCK2015,CC K2015,F:CC\K15,CC,20150513
CCN2015,CC N2015,F:CC\N15,CC,20150716
CCU2015,CC U2015,F:CC\U15,CC,20150915
CCZ2015,CC Z2015,F:CC\Z15,CC,20151215
CCH2016,CC H2016,F:CC\H16,CC,20160315
CCK2016,CC K2016,F:CC\K16,CC,20160513
CCN2016,CC N2016,F:CC\N16,CC,20160714
CCU2016,CC U2016,F:CC\U16,CC,20160915
CCZ2016,CC Z2016,F:CC\Z16,CC,20161214
CCH2017,CC H2017,F:CC\H17,CC,20170316
CCK2017,CC K2017,F:CC\K17,CC,20170515
CCN2017,CC N2017,F:CC\N17,CC,20170714
CCU2017,CC U2017,F:CC\U17,CC,20170914
CCZ2017,CC Z2017,F:CC\Z17,CC,20171213
CCH2018,CC H2018,F:CC\H18,CC,20180314
CCK2018,CC K2018,F:CC\K18,CC,20180515
CCN2018,CC N2018,F:CC\N18,CC,20180716
CCU2018,CC U2018,F:CC\U18,CC,20180913
CCZ2018,CC Z2018,F:CC\Z18,CC,20181213
CCH2019,CC H2019,F:CC\H19,CC,20190314
CCK2019,CC K2019,F:CC\K19,CC,20190515
CCN2019,CC N2019,F:CC\N19,CC,20190716
CCU2019,CC U2019,F:CC\U19,CC,20190913
CCZ2019,CC Z2019,F:CC\Z19,CC,20191213
CCH2020,CC H2020,F:CC\H20,CC,20200316
CCK2020,CC K2020,F:CC\K20,CC,20200513
CCN2020,CC N2020,F:CC\N20,CC,20200716
CCQ2020,CC Q2020,F:CC\Q20,CC,20200831
CCV2020,CC V2020,F:CC\V20,CC,20200904
CCU2020,CC U2020,F:CC\U20,CC,20200915
CCX2020,CC X2020,F:CC\X20,CC,20201002
CCZ2020,CC Z2020,F:CC\Z20,CC,20201215
CCH2021,CC H2021,F:CC\H21,CC,20210316
CCK2021,CC K2021,F:CC\K21,CC,20210513
CCN2021,CC N2021,F:CC\N21,CC,20210715
CCU2021,CC U2021,F:CC\U21,CC,20210915
CCZ2021,CC Z2021,F:CC\Z21,CC,20211215
CCH2022,CC H2022,F:CC\H22,CC,20220316
CCK2022,CC K2022,F:CC\K22,CC,20220513
CCN2022,CC N2022,F:CC\N22,CC,20220729
CCU2022,CC U2022,F:CC\U22,CC,20220915
CCZ2022,CC Z2022,F:CC\Z22,CC,20221214
CCH2023,CC H2023,F:CC\H23,CC,20230316
CCK2023,CC K2023,F:CC\K23,CC,20230515
CCN2023,CC N2023,F:CC\N23,CC,20230714
CCU2023,CC U2023,F:CC\U23,CC,20230914
CCZ2023,CC Z2023,F:CC\Z23,CC,20231213
CCH2024,CC H2024,F:CC\H24,CC,20240313
CCK2024,CC K2024,F:CC\K24,CC,20240515
CCN2024,CC N2024,F:CC\N24,CC,20240716
CCU2024,CC U2024,F:CC\U24,CC,20240913
CC.ZN2010,CCZ N2010,F:CC.Z\N10,CC.Z,20100715
CC.ZU2010,CCZ U2010,F:CC.Z\U10,CC.Z,20100915
CC.ZZ2010,CCZ Z2010,F:CC.Z\Z10,CC.Z,20101215
CC.ZH2011,CCZ H2011,F:CC.Z\H11,CC.Z,20110316
CC.ZK2011,CCZ K2011,F:CC.Z\K11,CC.Z,20110513
CC.ZN2011,CCZ N2011,F:CC.Z\N11,CC.Z,20110714
CC.ZU2011,CCZ U2011,F:CC.Z\U11,CC.Z,20110915
CC.ZZ2011,CCZ Z2011,F:CC.Z\Z11,CC.Z,20111214
CC.ZH2012,CCZ H2012,F:CC.Z\H12,CC.Z,20120315
CC.ZK2012,CCZ K2012,F:CC.Z\K12,CC.Z,20120515
CC.ZN2012,CCZ N2012,F:CC.Z\N12,CC.Z,20120716
CC.ZU2012,CCZ U2012,F:CC.Z\U12,CC.Z,20120913
CC.ZZ2012,CCZ Z2012,F:CC.Z\Z12,CC.Z,20121213
CC.ZH2013,CCZ H2013,F:CC.Z\H13,CC.Z,20130313
CC.ZK2013,CCZ K2013,F:CC.Z\K13,CC.Z,20130515
CC.ZN2013,CCZ N2013,F:CC.Z\N13,CC.Z,20130716
CC.ZU2013,CCZ U2013,F:CC.Z\U13,CC.Z,20130913
CC.ZZ2013,CCZ Z2013,F:CC.Z\Z13,CC.Z,20131213
CC.ZH2014,CCZ H2014,F:CC.Z\H14,CC.Z,20140314
CC.ZK2014,CCZ K2014,F:CC.Z\K14,CC.Z,20140514
CC.ZN2014,CCZ N2014,F:CC.Z\N14,CC.Z,20140716
CC.ZU2014,CCZ U2014,F:CC.Z\U14,CC.Z,20140915
CC.ZZ2014,CCZ Z2014,F:CC.Z\Z14,CC.Z,20141215
CC.ZH2015,CCZ H2015,F:CC.Z\H15,CC.Z,20150316
CC.ZK2015,CCZ K2015,F:CC.Z\K15,CC.Z,20150513
CC.ZN2015,CCZ N2015,F:CC.Z\N15,CC.Z,20150716
CC.ZU2015,CCZ U2015,F:CC.Z\U15,CC.Z,20150915
CC.ZZ2015,CCZ Z2015,F:CC.Z\Z15,CC.Z,20151215
CC.ZH2016,CCZ H2016,F:CC.Z\H16,CC.Z,20160315
CC.ZK2016,CCZ K2016,F:CC.Z\K16,CC.Z,20160513
CC.ZN2016,CCZ N2016,F:CC.Z\N16,CC.Z,20160714
CC.ZU2016,CCZ U2016,F:CC.Z\U16,CC.Z,20160915
CC.ZZ2016,CCZ Z2016,F:CC.Z\Z16,CC.Z,20161214
CC.ZH2017,CCZ H2017,F:CC.Z\H17,CC.Z,20170316
CC.ZK2017,CCZ K2017,F:CC.Z\K17,CC.Z,20170515
CC.ZN2017,CCZ N2017,F:CC.Z\N17,CC.Z,20170714
CC.ZU2017,CCZ U2017,F:CC.Z\U17,CC.Z,20170914
CC.ZZ2017,CCZ Z2017,F:CC.Z\Z17,CC.Z,20171213
CC.ZH2018,CCZ H2018,F:CC.Z\H18,CC.Z,20180314
CC.ZK2018,CCZ K2018,F:CC.Z\K18,CC.Z,20180515
CC.ZN2018,CCZ N2018,F:CC.Z\N18,CC.Z,20180716
CC.ZU2018,CCZ U2018,F:CC.Z\U18,CC.Z,20180913
CC.ZZ2018,CCZ Z2018,F:CC.Z\Z18,CC.Z,20181213
CC.ZH2019,CCZ H2019,F:CC.Z\H19,CC.Z,20190314
CC.ZK2019,CCZ K2019,F:CC.Z\K19,CC.Z,20190515
CC.ZN2019,CCZ N2019,F:CC.Z\N19,CC.Z,20190716
CC.ZU2019,CCZ U2019,F:CC.Z\U19,CC.Z,20190913
CC.ZZ2019,CCZ Z2019,F:CC.Z\Z19,CC.Z,20191213
CC.ZH2020,CCZ H2020,F:CC.Z\H20,CC.Z,20200316
CC.ZK2020,CCZ K2020,F:CC.Z\K20,CC.Z,20200513
CC.ZN2020,CCZ N2020,F:CC.Z\N20,CC.Z,20200715
CC.ZU2020,CCZ U2020,F:CC.Z\U20,CC.Z,20200817
CC.ZZ2020,CCZ Z2020,F:CC.Z\Z20,CC.Z,20201113
CC.ZH2021,CCZ H2021,F:CC.Z\H21,CC.Z,20210211
CC.ZK2021,CCZ K2021,F:CC.Z\K21,CC.Z,20210416
CC.ZN2021,CCZ N2021,F:CC.Z\N21,CC.Z,20210616
CC.ZU2021,CCZ U2021,F:CC.Z\U21,CC.Z,20210817
CC.ZZ2021,CCZ Z2021,F:CC.Z\Z21,CC.Z,20211115
CC.ZH2022,CCZ H2022,F:CC.Z\H22,CC.Z,20220218
CC.ZK2022,CCZ K2022,F:CC.Z\K22,CC.Z,20220422
CC.ZN2022,CCZ N2022,F:CC.Z\N22,CC.Z,20220623
CC.ZU2022,CCZ U2022,F:CC.Z\U22,CC.Z,20220824
CC.ZZ2022,CCZ Z2022,F:CC.Z\Z22,CC.Z,20221122
CC.ZH2023,CCZ H2023,F:CC.Z\H23,CC.Z,20230221
CC.ZK2023,CCZ K2023,F:CC.Z\K23,CC.Z,20230421
CCZN2010,CCZ N2010,F:CC.Z\N10,CCZ,20100715
CCZU2010,CCZ U2010,F:CC.Z\U10,CCZ,20100915
CCZZ2010,CCZ Z2010,F:CC.Z\Z10,CCZ,20101215
CCZH2011,CCZ H2011,F:CC.Z\H11,CCZ,20110316
CCZK2011,CCZ K2011,F:CC.Z\K11,CCZ,20110513
CCZN2011,CCZ N2011,F:CC.Z\N11,CCZ,20110714
CCZU2011,CCZ U2011,F:CC.Z\U11,CCZ,20110915
CCZZ2011,CCZ Z2011,F:CC.Z\Z11,CCZ,20111214
CCZH2012,CCZ H2012,F:CC.Z\H12,CCZ,20120315
CCZK2012,CCZ K2012,F:CC.Z\K12,CCZ,20120515
CCZN2012,CCZ N2012,F:CC.Z\N12,CCZ,20120716
CCZU2012,CCZ U2012,F:CC.Z\U12,CCZ,20120913
CCZZ2012,CCZ Z2012,F:CC.Z\Z12,CCZ,20121213
CCZH2013,CCZ H2013,F:CC.Z\H13,CCZ,20130313
CCZK2013,CCZ K2013,F:CC.Z\K13,CCZ,20130515
CCZN2013,CCZ N2013,F:CC.Z\N13,CCZ,20130716
CCZU2013,CCZ U2013,F:CC.Z\U13,CCZ,20130913
CCZZ2013,CCZ Z2013,F:CC.Z\Z13,CCZ,20131213
CCZH2014,CCZ H2014,F:CC.Z\H14,CCZ,20140314
CCZK2014,CCZ K2014,F:CC.Z\K14,CCZ,20140514
CCZN2014,CCZ N2014,F:CC.Z\N14,CCZ,20140716
CCZU2014,CCZ U2014,F:CC.Z\U14,CCZ,20140915
CCZZ2014,CCZ Z2014,F:CC.Z\Z14,CCZ,20141215
CCZH2015,CCZ H2015,F:CC.Z\H15,CCZ,20150316
CCZK2015,CCZ K2015,F:CC.Z\K15,CCZ,20150513
CCZN2015,CCZ N2015,F:CC.Z\N15,CCZ,20150716
CCZU2015,CCZ U2015,F:CC.Z\U15,CCZ,20150915
CCZZ2015,CCZ Z2015,F:CC.Z\Z15,CCZ,20151215
CCZH2016,CCZ H2016,F:CC.Z\H16,CCZ,20160315
CCZK2016,CCZ K2016,F:CC.Z\K16,CCZ,20160513
CCZN2016,CCZ N2016,F:CC.Z\N16,CCZ,20160714
CCZU2016,CCZ U2016,F:CC.Z\U16,CCZ,20160915
CCZZ2016,CCZ Z2016,F:CC.Z\Z16,CCZ,20161214
CCZH2017,CCZ H2017,F:CC.Z\H17,CCZ,20170316
CCZK2017,CCZ K2017,F:CC.Z\K17,CCZ,20170515
CCZN2017,CCZ N2017,F:CC.Z\N17,CCZ,20170714
CCZU2017,CCZ U2017,F:CC.Z\U17,CCZ,20170914
CCZZ2017,CCZ Z2017,F:CC.Z\Z17,CCZ,20171213
CCZH2018,CCZ H2018,F:CC.Z\H18,CCZ,20180314
CCZK2018,CCZ K2018,F:CC.Z\K18,CCZ,20180515
CCZN2018,CCZ N2018,F:CC.Z\N18,CCZ,20180716
CCZU2018,CCZ U2018,F:CC.Z\U18,CCZ,20180913
CCZZ2018,CCZ Z2018,F:CC.Z\Z18,CCZ,20181213
CCZH2019,CCZ H2019,F:CC.Z\H19,CCZ,20190314
CCZK2019,CCZ K2019,F:CC.Z\K19,CCZ,20190515
CCZN2019,CCZ N2019,F:CC.Z\N19,CCZ,20190716
CCZU2019,CCZ U2019,F:CC.Z\U19,CCZ,20190913
CCZZ2019,CCZ Z2019,F:CC.Z\Z19,CCZ,20191213
CCZH2020,CCZ H2020,F:CC.Z\H20,CCZ,20200316
CCZK2020,CCZ K2020,F:CC.Z\K20,CCZ,20200513
CCZU2020,CCZ U2020,F:CC.Z\U20,CCZ,20200817
CCZZ2020,CCZ Z2020,F:CC.Z\Z20,CCZ,20201113
CCZH2021,CCZ H2021,F:CC.Z\H21,CCZ,20210211
CTZ1972,CT Z1972,F:CT\Z72,CT,19721206
CTH1973,CT H1973,F:CT\H73,CT,19730308
CTK1973,CT K1973,F:CT\K73,CT,19730508
CTN1973,CT N1973,F:CT\N73,CT,19730709
CTV1973,CT V1973,F:CT\V73,CT,19731005
CTZ1973,CT Z1973,F:CT\Z73,CT,19731206
CTH1974,CT H1974,F:CT\H74,CT,19740307
CTK1974,CT K1974,F:CT\K74,CT,19740508
CTN1974,CT N1974,F:CT\N74,CT,19740709
CTV1974,CT V1974,F:CT\V74,CT,19741009
CTZ1974,CT Z1974,F:CT\Z74,CT,19741206
CTH1975,CT H1975,F:CT\H75,CT,19750306
CTK1975,CT K1975,F:CT\K75,CT,19750507
CTN1975,CT N1975,F:CT\N75,CT,19750709
CTV1975,CT V1975,F:CT\V75,CT,19751009
CTZ1975,CT Z1975,F:CT\Z75,CT,19751208
CTH1976,CT H1976,F:CT\H76,CT,19760309
CTK1976,CT K1976,F:CT\K76,CT,19760506
CTN1976,CT N1976,F:CT\N76,CT,19760708
CTV1976,CT V1976,F:CT\V76,CT,19761007
CTZ1976,CT Z1976,F:CT\Z76,CT,19761209
CTH1977,CT H1977,F:CT\H77,CT,19770309
CTK1977,CT K1977,F:CT\K77,CT,19770506
CTN1977,CT N1977,F:CT\N77,CT,19770707
CTV1977,CT V1977,F:CT\V77,CT,19771007
CTZ1977,CT Z1977,F:CT\Z77,CT,19771207
CTH1978,CT H1978,F:CT\H78,CT,19780308
CTK1978,CT K1978,F:CT\K78,CT,19780508
CTN1978,CT N1978,F:CT\N78,CT,19780707
CTV1978,CT V1978,F:CT\V78,CT,19781009
CTZ1978,CT Z1978,F:CT\Z78,CT,19781206
CTH1979,CT H1979,F:CT\H79,CT,19790308
CTK1979,CT K1979,F:CT\K79,CT,19790508
CTN1979,CT N1979,F:CT\N79,CT,19790709
CTV1979,CT V1979,F:CT\V79,CT,19791009
CTZ1979,CT Z1979,F:CT\Z79,CT,19791206
CTH1980,CT H1980,F:CT\H80,CT,19800307
CTK1980,CT K1980,F:CT\K80,CT,19800507
CTN1980,CT N1980,F:CT\N80,CT,19800709
CTV1980,CT V1980,F:CT\V80,CT,19801009
CTZ1980,CT Z1980,F:CT\Z80,CT,19801208
CTH1981,CT H1981,F:CT\H81,CT,19810309
CTK1981,CT K1981,F:CT\K81,CT,19810506
CTN1981,CT N1981,F:CT\N81,CT,19810709
CTV1981,CT V1981,F:CT\V81,CT,19811008
CTZ1981,CT Z1981,F:CT\Z81,CT,19811208
CTH1982,CT H1982,F:CT\H82,CT,19820309
CTK1982,CT K1982,F:CT\K82,CT,19820506
CTN1982,CT N1982,F:CT\N82,CT,19820708
CTV1982,CT V1982,F:CT\V82,CT,19821007
CTZ1982,CT Z1982,F:CT\Z82,CT,19821207
CTH1983,CT H1983,F:CT\H83,CT,19830309
CTK1983,CT K1983,F:CT\K83,CT,19830506
CTN1983,CT N1983,F:CT\N83,CT,19830707
CTV1983,CT V1983,F:CT\V83,CT,19831007
CTZ1983,CT Z1983,F:CT\Z83,CT,19831207
CTH1984,CT H1984,F:CT\H84,CT,19840308
CTK1984,CT K1984,F:CT\K84,CT,19840508
CTN1984,CT N1984,F:CT\N84,CT,19840709
CTV1984,CT V1984,F:CT\V84,CT,19841009
CTZ1984,CT Z1984,F:CT\Z84,CT,19841206
CTH1985,CT H1985,F:CT\H85,CT,19850307
CTK1985,CT K1985,F:CT\K85,CT,19850508
CTN1985,CT N1985,F:CT\N85,CT,19850709
CTV1985,CT V1985,F:CT\V85,CT,19851009
CTZ1985,CT Z1985,F:CT\Z85,CT,19851206
CTH1986,CT H1986,F:CT\H86,CT,19860306
CTK1986,CT K1986,F:CT\K86,CT,19860507
CTN1986,CT N1986,F:CT\N86,CT,19860709
CTV1986,CT V1986,F:CT\V86,CT,19861009
CTZ1986,CT Z1986,F:CT\Z86,CT,19861208
CTH1987,CT H1987,F:CT\H87,CT,19870309
CTK1987,CT K1987,F:CT\K87,CT,19870506
CTN1987,CT N1987,F:CT\N87,CT,19870709
CTV1987,CT V1987,F:CT\V87,CT,19871008
CTZ1987,CT Z1987,F:CT\Z87,CT,19871208
CTH1988,CT H1988,F:CT\H88,CT,19880309
CTK1988,CT K1988,F:CT\K88,CT,19880506
CTN1988,CT N1988,F:CT\N88,CT,19880707
CTV1988,CT V1988,F:CT\V88,CT,19881007
CTZ1988,CT Z1988,F:CT\Z88,CT,19881207
CTH1989,CT H1989,F:CT\H89,CT,19890308
CTK1989,CT K1989,F:CT\K89,CT,19890508
CTN1989,CT N1989,F:CT\N89,CT,19890707
CTV1989,CT V1989,F:CT\V89,CT,19891009
CTZ1989,CT Z1989,F:CT\Z89,CT,19891206
CTH1990,CT H1990,F:CT\H90,CT,19900308
CTK1990,CT K1990,F:CT\K90,CT,19900508
CTN1990,CT N1990,F:CT\N90,CT,19900709
CTV1990,CT V1990,F:CT\V90,CT,19901009
CTZ1990,CT Z1990,F:CT\Z90,CT,19901206
CTH1991,CT H1991,F:CT\H91,CT,19910306
CTK1991,CT K1991,F:CT\K91,CT,19910508
CTN1991,CT N1991,F:CT\N91,CT,19910709
CTV1991,CT V1991,F:CT\V91,CT,19911009
CTZ1991,CT Z1991,F:CT\Z91,CT,19911206
CTH1992,CT H1992,F:CT\H92,CT,19920309
CTK1992,CT K1992,F:CT\K92,CT,19920506
CTN1992,CT N1992,F:CT\N92,CT,19920709
CTV1992,CT V1992,F:CT\V92,CT,19921008
CTZ1992,CT Z1992,F:CT\Z92,CT,19921208
CTH1993,CT H1993,F:CT\H93,CT,19930309
CTK1993,CT K1993,F:CT\K93,CT,19930506
CTN1993,CT N1993,F:CT\N93,CT,19930708
CTV1993,CT V1993,F:CT\V93,CT,19931008
CTZ1993,CT Z1993,F:CT\Z93,CT,19931207
CTH1994,CT H1994,F:CT\H94,CT,19940309
CTK1994,CT K1994,F:CT\K94,CT,19940506
CTN1994,CT N1994,F:CT\N94,CT,19940707
CTV1994,CT V1994,F:CT\V94,CT,19941007
CTZ1994,CT Z1994,F:CT\Z94,CT,19941207
CTH1995,CT H1995,F:CT\H95,CT,19950309
CTK1995,CT K1995,F:CT\K95,CT,19950508
CTN1995,CT N1995,F:CT\N95,CT,19950707
CTV1995,CT V1995,F:CT\V95,CT,19951009
CTZ1995,CT Z1995,F:CT\Z95,CT,19951206
CTH1996,CT H1996,F:CT\H96,CT,19960307
CTK1996,CT K1996,F:CT\K96,CT,19960508
CTN1996,CT N1996,F:CT\N96,CT,19960709
CTV1996,CT V1996,F:CT\V96,CT,19961009
CTZ1996,CT Z1996,F:CT\Z96,CT,19961206
CTH1997,CT H1997,F:CT\H97,CT,19970306
CTK1997,CT K1997,F:CT\K97,CT,19970507
CTN1997,CT N1997,F:CT\N97,CT,19970709
CTV1997,CT V1997,F:CT\V97,CT,19971009
CTZ1997,CT Z1997,F:CT\Z97,CT,19971208
CTH1998,CT H1998,F:CT\H98,CT,19980309
CTK1998,CT K1998,F:CT\K98,CT,19980506
CTN1998,CT N1998,F:CT\N98,CT,19980709
CTV1998,CT V1998,F:CT\V98,CT,19981008
CTZ1998,CT Z1998,F:CT\Z98,CT,19981208
CTH1999,CT H1999,F:CT\H99,CT,19990309
CTK1999,CT K1999,F:CT\K99,CT,19990506
CTN1999,CT N1999,F:CT\N99,CT,19990708
CTV1999,CT V1999,F:CT\V99,CT,19991007
CTZ1999,CT Z1999,F:CT\Z99,CT,19991207
CTH2000,CT H2000,F:CT\H00,CT,20000309
CTK2000,CT K2000,F:CT\K00,CT,20000508
CTN2000,CT N2000,F:CT\N00,CT,20000707
CTV2000,CT V2000,F:CT\V00,CT,20001009
CTZ2000,CT Z2000,F:CT\Z00,CT,20001206
CTH2001,CT H2001,F:CT\H01,CT,20010308
CTK2001,CT K2001,F:CT\K01,CT,20010508
CTN2001,CT N2001,F:CT\N01,CT,20010709
CTV2001,CT V2001,F:CT\V01,CT,20011011
CTZ2001,CT Z2001,F:CT\Z01,CT,20011204
CTH2002,CT H2002,F:CT\H02,CT,20020306
CTK2002,CT K2002,F:CT\K02,CT,20020508
CTN2002,CT N2002,F:CT\N02,CT,20020709
CTV2002,CT V2002,F:CT\V02,CT,20021009
CTZ2002,CT Z2002,F:CT\Z02,CT,20021205
CTH2003,CT H2003,F:CT\H03,CT,20030307
CTK2003,CT K2003,F:CT\K03,CT,20030507
CTN2003,CT N2003,F:CT\N03,CT,20030709
CTV2003,CT V2003,F:CT\V03,CT,20031009
CTZ2003,CT Z2003,F:CT\Z03,CT,20031205
CTH2004,CT H2004,F:CT\H04,CT,20040309
CTK2004,CT K2004,F:CT\K04,CT,20040506
CTN2004,CT N2004,F:CT\N04,CT,20040708
CTV2004,CT V2004,F:CT\V04,CT,20041007
CTZ2004,CT Z2004,F:CT\Z04,CT,20041208
CTH2005,CT H2005,F:CT\H05,CT,20050308
CTK2005,CT K2005,F:CT\K05,CT,20050506
CTN2005,CT N2005,F:CT\N05,CT,20050707
CTV2005,CT V2005,F:CT\V05,CT,20051007
CTZ2005,CT Z2005,F:CT\Z05,CT,20051207
CTH2006,CT H2006,F:CT\H06,CT,20060309
CTK2006,CT K2006,F:CT\K06,CT,20060508
CTN2006,CT N2006,F:CT\N06,CT,20060707
CTV2006,CT V2006,F:CT\V06,CT,20061009
CTZ2006,CT Z2006,F:CT\Z06,CT,20061206
CTH2007,CT H2007,F:CT\H07,CT,20070308
CTK2007,CT K2007,F:CT\K07,CT,20070508
CTN2007,CT N2007,F:CT\N07,CT,20070709
CTV2007,CT V2007,F:CT\V07,CT,20071009
CTZ2007,CT Z2007,F:CT\Z07,CT,20071206
CTH2008,CT H2008,F:CT\H08,CT,20080306
CTK2008,CT K2008,F:CT\K08,CT,20080507
CTN2008,CT N2008,F:CT\N08,CT,20080709
CTV2008,CT V2008,F:CT\V08,CT,20081009
CTZ2008,CT Z2008,F:CT\Z08,CT,20081208
CTH2009,CT H2009,F:CT\H09,CT,20090309
CTK2009,CT K2009,F:CT\K09,CT,20090506
CTN2009,CT N2009,F:CT\N09,CT,20090709
CTV2009,CT V2009,F:CT\V09,CT,20091008
CTZ2009,CT Z2009,F:CT\Z09,CT,20091208
CTH2010,CT H2010,F:CT\H10,CT,20100309
CTK2010,CT K2010,F:CT\K10,CT,20100506
CTN2010,CT N2010,F:CT\N10,CT,20100708
CTV2010,CT V2010,F:CT\V10,CT,20101007
CTZ2010,CT Z2010,F:CT\Z10,CT,20101208
CTH2011,CT H2011,F:CT\H11,CT,20110309
CTK2011,CT K2011,F:CT\K11,CT,20110506
CTN2011,CT N2011,F:CT\N11,CT,20110707
CTV2011,CT V2011,F:CT\V11,CT,20111007
CTZ2011,CT Z2011,F:CT\Z11,CT,20111207
CTH2012,CT H2012,F:CT\H12,CT,20120308
CTK2012,CT K2012,F:CT\K12,CT,20120508
CTN2012,CT N2012,F:CT\N12,CT,20120709
CTV2012,CT V2012,F:CT\V12,CT,20121009
CTZ2012,CT Z2012,F:CT\Z12,CT,20121206
CTH2013,CT H2013,F:CT\H13,CT,20130306
CTK2013,CT K2013,F:CT\K13,CT,20130508
CTN2013,CT N2013,F:CT\N13,CT,20130709
CTV2013,CT V2013,F:CT\V13,CT,20131009
CTZ2013,CT Z2013,F:CT\Z13,CT,20131206
CTH2014,CT H2014,F:CT\H14,CT,20140307
CTK2014,CT K2014,F:CT\K14,CT,20140507
CTN2014,CT N2014,F:CT\N14,CT,20140709
CTV2014,CT V2014,F:CT\V14,CT,20141009
CTZ2014,CT Z2014,F:CT\Z14,CT,20141208
CTH2015,CT H2015,F:CT\H15,CT,20150309
CTK2015,CT K2015,F:CT\K15,CT,20150506
CTN2015,CT N2015,F:CT\N15,CT,20150709
CTV2015,CT V2015,F:CT\V15,CT,20151008
CTZ2015,CT Z2015,F:CT\Z15,CT,20151208
CTH2016,CT H2016,F:CT\H16,CT,20160308
CTK2016,CT K2016,F:CT\K16,CT,20160506
CTN2016,CT N2016,F:CT\N16,CT,20160707
CTV2016,CT V2016,F:CT\V16,CT,20161007
CTZ2016,CT Z2016,F:CT\Z16,CT,20161207
CTH2017,CT H2017,F:CT\H17,CT,20170309
CTK2017,CT K2017,F:CT\K17,CT,20170508
CTN2017,CT N2017,F:CT\N17,CT,20170707
CTV2017,CT V2017,F:CT\V17,CT,20171009
CTZ2017,CT Z2017,F:CT\Z17,CT,20171206
CTH2018,CT H2018,F:CT\H18,CT,20180307
CTK2018,CT K2018,F:CT\K18,CT,20180508
CTN2018,CT N2018,F:CT\N18,CT,20180709
CTV2018,CT V2018,F:CT\V18,CT,20181009
CTZ2018,CT Z2018,F:CT\Z18,CT,20181206
CTH2019,CT H2019,F:CT\H19,CT,20190307
CTK2019,CT K2019,F:CT\K19,CT,20190508
CTN2019,CT N2019,F:CT\N19,CT,20190709
CTV2019,CT V2019,F:CT\V19,CT,20191009
CTZ2019,CT Z2019,F:CT\Z19,CT,20191206
CTH2020,CT H2020,F:CT\H20,CT,20200309
CTK2020,CT K2020,F:CT\K20,CT,20200506
CTN2020,CT N2020,F:CT\N20,CT,20200709
CTU2020,CT U2020,F:CT\U20,CT,20200821
CTV2020,CT V2020,F:CT\V20,CT,20201008
CTX2020,CT X2020,F:CT\X20,CT,20201016
CTZ2020,CT Z2020,F:CT\Z20,CT,20201208
CTF2021,CT F2021,F:CT\F21,CT,20201218
CTH2021,CT H2021,F:CT\H21,CT,20210309
CTK2021,CT K2021,F:CT\K21,CT,20210506
CTN2021,CT N2021,F:CT\N21,CT,20210708
CTU2021,CT U2021,F:CT\U21,CT,20210820
CTV2021,CT V2021,F:CT\V21,CT,20211007
CTX2021,CT X2021,F:CT\X21,CT,20211015
CTZ2021,CT Z2021,F:CT\Z21,CT,20211208
CTF2022,CT F2022,F:CT\F22,CT,20211217
CTH2022,CT H2022,F:CT\H22,CT,20220316
CTK2022,CT K2022,F:CT\K22,CT,20220506
CTN2022,CT N2022,F:CT\N22,CT,20220707
CTU2022,CT U2022,F:CT\U22,CT,20220819
CTV2022,CT V2022,F:CT\V22,CT,20221007
CTX2022,CT X2022,F:CT\X22,CT,20221021
CTZ2022,CT Z2022,F:CT\Z22,CT,20221207
CTF2023,CT F2023,F:CT\F23,CT,20221216
CTH2023,CT H2023,F:CT\H23,CT,20230309
CTK2023,CT K2023,F:CT\K23,CT,20230508
CTN2023,CT N2023,F:CT\N23,CT,20230707
CTV2023,CT V2023,F:CT\V23,CT,20231009
CTZ2023,CT Z2023,F:CT\Z23,CT,20231206
CTH2024,CT H2024,F:CT\H24,CT,20240306
CTK2024,CT K2024,F:CT\K24,CT,20240508
CTN2024,CT N2024,F:CT\N24,CT,20240709
CTV2024,CT V2024,F:CT\V24,CT,20241009
CTZ2024,CT Z2024,F:CT\Z24,CT,20241206
CTH2025,CT H2025,F:CT\H25,CT,20250307
CTK2025,CT K2025,F:CT\K25,CT,20250507
CTN2025,CT N2025,F:CT\N25,CT,20250709
CTV2025,CT V2025,F:CT\V25,CT,20251009
CT.ZN2010,CTZ N2010,F:CT.Z\N10,CT.Z,20100708
CT.ZV2010,CTZ V2010,F:CT.Z\V10,CT.Z,20101007
CT.ZZ2010,CTZ Z2010,F:CT.Z\Z10,CT.Z,20101208
CT.ZH2011,CTZ H2011,F:CT.Z\H11,CT.Z,20110309
CT.ZK2011,CTZ K2011,F:CT.Z\K11,CT.Z,20110506
CT.ZN2011,CTZ N2011,F:CT.Z\N11,CT.Z,20110707
CT.ZV2011,CTZ V2011,F:CT.Z\V11,CT.Z,20111007
CT.ZZ2011,CTZ Z2011,F:CT.Z\Z11,CT.Z,20111207
CT.ZH2012,CTZ H2012,F:CT.Z\H12,CT.Z,20120308
CT.ZK2012,CTZ K2012,F:CT.Z\K12,CT.Z,20120508
CT.ZN2012,CTZ N2012,F:CT.Z\N12,CT.Z,20120709
CT.ZV2012,CTZ V2012,F:CT.Z\V12,CT.Z,20121009
CT.ZZ2012,CTZ Z2012,F:CT.Z\Z12,CT.Z,20121206
CT.ZH2013,CTZ H2013,F:CT.Z\H13,CT.Z,20130306
CT.ZK2013,CTZ K2013,F:CT.Z\K13,CT.Z,20130508
CT.ZN2013,CTZ N2013,F:CT.Z\N13,CT.Z,20130709
CT.ZV2013,CTZ V2013,F:CT.Z\V13,CT.Z,20131009
CT.ZZ2013,CTZ Z2013,F:CT.Z\Z13,CT.Z,20131206
CT.ZH2014,CTZ H2014,F:CT.Z\H14,CT.Z,20140307
CT.ZK2014,CTZ K2014,F:CT.Z\K14,CT.Z,20140507
CT.ZN2014,CTZ N2014,F:CT.Z\N14,CT.Z,20140709
CT.ZV2014,CTZ V2014,F:CT.Z\V14,CT.Z,20141009
CT.ZZ2014,CTZ Z2014,F:CT.Z\Z14,CT.Z,20141208
CT.ZH2015,CTZ H2015,F:CT.Z\H15,CT.Z,20150309
CT.ZK2015,CTZ K2015,F:CT.Z\K15,CT.Z,20150506
CT.ZM2015,CTZ M2015,F:CT.Z\M15,CT.Z,20150630
CT.ZN2015,CTZ N2015,F:CT.Z\N15,CT.Z,20150709
CT.ZV2015,CTZ V2015,F:CT.Z\V15,CT.Z,20151008
CT.ZZ2015,CTZ Z2015,F:CT.Z\Z15,CT.Z,20151208
CT.ZH2016,CTZ H2016,F:CT.Z\H16,CT.Z,20160308
CT.ZK2016,CTZ K2016,F:CT.Z\K16,CT.Z,20160506
CT.ZN2016,CTZ N2016,F:CT.Z\N16,CT.Z,20160707
CT.ZV2016,CTZ V2016,F:CT.Z\V16,CT.Z,20161007
CT.ZZ2016,CTZ Z2016,F:CT.Z\Z16,CT.Z,20161207
CT.ZH2017,CTZ H2017,F:CT.Z\H17,CT.Z,20170309
CT.ZK2017,CTZ K2017,F:CT.Z\K17,CT.Z,20170508
CT.ZN2017,CTZ N2017,F:CT.Z\N17,CT.Z,20170707
CT.ZV2017,CTZ V2017,F:CT.Z\V17,CT.Z,20171009
CT.ZZ2017,CTZ Z2017,F:CT.Z\Z17,CT.Z,20171206
CT.ZH2018,CTZ H2018,F:CT.Z\H18,CT.Z,20180307
CT.ZK2018,CTZ K2018,F:CT.Z\K18,CT.Z,20180508
CT.ZN2018,CTZ N2018,F:CT.Z\N18,CT.Z,20180709
CT.ZV2018,CTZ V2018,F:CT.Z\V18,CT.Z,20181009
CT.ZZ2018,CTZ Z2018,F:CT.Z\Z18,CT.Z,20181206
CT.ZH2019,CTZ H2019,F:CT.Z\H19,CT.Z,20190307
CT.ZK2019,CTZ K2019,F:CT.Z\K19,CT.Z,20190508
CT.ZN2019,CTZ N2019,F:CT.Z\N19,CT.Z,20190709
CT.ZV2019,CTZ V2019,F:CT.Z\V19,CT.Z,20191009
CT.ZZ2019,CTZ Z2019,F:CT.Z\Z19,CT.Z,20191206
CT.ZH2020,CTZ H2020,F:CT.Z\H20,CT.Z,20200309
CT.ZK2020,CTZ K2020,F:CT.Z\K20,CT.Z,20200506
CT.ZN2020,CTZ N2020,F:CT.Z\N20,CT.Z,20200709
CT.ZV2020,CTZ V2020,F:CT.Z\V20,CT.Z,20200923
CT.ZZ2020,CTZ Z2020,F:CT.Z\Z20,CT.Z,20201120
CT.ZH2021,CTZ H2021,F:CT.Z\H21,CT.Z,20210219
CT.ZK2021,CTZ K2021,F:CT.Z\K21,CT.Z,20210423
CT.ZN2021,CTZ N2021,F:CT.Z\N21,CT.Z,20210623
CT.ZV2021,CTZ V2021,F:CT.Z\V21,CT.Z,20210923
CT.ZZ2021,CTZ Z2021,F:CT.Z\Z21,CT.Z,20211122
CT.ZH2022,CTZ H2022,F:CT.Z\H22,CT.Z,20220218
CT.ZK2022,CTZ K2022,F:CT.Z\K22,CT.Z,20220422
CT.ZN2022,CTZ N2022,F:CT.Z\N22,CT.Z,20220623
CT.ZV2022,CTZ V2022,F:CT.Z\V22,CT.Z,20220923
CT.ZZ2022,CTZ Z2022,F:CT.Z\Z22,CT.Z,20221122
CT.ZH2023,CTZ H2023,F:CT.Z\H23,CT.Z,20230221
CT.ZK2023,CTZ K2023,F:CT.Z\K23,CT.Z,20230421
CT.ZN2023,CTZ N2023,F:CT.Z\N23,CT.Z,20230623
CT.ZV2023,CTZ V2023,F:CT.Z\V23,CT.Z,20230922
CT.ZZ2023,CTZ Z2023,F:CT.Z\Z23,CT.Z,20231122
CTZN2010,CTZ N2010,F:CT.Z\N10,CTZ,20100708
CTZV2010,CTZ V2010,F:CT.Z\V10,CTZ,20101007
CTZZ2010,CTZ Z2010,F:CT.Z\Z10,CTZ,20101208
CTZH2011,CTZ H2011,F:CT.Z\H11,CTZ,20110309
CTZK2011,CTZ K2011,F:CT.Z\K11,CTZ,20110506
CTZN2011,CTZ N2011,F:CT.Z\N11,CTZ,20110707
CTZV2011,CTZ V2011,F:CT.Z\V11,CTZ,20111007
CTZZ2011,CTZ Z2011,F:CT.Z\Z11,CTZ,20111207
CTZH2012,CTZ H2012,F:CT.Z\H12,CTZ,20120308
CTZK2012,CTZ K2012,F:CT.Z\K12,CTZ,20120508
CTZN2012,CTZ N2012,F:CT.Z\N12,CTZ,20120709
CTZV2012,CTZ V2012,F:CT.Z\V12,CTZ,20121009
CTZZ2012,CTZ Z2012,F:CT.Z\Z12,CTZ,20121206
CTZH2013,CTZ H2013,F:CT.Z\H13,CTZ,20130306
CTZK2013,CTZ K2013,F:CT.Z\K13,CTZ,20130508
CTZN2013,CTZ N2013,F:CT.Z\N13,CTZ,20130709
CTZV2013,CTZ V2013,F:CT.Z\V13,CTZ,20131009
CTZZ2013,CTZ Z2013,F:CT.Z\Z13,CTZ,20131206
CTZH2014,CTZ H2014,F:CT.Z\H14,CTZ,20140307
CTZK2014,CTZ K2014,F:CT.Z\K14,CTZ,20140507
CTZN2014,CTZ N2014,F:CT.Z\N14,CTZ,20140709
CTZV2014,CTZ V2014,F:CT.Z\V14,CTZ,20141009
CTZZ2014,CTZ Z2014,F:CT.Z\Z14,CTZ,20141208
CTZH2015,CTZ H2015,F:CT.Z\H15,CTZ,20150309
CTZK2015,CTZ K2015,F:CT.Z\K15,CTZ,20150506
CTZM2015,CTZ M2015,F:CT.Z\M15,CTZ,20150630
CTZN2015,CTZ N2015,F:CT.Z\N15,CTZ,20150709
CTZV2015,CTZ V2015,F:CT.Z\V15,CTZ,20151008
CTZZ2015,CTZ Z2015,F:CT.Z\Z15,CTZ,20151208
CTZH2016,CTZ H2016,F:CT.Z\H16,CTZ,20160308
CTZK2016,CTZ K2016,F:CT.Z\K16,CTZ,20160506
CTZN2016,CTZ N2016,F:CT.Z\N16,CTZ,20160707
CTZV2016,CTZ V2016,F:CT.Z\V16,CTZ,20161007
CTZZ2016,CTZ Z2016,F:CT.Z\Z16,CTZ,20161207
CTZH2017,CTZ H2017,F:CT.Z\H17,CTZ,20170309
CTZK2017,CTZ K2017,F:CT.Z\K17,CTZ,20170508
CTZN2017,CTZ N2017,F:CT.Z\N17,CTZ,20170707
CTZV2017,CTZ V2017,F:CT.Z\V17,CTZ,20171009
CTZZ2017,CTZ Z2017,F:CT.Z\Z17,CTZ,20171206
CTZH2018,CTZ H2018,F:CT.Z\H18,CTZ,20180307
CTZK2018,CTZ K2018,F:CT.Z\K18,CTZ,20180508
CTZN2018,CTZ N2018,F:CT.Z\N18,CTZ,20180709
CTZV2018,CTZ V2018,F:CT.Z\V18,CTZ,20181009
CTZZ2018,CTZ Z2018,F:CT.Z\Z18,CTZ,20181206
CTZH2019,CTZ H2019,F:CT.Z\H19,CTZ,20190307
CTZK2019,CTZ K2019,F:CT.Z\K19,CTZ,20190508
CTZN2019,CTZ N2019,F:CT.Z\N19,CTZ,20190709
CTZV2019,CTZ V2019,F:CT.Z\V19,CTZ,20191009
CTZZ2019,CTZ Z2019,F:CT.Z\Z19,CTZ,20191206
CTZH2020,CTZ H2020,F:CT.Z\H20,CTZ,20200309
CTZK2020,CTZ K2020,F:CT.Z\K20,CTZ,20200506
CTZV2020,CTZ V2020,F:CT.Z\V20,CTZ,20200923
CTZZ2020,CTZ Z2020,F:CT.Z\Z20,CTZ,20201120
CTZH2021,CTZ H2021,F:CT.Z\H21,CTZ,20210219
CTZK2021,CTZ K2021,F:CT.Z\K21,CTZ,20210423
CTZN2021,CTZ N2021,F:CT.Z\N21,CTZ,20210623
KCZ1973,KC Z1973,F:KC\Z73,KC,19731226
KCH1974,KC H1974,F:KC\H74,KC,19740322
KCK1974,KC K1974,F:KC\K74,KC,19740524
KCN1974,KC N1974,F:KC\N74,KC,19740726
KCU1974,KC U1974,F:KC\U74,KC,19740920
KCX1974,KC X1974,F:KC\X74,KC,19741121
KCZ1974,KC Z1974,F:KC\Z74,KC,19741223
KCH1975,KC H1975,F:KC\H75,KC,19750321
KCK1975,KC K1975,F:KC\K75,KC,19750520
KCN1975,KC N1975,F:KC\N75,KC,19750724
KCU1975,KC U1975,F:KC\U75,KC,19750923
KCX1975,KC X1975,F:KC\X75,KC,19751119
KCZ1975,KC Z1975,F:KC\Z75,KC,19751219
KCH1976,KC H1976,F:KC\H76,KC,19760324
KCK1976,KC K1976,F:KC\K76,KC,19760521
KCN1976,KC N1976,F:KC\N76,KC,19760723
KCU1976,KC U1976,F:KC\U76,KC,19760922
KCZ1976,KC Z1976,F:KC\Z76,KC,19761222
KCH1977,KC H1977,F:KC\H77,KC,19770324
KCK1977,KC K1977,F:KC\K77,KC,19770523
KCN1977,KC N1977,F:KC\N77,KC,19770725
KCU1977,KC U1977,F:KC\U77,KC,19770923
KCZ1977,KC Z1977,F:KC\Z77,KC,19771222
KCH1978,KC H1978,F:KC\H78,KC,19780323
KCK1978,KC K1978,F:KC\K78,KC,19780523
KCN1978,KC N1978,F:KC\N78,KC,19780724
KCU1978,KC U1978,F:KC\U78,KC,19780922
KCZ1978,KC Z1978,F:KC\Z78,KC,19781221
KCH1979,KC H1979,F:KC\H79,KC,19790326
KCK1979,KC K1979,F:KC\K79,KC,19790523
KCN1979,KC N1979,F:KC\N79,KC,19790724
KCU1979,KC U1979,F:KC\U79,KC,19790921
KCZ1979,KC Z1979,F:KC\Z79,KC,19791220
KCH1980,KC H1980,F:KC\H80,KC,19800324
KCK1980,KC K1980,F:KC\K80,KC,19800522
KCN1980,KC N1980,F:KC\N80,KC,19800722
KCU1980,KC U1980,F:KC\U80,KC,19800919
KCZ1980,KC Z1980,F:KC\Z80,KC,19801218
KCH1981,KC H1981,F:KC\H81,KC,19810320
KCK1981,KC K1981,F:KC\K81,KC,19810519
KCN1981,KC N1981,F:KC\N81,KC,19810722
KCU1981,KC U1981,F:KC\U81,KC,19810921
KCZ1981,KC Z1981,F:KC\Z81,KC,19811221
KCH1982,KC H1982,F:KC\H82,KC,19820322
KCK1982,KC K1982,F:KC\K82,KC,19820519
KCN1982,KC N1982,F:KC\N82,KC,19820721
KCU1982,KC U1982,F:KC\U82,KC,19820921
KCZ1982,KC Z1982,F:KC\Z82,KC,19821220
KCH1983,KC H1983,F:KC\H83,KC,19830322
KCK1983,KC K1983,F:KC\K83,KC,19830519
KCN1983,KC N1983,F:KC\N83,KC,19830720
KCU1983,KC U1983,F:KC\U83,KC,19830921
KCZ1983,KC Z1983,F:KC\Z83,KC,19831220
KCH1984,KC H1984,F:KC\H84,KC,19840321
KCK1984,KC K1984,F:KC\K84,KC,19840521
KCN1984,KC N1984,F:KC\N84,KC,19840720
KCU1984,KC U1984,F:KC\U84,KC,19840919
KCZ1984,KC Z1984,F:KC\Z84,KC,19841218
KCH1985,KC H1985,F:KC\H85,KC,19850320
KCK1985,KC K1985,F:KC\K85,KC,19850521
KCN1985,KC N1985,F:KC\N85,KC,19850722
KCU1985,KC U1985,F:KC\U85,KC,19850919
KCZ1985,KC Z1985,F:KC\Z85,KC,19851218
KCH1986,KC H1986,F:KC\H86,KC,19860319
KCK1986,KC K1986,F:KC\K86,KC,19860520
KCN1986,KC N1986,F:KC\N86,KC,19860722
KCU1986,KC U1986,F:KC\U86,KC,19860919
KCZ1986,KC Z1986,F:KC\Z86,KC,19861218
KCH1987,KC H1987,F:KC\H87,KC,19870320
KCK1987,KC K1987,F:KC\K87,KC,19870519
KCN1987,KC N1987,F:KC\N87,KC,19870721
KCU1987,KC U1987,F:KC\U87,KC,19870918
KCZ1987,KC Z1987,F:KC\Z87,KC,19871218
KCH1988,KC H1988,F:KC\H88,KC,19880321
KCK1988,KC K1988,F:KC\K88,KC,19880518
KCN1988,KC N1988,F:KC\N88,KC,19880719
KCU1988,KC U1988,F:KC\U88,KC,19880920
KCZ1988,KC Z1988,F:KC\Z88,KC,19881219
KCH1989,KC H1989,F:KC\H89,KC,19890320
KCK1989,KC K1989,F:KC\K89,KC,19890518
KCN1989,KC N1989,F:KC\N89,KC,19890719
KCU1989,KC U1989,F:KC\U89,KC,19890919
KCZ1989,KC Z1989,F:KC\Z89,KC,19891218
KCH1990,KC H1990,F:KC\H90,KC,19900320
KCK1990,KC K1990,F:KC\K90,KC,19900518
KCN1990,KC N1990,F:KC\N90,KC,19900719
KCU1990,KC U1990,F:KC\U90,KC,19900918
KCZ1990,KC Z1990,F:KC\Z90,KC,19901214
KCH1991,KC H1991,F:KC\H91,KC,19910318
KCK1991,KC K1991,F:KC\K91,KC,19910520
KCN1991,KC N1991,F:KC\N91,KC,19910719
KCU1991,KC U1991,F:KC\U91,KC,19910918
KCZ1991,KC Z1991,F:KC\Z91,KC,19911218
KCH1992,KC H1992,F:KC\H92,KC,19920319
KCK1992,KC K1992,F:KC\K92,KC,19920518
KCN1992,KC N1992,F:KC\N92,KC,19920721
KCU1992,KC U1992,F:KC\U92,KC,19920918
KCZ1992,KC Z1992,F:KC\Z92,KC,19921218
KCH1993,KC H1993,F:KC\H93,KC,19930319
KCK1993,KC K1993,F:KC\K93,KC,19930518
KCN1993,KC N1993,F:KC\N93,KC,19930720
KCU1993,KC U1993,F:KC\U93,KC,19930920
KCZ1993,KC Z1993,F:KC\Z93,KC,19931217
KCH1994,KC H1994,F:KC\H94,KC,19940321
KCK1994,KC K1994,F:KC\K94,KC,19940518
KCN1994,KC N1994,F:KC\N94,KC,19940719
KCU1994,KC U1994,F:KC\U94,KC,19940920
KCZ1994,KC Z1994,F:KC\Z94,KC,19941219
KCH1995,KC H1995,F:KC\H95,KC,19950321
KCK1995,KC K1995,F:KC\K95,KC,19950518
KCN1995,KC N1995,F:KC\N95,KC,19950719
KCU1995,KC U1995,F:KC\U95,KC,19950919
KCZ1995,KC Z1995,F:KC\Z95,KC,19951218
KCH1996,KC H1996,F:KC\H96,KC,19960319
KCK1996,KC K1996,F:KC\K96,KC,19960520
KCN1996,KC N1996,F:KC\N96,KC,19960719
KCU1996,KC U1996,F:KC\U96,KC,19960918
KCZ1996,KC Z1996,F:KC\Z96,KC,19961217
KCH1997,KC H1997,F:KC\H97,KC,19970318
KCK1997,KC K1997,F:KC\K97,KC,19970519
KCN1997,KC N1997,F:KC\N97,KC,19970721
KCU1997,KC U1997,F:KC\U97,KC,19970918
KCZ1997,KC Z1997,F:KC\Z97,KC,19971217
KCH1998,KC H1998,F:KC\H98,KC,19980319
KCK1998,KC K1998,F:KC\K98,KC,19980518
KCN1998,KC N1998,F:KC\N98,KC,19980721
KCU1998,KC U1998,F:KC\U98,KC,19980918
KCZ1998,KC Z1998,F:KC\Z98,KC,19981218
KCH1999,KC H1999,F:KC\H99,KC,19990319
KCK1999,KC K1999,F:KC\K99,KC,19990518
KCN1999,KC N1999,F:KC\N99,KC,19990720
KCU1999,KC U1999,F:KC\U99,KC,19990920
KCZ1999,KC Z1999,F:KC\Z99,KC,19991217
KCH2000,KC H2000,F:KC\H00,KC,20000321
KCK2000,KC K2000,F:KC\K00,KC,20000518
KCN2000,KC N2000,F:KC\N00,KC,20000719
KCU2000,KC U2000,F:KC\U00,KC,20000919
KCZ2000,KC Z2000,F:KC\Z00,KC,20001218
KCH2001,KC H2001,F:KC\H01,KC,20010320
KCK2001,KC K2001,F:KC\K01,KC,20010518
KCN2001,KC N2001,F:KC\N01,KC,20010719
KCU2001,KC U2001,F:KC\U01,KC,20010920
KCZ2001,KC Z2001,F:KC\Z01,KC,20011214
KCH2002,KC H2002,F:KC\H02,KC,20020318
KCK2002,KC K2002,F:KC\K02,KC,20020520
KCN2002,KC N2002,F:KC\N02,KC,20020719
KCU2002,KC U2002,F:KC\U02,KC,20020918
KCZ2002,KC Z2002,F:KC\Z02,KC,20021217
KCH2003,KC H2003,F:KC\H03,KC,20030319
KCK2003,KC K2003,F:KC\K03,KC,20030519
KCN2003,KC N2003,F:KC\N03,KC,20030721
KCU2003,KC U2003,F:KC\U03,KC,20030918
KCZ2003,KC Z2003,F:KC\Z03,KC,20031217
KCH2004,KC H2004,F:KC\H04,KC,20040319
KCK2004,KC K2004,F:KC\K04,KC,20040518
KCN2004,KC N2004,F:KC\N04,KC,20040720
KCU2004,KC U2004,F:KC\U04,KC,20040920
KCZ2004,KC Z2004,F:KC\Z04,KC,20041220
KCH2005,KC H2005,F:KC\H05,KC,20050318
KCK2005,KC K2005,F:KC\K05,KC,20050518
KCN2005,KC N2005,F:KC\N05,KC,20050719
KCU2005,KC U2005,F:KC\U05,KC,20050928
KCZ2005,KC Z2005,F:KC\Z05,KC,20051219
KCH2006,KC H2006,F:KC\H06,KC,20060321
KCK2006,KC K2006,F:KC\K06,KC,20060518
KCN2006,KC N2006,F:KC\N06,KC,20060719
KCU2006,KC U2006,F:KC\U06,KC,20060919
KCZ2006,KC Z2006,F:KC\Z06,KC,20061218
KCH2007,KC H2007,F:KC\H07,KC,20070320
KCK2007,KC K2007,F:KC\K07,KC,20070518
KCN2007,KC N2007,F:KC\N07,KC,20070719
KCU2007,KC U2007,F:KC\U07,KC,20070918
KCZ2007,KC Z2007,F:KC\Z07,KC,20071218
KCH2008,KC H2008,F:KC\H08,KC,20080318
KCK2008,KC K2008,F:KC\K08,KC,20080519
KCN2008,KC N2008,F:KC\N08,KC,20080721
KCU2008,KC U2008,F:KC\U08,KC,20080918
KCZ2008,KC Z2008,F:KC\Z08,KC,20081218
KCH2009,KC H2009,F:KC\H09,KC,20090319
KCK2009,KC K2009,F:KC\K09,KC,20090518
KCN2009,KC N2009,F:KC\N09,KC,20090721
KCU2009,KC U2009,F:KC\U09,KC,20090918
KCZ2009,KC Z2009,F:KC\Z09,KC,20091218
KCH2010,KC H2010,F:KC\H10,KC,20100319
KCK2010,KC K2010,F:KC\K10,KC,20100518
KCN2010,KC N2010,F:KC\N10,KC,20100720
KCU2010,KC U2010,F:KC\U10,KC,20100920
KCZ2010,KC Z2010,F:KC\Z10,KC,20101220
KCH2011,KC H2011,F:KC\H11,KC,20110321
KCK2011,KC K2011,F:KC\K11,KC,20110518
KCN2011,KC N2011,F:KC\N11,KC,20110719
KCU2011,KC U2011,F:KC\U11,KC,20110920
KCZ2011,KC Z2011,F:KC\Z11,KC,20111219
KCH2012,KC H2012,F:KC\H12,KC,20120320
KCK2012,KC K2012,F:KC\K12,KC,20120518
KCN2012,KC N2012,F:KC\N12,KC,20120719
KCU2012,KC U2012,F:KC\U12,KC,20120918
KCZ2012,KC Z2012,F:KC\Z12,KC,20121218
KCH2013,KC H2013,F:KC\H13,KC,20130318
KCK2013,KC K2013,F:KC\K13,KC,20130520
KCN2013,KC N2013,F:KC\N13,KC,20130719
KCU2013,KC U2013,F:KC\U13,KC,20130918
KCZ2013,KC Z2013,F:KC\Z13,KC,20131218
KCH2014,KC H2014,F:KC\H14,KC,20140319
KCK2014,KC K2014,F:KC\K14,KC,20140519
KCN2014,KC N2014,F:KC\N14,KC,20140721
KCU2014,KC U2014,F:KC\U14,KC,20140918
KCZ2014,KC Z2014,F:KC\Z14,KC,20141218
KCH2015,KC H2015,F:KC\H15,KC,20150319
KCK2015,KC K2015,F:KC\K15,KC,20150518
KCN2015,KC N2015,F:KC\N15,KC,20150721
KCU2015,KC U2015,F:KC\U15,KC,20150918
KCZ2015,KC Z2015,F:KC\Z15,KC,20151218
KCH2016,KC H2016,F:KC\H16,KC,20160318
KCK2016,KC K2016,F:KC\K16,KC,20160518
KCN2016,KC N2016,F:KC\N16,KC,20160719
KCU2016,KC U2016,F:KC\U16,KC,20160920
KCZ2016,KC Z2016,F:KC\Z16,KC,20161219
KCH2017,KC H2017,F:KC\H17,KC,20170321
KCK2017,KC K2017,F:KC\K17,KC,20170518
KCN2017,KC N2017,F:KC\N17,KC,20170719
KCU2017,KC U2017,F:KC\U17,KC,20170919
KCZ2017,KC Z2017,F:KC\Z17,KC,20171218
KCH2018,KC H2018,F:KC\H18,KC,20180319
KCK2018,KC K2018,F:KC\K18,KC,20180518
KCN2018,KC N2018,F:KC\N18,KC,20180719
KCU2018,KC U2018,F:KC\U18,KC,20180918
KCZ2018,KC Z2018,F:KC\Z18,KC,20181218
KCH2019,KC H2019,F:KC\H19,KC,20190319
KCK2019,KC K2019,F:KC\K19,KC,20190520
KCN2019,KC N2019,F:KC\N19,KC,20190719
KCU2019,KC U2019,F:KC\U19,KC,20190918
KCZ2019,KC Z2019,F:KC\Z19,KC,20191218
KCH2020,KC H2020,F:KC\H20,KC,20200319
KCK2020,KC K2020,F:KC\K20,KC,20200518
KCN2020,KC N2020,F:KC\N20,KC,20200721
KCQ2020,KC Q2020,F:KC\Q20,KC,20200831
KCV2020,KC V2020,F:KC\V20,KC,20200911
KCU2020,KC U2020,F:KC\U20,KC,20200918
KCX2020,KC X2020,F:KC\X20,KC,20201009
KCZ2020,KC Z2020,F:KC\Z20,KC,20201218
KCH2021,KC H2021,F:KC\H21,KC,20210319
KCK2021,KC K2021,F:KC\K21,KC,20210518
KCN2021,KC N2021,F:KC\N21,KC,20210720
KCU2021,KC U2021,F:KC\U21,KC,20210920
KCZ2021,KC Z2021,F:KC\Z21,KC,20211220
KCH2022,KC H2022,F:KC\H22,KC,20220321
KCK2022,KC K2022,F:KC\K22,KC,20220518
KCN2022,KC N2022,F:KC\N22,KC,20220719
KCU2022,KC U2022,F:KC\U22,KC,20220920
KCZ2022,KC Z2022,F:KC\Z22,KC,20221219
KCH2023,KC H2023,F:KC\H23,KC,20230321
KCK2023,KC K2023,F:KC\K23,KC,20230518
KCN2023,KC N2023,F:KC\N23,KC,20230719
KCU2023,KC U2023,F:KC\U23,KC,20230919
KCZ2023,KC Z2023,F:KC\Z23,KC,20231218
KCH2024,KC H2024,F:KC\H24,KC,20240318
KCK2024,KC K2024,F:KC\K24,KC,20240520
KCN2024,KC N2024,F:KC\N24,KC,20240719
KCU2024,KC U2024,F:KC\U24,KC,20240918
KCZ2024,KC Z2024,F:KC\Z24,KC,20241218
KCH2025,KC H2025,F:KC\H25,KC,20250319
KCK2025,KC K2025,F:KC\K25,KC,20250519
KCN2025,KC N2025,F:KC\N25,KC,20250721
KCU2025,KC U2025,F:KC\U25,KC,20250918
KC.ZN2010,KCZ N2010,F:KC.Z\N10,KC.Z,20100720
KC.ZU2010,KCZ U2010,F:KC.Z\U10,KC.Z,20100920
KC.ZZ2010,KCZ Z2010,F:KC.Z\Z10,KC.Z,20101220
KC.ZH2011,KCZ H2011,F:KC.Z\H11,KC.Z,20110321
KC.ZK2011,KCZ K2011,F:KC.Z\K11,KC.Z,20110518
KC.ZN2011,KCZ N2011,F:KC.Z\N11,KC.Z,20110719
KC.ZU2011,KCZ U2011,F:KC.Z\U11,KC.Z,20110920
KC.ZZ2011,KCZ Z2011,F:KC.Z\Z11,KC.Z,20111219
KC.ZH2012,KCZ H2012,F:KC.Z\H12,KC.Z,20120320
KC.ZK2012,KCZ K2012,F:KC.Z\K12,KC.Z,20120518
KC.ZN2012,KCZ N2012,F:KC.Z\N12,KC.Z,20120719
KC.ZU2012,KCZ U2012,F:KC.Z\U12,KC.Z,20120918
KC.ZZ2012,KCZ Z2012,F:KC.Z\Z12,KC.Z,20121218
KC.ZH2013,KCZ H2013,F:KC.Z\H13,KC.Z,20130318
KC.ZK2013,KCZ K2013,F:KC.Z\K13,KC.Z,20130520
KC.ZN2013,KCZ N2013,F:KC.Z\N13,KC.Z,20130719
KC.ZU2013,KCZ U2013,F:KC.Z\U13,KC.Z,20130918
KC.ZZ2013,KCZ Z2013,F:KC.Z\Z13,KC.Z,20131218
KC.ZH2014,KCZ H2014,F:KC.Z\H14,KC.Z,20140319
KC.ZK2014,KCZ K2014,F:KC.Z\K14,KC.Z,20140519
KC.ZN2014,KCZ N2014,F:KC.Z\N14,KC.Z,20140721
KC.ZU2014,KCZ U2014,F:KC.Z\U14,KC.Z,20140918
KC.ZZ2014,KCZ Z2014,F:KC.Z\Z14,KC.Z,20141218
KC.ZH2015,KCZ H2015,F:KC.Z\H15,KC.Z,20150319
KC.ZK2015,KCZ K2015,F:KC.Z\K15,KC.Z,20150518
KC.ZN2015,KCZ N2015,F:KC.Z\N15,KC.Z,20150721
KC.ZU2015,KCZ U2015,F:KC.Z\U15,KC.Z,20150918
KC.ZZ2015,KCZ Z2015,F:KC.Z\Z15,KC.Z,20151218
KC.ZH2016,KCZ H2016,F:KC.Z\H16,KC.Z,20160318
KC.ZK2016,KCZ K2016,F:KC.Z\K16,KC.Z,20160518
KC.ZN2016,KCZ N2016,F:KC.Z\N16,KC.Z,20160719
KC.ZU2016,KCZ U2016,F:KC.Z\U16,KC.Z,20160920
KC.ZZ2016,KCZ Z2016,F:KC.Z\Z16,KC.Z,20161219
KC.ZH2017,KCZ H2017,F:KC.Z\H17,KC.Z,20170321
KC.ZK2017,KCZ K2017,F:KC.Z\K17,KC.Z,20170518
KC.ZN2017,KCZ N2017,F:KC.Z\N17,KC.Z,20170719
KC.ZU2017,KCZ U2017,F:KC.Z\U17,KC.Z,20170919
KC.ZZ2017,KCZ Z2017,F:KC.Z\Z17,KC.Z,20171218
KC.ZH2018,KCZ H2018,F:KC.Z\H18,KC.Z,20180319
KC.ZK2018,KCZ K2018,F:KC.Z\K18,KC.Z,20180518
KC.ZN2018,KCZ N2018,F:KC.Z\N18,KC.Z,20180719
KC.ZU2018,KCZ U2018,F:KC.Z\U18,KC.Z,20180918
KC.ZZ2018,KCZ Z2018,F:KC.Z\Z18,KC.Z,20181218
KC.ZH2019,KCZ H2019,F:KC.Z\H19,KC.Z,20190319
KC.ZK2019,KCZ K2019,F:KC.Z\K19,KC.Z,20190520
KC.ZN2019,KCZ N2019,F:KC.Z\N19,KC.Z,20190719
KC.ZU2019,KCZ U2019,F:KC.Z\U19,KC.Z,20190918
KC.ZZ2019,KCZ Z2019,F:KC.Z\Z19,KC.Z,20191218
KC.ZH2020,KCZ H2020,F:KC.Z\H20,KC.Z,20200319
KC.ZK2020,KCZ K2020,F:KC.Z\K20,KC.Z,20200518
KC.ZN2020,KCZ N2020,F:KC.Z\N20,KC.Z,20200721
KC.ZU2020,KCZ U2020,F:KC.Z\U20,KC.Z,20200820
KC.ZZ2020,KCZ Z2020,F:KC.Z\Z20,KC.Z,20201118
KC.ZH2021,KCZ H2021,F:KC.Z\H21,KC.Z,20210217
KC.ZK2021,KCZ K2021,F:KC.Z\K21,KC.Z,20210421
KC.ZN2021,KCZ N2021,F:KC.Z\N21,KC.Z,20210621
KC.ZU2021,KCZ U2021,F:KC.Z\U21,KC.Z,20210820
KC.ZZ2021,KCZ Z2021,F:KC.Z\Z21,KC.Z,20211118
KC.ZH2022,KCZ H2022,F:KC.Z\H22,KC.Z,20220216
KC.ZK2022,KCZ K2022,F:KC.Z\K22,KC.Z,20220420
KC.ZN2022,KCZ N2022,F:KC.Z\N22,KC.Z,20220621
KC.ZU2022,KCZ U2022,F:KC.Z\U22,KC.Z,20220822
KC.ZZ2022,KCZ Z2022,F:KC.Z\Z22,KC.Z,20221118
KC.ZH2023,KCZ H2023,F:KC.Z\H23,KC.Z,20230216
KC.ZK2023,KCZ K2023,F:KC.Z\K23,KC.Z,20230419
KC.ZN2023,KCZ N2023,F:KC.Z\N23,KC.Z,20230621
KCZN2010,KCZ N2010,F:KC.Z\N10,KCZ,20100720
KCZU2010,KCZ U2010,F:KC.Z\U10,KCZ,20100920
KCZZ2010,KCZ Z2010,F:KC.Z\Z10,KCZ,20101220
KCZH2011,KCZ H2011,F:KC.Z\H11,KCZ,20110321
KCZK2011,KCZ K2011,F:KC.Z\K11,KCZ,20110518
KCZN2011,KCZ N2011,F:KC.Z\N11,KCZ,20110719
KCZU2011,KCZ U2011,F:KC.Z\U11,KCZ,20110920
KCZZ2011,KCZ Z2011,F:KC.Z\Z11,KCZ,20111219
KCZH2012,KCZ H2012,F:KC.Z\H12,KCZ,20120320
KCZK2012,KCZ K2012,F:KC.Z\K12,KCZ,20120518
KCZN2012,KCZ N2012,F:KC.Z\N12,KCZ,20120719
KCZU2012,KCZ U2012,F:KC.Z\U12,KCZ,20120918
KCZZ2012,KCZ Z2012,F:KC.Z\Z12,KCZ,20121218
KCZH2013,KCZ H2013,F:KC.Z\H13,KCZ,20130318
KCZK2013,KCZ K2013,F:KC.Z\K13,KCZ,20130520
KCZN2013,KCZ N2013,F:KC.Z\N13,KCZ,20130719
KCZU2013,KCZ U2013,F:KC.Z\U13,KCZ,20130918
KCZZ2013,KCZ Z2013,F:KC.Z\Z13,KCZ,20131218
KCZH2014,KCZ H2014,F:KC.Z\H14,KCZ,20140319
KCZK2014,KCZ K2014,F:KC.Z\K14,KCZ,20140519
KCZN2014,KCZ N2014,F:KC.Z\N14,KCZ,20140721
KCZU2014,KCZ U2014,F:KC.Z\U14,KCZ,20140918
KCZZ2014,KCZ Z2014,F:KC.Z\Z14,KCZ,20141218
KCZH2015,KCZ H2015,F:KC.Z\H15,KCZ,20150319
KCZK2015,KCZ K2015,F:KC.Z\K15,KCZ,20150518
KCZN2015,KCZ N2015,F:KC.Z\N15,KCZ,20150721
KCZU2015,KCZ U2015,F:KC.Z\U15,KCZ,20150918
KCZZ2015,KCZ Z2015,F:KC.Z\Z15,KCZ,20151218
KCZH2016,KCZ H2016,F:KC.Z\H16,KCZ,20160318
KCZK2016,KCZ K2016,F:KC.Z\K16,KCZ,20160518
KCZN2016,KCZ N2016,F:KC.Z\N16,KCZ,20160719
KCZU2016,KCZ U2016,F:KC.Z\U16,KCZ,20160920
KCZZ2016,KCZ Z2016,F:KC.Z\Z16,KCZ,20161219
KCZH2017,KCZ H2017,F:KC.Z\H17,KCZ,20170321
KCZK2017,KCZ K2017,F:KC.Z\K17,KCZ,20170518
KCZN2017,KCZ N2017,F:KC.Z\N17,KCZ,20170719
KCZU2017,KCZ U2017,F:KC.Z\U17,KCZ,20170919
KCZZ2017,KCZ Z2017,F:KC.Z\Z17,KCZ,20171218
KCZH2018,KCZ H2018,F:KC.Z\H18,KCZ,20180319
KCZK2018,KCZ K2018,F:KC.Z\K18,KCZ,20180518
KCZN2018,KCZ N2018,F:KC.Z\N18,KCZ,20180719
KCZU2018,KCZ U2018,F:KC.Z\U18,KCZ,20180918
KCZZ2018,KCZ Z2018,F:KC.Z\Z18,KCZ,20181218
KCZH2019,KCZ H2019,F:KC.Z\H19,KCZ,20190319
KCZK2019,KCZ K2019,F:KC.Z\K19,KCZ,20190520
KCZN2019,KCZ N2019,F:KC.Z\N19,KCZ,20190719
KCZU2019,KCZ U2019,F:KC.Z\U19,KCZ,20190918
KCZZ2019,KCZ Z2019,F:KC.Z\Z19,KCZ,20191218
KCZH2020,KCZ H2020,F:KC.Z\H20,KCZ,20200319
KCZK2020,KCZ K2020,F:KC.Z\K20,KCZ,20200518
KCZU2020,KCZ U2020,F:KC.Z\U20,KCZ,20200820
KCZZ2020,KCZ Z2020,F:KC.Z\Z20,KCZ,20201118
KCZH2021,KCZ H2021,F:KC.Z\H21,KCZ,20210217
OJF1970,JO F1970,F:OJ\F70,OJ,19700119
OJH1970,JO H1970,F:OJ\H70,OJ,19700318
OJK1970,JO K1970,F:OJ\K70,OJ,19700518
OJN1970,JO N1970,F:OJ\N70,OJ,19700720
OJU1970,JO U1970,F:OJ\U70,OJ,19700917
OJX1970,JO X1970,F:OJ\X70,OJ,19701116
OJF1971,JO F1971,F:OJ\F71,OJ,19710118
OJH1971,JO H1971,F:OJ\H71,OJ,19710318
OJK1971,JO K1971,F:OJ\K71,OJ,19710517
OJN1971,JO N1971,F:OJ\N71,OJ,19710719
OJU1971,JO U1971,F:OJ\U71,OJ,19710917
OJX1971,JO X1971,F:OJ\X71,OJ,19711116
OJF1972,JO F1972,F:OJ\F72,OJ,19720118
OJH1972,JO H1972,F:OJ\H72,OJ,19720317
OJK1972,JO K1972,F:OJ\K72,OJ,19720517
OJN1972,JO N1972,F:OJ\N72,OJ,19720718
OJU1972,JO U1972,F:OJ\U72,OJ,19720918
OJX1972,JO X1972,F:OJ\X72,OJ,19721116
OJF1973,JO F1973,F:OJ\F73,OJ,19730122
OJH1973,JO H1973,F:OJ\H73,OJ,19730319
OJK1973,JO K1973,F:OJ\K73,OJ,19730517
OJN1973,JO N1973,F:OJ\N73,OJ,19730725
OJU1973,JO U1973,F:OJ\U73,OJ,19730917
OJX1973,JO X1973,F:OJ\X73,OJ,19731116
OJF1974,JO F1974,F:OJ\F74,OJ,19740118
OJH1974,JO H1974,F:OJ\H74,OJ,19740318
OJK1974,JO K1974,F:OJ\K74,OJ,19740517
OJN1974,JO N1974,F:OJ\N74,OJ,19740718
OJU1974,JO U1974,F:OJ\U74,OJ,19740917
OJX1974,JO X1974,F:OJ\X74,OJ,19741115
OJF1975,JO F1975,F:OJ\F75,OJ,19750120
OJH1975,JO H1975,F:OJ\H75,OJ,19750317
OJK1975,JO K1975,F:OJ\K75,OJ,19750516
OJN1975,JO N1975,F:OJ\N75,OJ,19750718
OJU1975,JO U1975,F:OJ\U75,OJ,19750917
OJX1975,JO X1975,F:OJ\X75,OJ,19751114
OJF1976,JO F1976,F:OJ\F76,OJ,19760119
OJH1976,JO H1976,F:OJ\H76,OJ,19760318
OJK1976,JO K1976,F:OJ\K76,OJ,19760517
OJN1976,JO N1976,F:OJ\N76,OJ,19760719
OJU1976,JO U1976,F:OJ\U76,OJ,19760917
OJX1976,JO X1976,F:OJ\X76,OJ,19761116
OJF1977,JO F1977,F:OJ\F77,OJ,19770118
OJH1977,JO H1977,F:OJ\H77,OJ,19770318
OJK1977,JO K1977,F:OJ\K77,OJ,19770517
OJN1977,JO N1977,F:OJ\N77,OJ,19770718
OJU1977,JO U1977,F:OJ\U77,OJ,19770919
OJX1977,JO X1977,F:OJ\X77,OJ,19771116
OJF1978,JO F1978,F:OJ\F78,OJ,19780118
OJH1978,JO H1978,F:OJ\H78,OJ,19780317
OJK1978,JO K1978,F:OJ\K78,OJ,19780522
OJN1978,JO N1978,F:OJ\N78,OJ,19780718
OJU1978,JO U1978,F:OJ\U78,OJ,19780918
OJX1978,JO X1978,F:OJ\X78,OJ,19781116
OJF1979,JO F1979,F:OJ\F79,OJ,19790118
OJH1979,JO H1979,F:OJ\H79,OJ,19790319
OJK1979,JO K1979,F:OJ\K79,OJ,19790517
OJN1979,JO N1979,F:OJ\N79,OJ,19790718
OJU1979,JO U1979,F:OJ\U79,OJ,19790917
OJX1979,JO X1979,F:OJ\X79,OJ,19791116
OJF1980,JO F1980,F:OJ\F80,OJ,19800118
OJH1980,JO H1980,F:OJ\H80,OJ,19800318
OJK1980,JO K1980,F:OJ\K80,OJ,19800516
OJN1980,JO N1980,F:OJ\N80,OJ,19800718
OJU1980,JO U1980,F:OJ\U80,OJ,19800917
OJX1980,JO X1980,F:OJ\X80,OJ,19801114
OJF1981,JO F1981,F:OJ\F81,OJ,19810119
OJH1981,JO H1981,F:OJ\H81,OJ,19810318
OJK1981,JO K1981,F:OJ\K81,OJ,19810518
OJN1981,JO N1981,F:OJ\N81,OJ,19810720
OJU1981,JO U1981,F:OJ\U81,OJ,19810917
OJX1981,JO X1981,F:OJ\X81,OJ,19811116
OJF1982,JO F1982,F:OJ\F82,OJ,19820118
OJH1982,JO H1982,F:OJ\H82,OJ,19820318
OJK1982,JO K1982,F:OJ\K82,OJ,19820517
OJN1982,JO N1982,F:OJ\N82,OJ,19820719
OJU1982,JO U1982,F:OJ\U82,OJ,19820917
OJX1982,JO X1982,F:OJ\X82,OJ,19821116
OJF1983,JO F1983,F:OJ\F83,OJ,19830118
OJH1983,JO H1983,F:OJ\H83,OJ,19830318
OJK1983,JO K1983,F:OJ\K83,OJ,19830517
OJN1983,JO N1983,F:OJ\N83,OJ,19830718
OJU1983,JO U1983,F:OJ\U83,OJ,19830919
OJX1983,JO X1983,F:OJ\X83,OJ,19831116
OJF1984,JO F1984,F:OJ\F84,OJ,19840118
OJH1984,JO H1984,F:OJ\H84,OJ,19840319
OJK1984,JO K1984,F:OJ\K84,OJ,19840517
OJN1984,JO N1984,F:OJ\N84,OJ,19840718
OJU1984,JO U1984,F:OJ\U84,OJ,19840917
OJX1984,JO X1984,F:OJ\X84,OJ,19841116
OJF1985,JO F1985,F:OJ\F85,OJ,19850118
OJH1985,JO H1985,F:OJ\H85,OJ,19850318
OJK1985,JO K1985,F:OJ\K85,OJ,19850517
OJN1985,JO N1985,F:OJ\N85,OJ,19850718
OJU1985,JO U1985,F:OJ\U85,OJ,19850917
OJX1985,JO X1985,F:OJ\X85,OJ,19851115
OJF1986,JO F1986,F:OJ\F86,OJ,19860120
OJH1986,JO H1986,F:OJ\H86,OJ,19860317
OJK1986,JO K1986,F:OJ\K86,OJ,19860516
OJU1986,JO U1986,F:OJ\U86,OJ,19860917
OJX1986,JO X1986,F:OJ\X86,OJ,19861114
OJF1987,JO F1987,F:OJ\F87,OJ,19870119
OJH1987,JO H1987,F:OJ\H87,OJ,19870318
OJK1987,JO K1987,F:OJ\K87,OJ,19870515
OJN1987,JO N1987,F:OJ\N87,OJ,19870720
OJU1987,JO U1987,F:OJ\U87,OJ,19870917
OJX1987,JO X1987,F:OJ\X87,OJ,19871116
OJF1988,JO F1988,F:OJ\F88,OJ,19880118
OJH1988,JO H1988,F:OJ\H88,OJ,19880318
OJK1988,JO K1988,F:OJ\K88,OJ,19880517
OJN1988,JO N1988,F:OJ\N88,OJ,19880718
OJU1988,JO U1988,F:OJ\U88,OJ,19880919
OJX1988,JO X1988,F:OJ\X88,OJ,19881116
OJF1989,JO F1989,F:OJ\F89,OJ,19890118
OJH1989,JO H1989,F:OJ\H89,OJ,19890317
OJK1989,JO K1989,F:OJ\K89,OJ,19890517
OJN1989,JO N1989,F:OJ\N89,OJ,19890718
OJU1989,JO U1989,F:OJ\U89,OJ,19890918
OJX1989,JO X1989,F:OJ\X89,OJ,19891116
OJF1990,JO F1990,F:OJ\F90,OJ,19900118
OJH1990,JO H1990,F:OJ\H90,OJ,19900319
OJK1990,JO K1990,F:OJ\K90,OJ,19900517
OJN1990,JO N1990,F:OJ\N90,OJ,19900718
OJU1990,JO U1990,F:OJ\U90,OJ,19900917
OJX1990,JO X1990,F:OJ\X90,OJ,19901116
OJF1991,JO F1991,F:OJ\F91,OJ,19910118
OJH1991,JO H1991,F:OJ\H91,OJ,19910315
OJK1991,JO K1991,F:OJ\K91,OJ,19910517
OJN1991,JO N1991,F:OJ\N91,OJ,19910718
OJU1991,JO U1991,F:OJ\U91,OJ,19910917
OJX1991,JO X1991,F:OJ\X91,OJ,19911115
OJF1992,JO F1992,F:OJ\F92,OJ,19920120
OJH1992,JO H1992,F:OJ\H92,OJ,19920318
OJK1992,JO K1992,F:OJ\K92,OJ,19920515
OJN1992,JO N1992,F:OJ\N92,OJ,19920720
OJU1992,JO U1992,F:OJ\U92,OJ,19920917
OJX1992,JO X1992,F:OJ\X92,OJ,19921116
OJF1993,JO F1993,F:OJ\F93,OJ,19930118
OJH1993,JO H1993,F:OJ\H93,OJ,19930318
OJK1993,JO K1993,F:OJ\K93,OJ,19930517
OJN1993,JO N1993,F:OJ\N93,OJ,19930719
OJU1993,JO U1993,F:OJ\U93,OJ,19930917
OJX1993,JO X1993,F:OJ\X93,OJ,19931116
OJF1994,JO F1994,F:OJ\F94,OJ,19940118
OJH1994,JO H1994,F:OJ\H94,OJ,19940318
OJK1994,JO K1994,F:OJ\K94,OJ,19940517
OJN1994,JO N1994,F:OJ\N94,OJ,19940718
OJU1994,JO U1994,F:OJ\U94,OJ,19940919
OJX1994,JO X1994,F:OJ\X94,OJ,19941116
OJF1995,JO F1995,F:OJ\F95,OJ,19950118
OJH1995,JO H1995,F:OJ\H95,OJ,19950320
OJK1995,JO K1995,F:OJ\K95,OJ,19950517
OJN1995,JO N1995,F:OJ\N95,OJ,19950718
OJU1995,JO U1995,F:OJ\U95,OJ,19950918
OJX1995,JO X1995,F:OJ\X95,OJ,19951109
OJF1996,JO F1996,F:OJ\F96,OJ,19960111
OJH1996,JO H1996,F:OJ\H96,OJ,19960311
OJK1996,JO K1996,F:OJ\K96,OJ,19960510
OJN1996,JO N1996,F:OJ\N96,OJ,19960711
OJU1996,JO U1996,F:OJ\U96,OJ,19960910
OJX1996,JO X1996,F:OJ\X96,OJ,19961108
OJF1997,JO F1997,F:OJ\F97,OJ,19970113
OJH1997,JO H1997,F:OJ\H97,OJ,19970310
OJK1997,JO K1997,F:OJ\K97,OJ,19970509
OJN1997,JO N1997,F:OJ\N97,OJ,19970711
OJU1997,JO U1997,F:OJ\U97,OJ,19970910
OJX1997,JO X1997,F:OJ\X97,OJ,19971107
OJF1998,JO F1998,F:OJ\F98,OJ,19980112
OJH1998,JO H1998,F:OJ\H98,OJ,19980311
OJK1998,JO K1998,F:OJ\K98,OJ,19980508
OJN1998,JO N1998,F:OJ\N98,OJ,19980713
OJU1998,JO U1998,F:OJ\U98,OJ,19980910
OJX1998,JO X1998,F:OJ\X98,OJ,19981109
OJF1999,JO F1999,F:OJ\F99,OJ,19990108
OJH1999,JO H1999,F:OJ\H99,OJ,19990311
OJK1999,JO K1999,F:OJ\K99,OJ,19990510
OJN1999,JO N1999,F:OJ\N99,OJ,19990712
OJU1999,JO U1999,F:OJ\U99,OJ,19990910
OJX1999,JO X1999,F:OJ\X99,OJ,19991108
OJF2000,JO F2000,F:OJ\F00,OJ,20000110
OJH2000,JO H2000,F:OJ\H00,OJ,20000313
OJK2000,JO K2000,F:OJ\K00,OJ,20000510
OJN2000,JO N2000,F:OJ\N00,OJ,20000711
OJU2000,JO U2000,F:OJ\U00,OJ,20000911
OJX2000,JO X2000,F:OJ\X00,OJ,20001108
OJF2001,JO F2001,F:OJ\F01,OJ,20010110
OJH2001,JO H2001,F:OJ\H01,OJ,20010312
OJK2001,JO K2001,F:OJ\K01,OJ,20010510
OJN2001,JO N2001,F:OJ\N01,OJ,20010711
OJU2001,JO U2001,F:OJ\U01,OJ,20010910
OJX2001,JO X2001,F:OJ\X01,OJ,20011108
OJF2002,JO F2002,F:OJ\F02,OJ,20020110
OJH2002,JO H2002,F:OJ\H02,OJ,20020308
OJK2002,JO K2002,F:OJ\K02,OJ,20020510
OJN2002,JO N2002,F:OJ\N02,OJ,20020711
OJU2002,JO U2002,F:OJ\U02,OJ,20020910
OJX2002,JO X2002,F:OJ\X02,OJ,20021107
OJF2003,JO F2003,F:OJ\F03,OJ,20030110
OJH2003,JO H2003,F:OJ\H03,OJ,20030311
OJK2003,JO K2003,F:OJ\K03,OJ,20030509
OJN2003,JO N2003,F:OJ\N03,OJ,20030711
OJU2003,JO U2003,F:OJ\U03,OJ,20030910
OJX2003,JO X2003,F:OJ\X03,OJ,20031106
OJF2004,JO F2004,F:OJ\F04,OJ,20040109
OJH2004,JO H2004,F:OJ\H04,OJ,20040311
OJK2004,JO K2004,F:OJ\K04,OJ,20040510
OJN2004,JO N2004,F:OJ\N04,OJ,20040712
OJU2004,JO U2004,F:OJ\U04,OJ,20040910
OJX2004,JO X2004,F:OJ\X04,OJ,20041108
OJF2005,JO F2005,F:OJ\F05,OJ,20050110
OJH2005,JO H2005,F:OJ\H05,OJ,20050310
OJK2005,JO K2005,F:OJ\K05,OJ,20050510
OJN2005,JO N2005,F:OJ\N05,OJ,20050711
OJU2005,JO U2005,F:OJ\U05,OJ,20050912
OJX2005,JO X2005,F:OJ\X05,OJ,20051108
OJF2006,JO F2006,F:OJ\F06,OJ,20060110
OJH2006,JO H2006,F:OJ\H06,OJ,20060313
OJK2006,JO K2006,F:OJ\K06,OJ,20060510
OJN2006,JO N2006,F:OJ\N06,OJ,20060711
OJU2006,JO U2006,F:OJ\U06,OJ,20060911
OJX2006,JO X2006,F:OJ\X06,OJ,20061108
OJF2007,JO F2007,F:OJ\F07,OJ,20070110
OJH2007,JO H2007,F:OJ\H07,OJ,20070312
OJK2007,JO K2007,F:OJ\K07,OJ,20070510
OJN2007,JO N2007,F:OJ\N07,OJ,20070711
OJU2007,JO U2007,F:OJ\U07,OJ,20070910
OJX2007,JO X2007,F:OJ\X07,OJ,20071108
OJF2008,JO F2008,F:OJ\F08,OJ,20080110
OJH2008,JO H2008,F:OJ\H08,OJ,20080310
OJK2008,JO K2008,F:OJ\K08,OJ,20080509
OJN2008,JO N2008,F:OJ\N08,OJ,20080711
OJU2008,JO U2008,F:OJ\U08,OJ,20080910
OJX2008,JO X2008,F:OJ\X08,OJ,20081106
OJF2009,JO F2009,F:OJ\F09,OJ,20090109
OJH2009,JO H2009,F:OJ\H09,OJ,20090311
OJK2009,JO K2009,F:OJ\K09,OJ,20090508
OJN2009,JO N2009,F:OJ\N09,OJ,20090713
OJU2009,JO U2009,F:OJ\U09,OJ,20090910
OJX2009,JO X2009,F:OJ\X09,OJ,20091109
OJF2010,JO F2010,F:OJ\F10,OJ,20100108
OJH2010,JO H2010,F:OJ\H10,OJ,20100311
OJK2010,JO K2010,F:OJ\K10,OJ,20100510
OJN2010,JO N2010,F:OJ\N10,OJ,20100712
OJU2010,JO U2010,F:OJ\U10,OJ,20100910
OJX2010,JO X2010,F:OJ\X10,OJ,20101109
OJF2011,JO F2011,F:OJ\F11,OJ,20110110
OJH2011,JO H2011,F:OJ\H11,OJ,20110311
OJK2011,JO K2011,F:OJ\K11,OJ,20110510
OJN2011,JO N2011,F:OJ\N11,OJ,20110711
OJU2011,JO U2011,F:OJ\U11,OJ,20110912
OJX2011,JO X2011,F:OJ\X11,OJ,20111109
OJF2012,JO F2012,F:OJ\F12,OJ,20120110
OJH2012,JO H2012,F:OJ\H12,OJ,20120312
OJK2012,JO K2012,F:OJ\K12,OJ,20120510
OJN2012,JO N2012,F:OJ\N12,OJ,20120711
OJU2012,JO U2012,F:OJ\U12,OJ,20120910
OJX2012,JO X2012,F:OJ\X12,OJ,20121109
OJF2013,JO F2013,F:OJ\F13,OJ,20130110
OJH2013,JO H2013,F:OJ\H13,OJ,20130308
OJK2013,JO K2013,F:OJ\K13,OJ,20130510
OJN2013,JO N2013,F:OJ\N13,OJ,20130711
OJU2013,JO U2013,F:OJ\U13,OJ,20130910
OJX2013,JO X2013,F:OJ\X13,OJ,20131108
OJF2014,JO F2014,F:OJ\F14,OJ,20140110
OJH2014,JO H2014,F:OJ\H14,OJ,20140311
OJK2014,JO K2014,F:OJ\K14,OJ,20140509
OJN2014,JO N2014,F:OJ\N14,OJ,20140711
OJU2014,JO U2014,F:OJ\U14,OJ,20140910
OJX2014,JO X2014,F:OJ\X14,OJ,20141107
OJF2015,JO F2015,F:OJ\F15,OJ,20150109
OJH2015,JO H2015,F:OJ\H15,OJ,20150311
OJK2015,JO K2015,F:OJ\K15,OJ,20150508
OJN2015,JO N2015,F:OJ\N15,OJ,20150713
OJU2015,JO U2015,F:OJ\U15,OJ,20150910
OJX2015,JO X2015,F:OJ\X15,OJ,20151109
OJF2016,JO F2016,F:OJ\F16,OJ,20160108
OJH2016,JO H2016,F:OJ\H16,OJ,20160310
OJK2016,JO K2016,F:OJ\K16,OJ,20160510
OJN2016,JO N2016,F:OJ\N16,OJ,20160711
OJU2016,JO U2016,F:OJ\U16,OJ,20160912
OJX2016,JO X2016,F:OJ\X16,OJ,20161109
OJF2017,JO F2017,F:OJ\F17,OJ,20170110
OJH2017,JO H2017,F:OJ\H17,OJ,20170313
OJK2017,JO K2017,F:OJ\K17,OJ,20170510
OJN2017,JO N2017,F:OJ\N17,OJ,20170711
OJU2017,JO U2017,F:OJ\U17,OJ,20170911
OJX2017,JO X2017,F:OJ\X17,OJ,20171109
OJF2018,JO F2018,F:OJ\F18,OJ,20180110
OJH2018,JO H2018,F:OJ\H18,OJ,20180309
OJK2018,JO K2018,F:OJ\K18,OJ,20180510
OJN2018,JO N2018,F:OJ\N18,OJ,20180711
OJU2018,JO U2018,F:OJ\U18,OJ,20180910
OJX2018,JO X2018,F:OJ\X18,OJ,20181109
OJF2019,JO F2019,F:OJ\F19,OJ,20190110
OJH2019,JO H2019,F:OJ\H19,OJ,20190311
OJK2019,JO K2019,F:OJ\K19,OJ,20190510
OJN2019,JO N2019,F:OJ\N19,OJ,20190711
OJU2019,JO U2019,F:OJ\U19,OJ,20190910
OJX2019,JO X2019,F:OJ\X19,OJ,20191108
OJF2020,JO F2020,F:OJ\F20,OJ,20200110
OJH2020,JO H2020,F:OJ\H20,OJ,20200311
OJK2020,JO K2020,F:OJ\K20,OJ,20200508
OJN2020,JO N2020,F:OJ\N20,OJ,20200713
OJQ2020,OJ Q2020,F:OJ\Q20,OJ,20200717
OJU2020,JO U2020,F:OJ\U20,OJ,20200910
OJV2020,OJ V2020,F:OJ\V20,OJ,20200918
OJX2020,JO X2020,F:OJ\X20,OJ,20201109
OJF2021,JO F2021,F:OJ\F21,OJ,20210108
OJG2021,OJ G2021,F:OJ\G21,OJ,20210115
OJH2021,JO H2021,F:OJ\H21,OJ,20210311
OJK2021,JO K2021,F:OJ\K21,OJ,20210510
OJN2021,JO N2021,F:OJ\N21,OJ,20210712
OJU2021,JO U2021,F:OJ\U21,OJ,20210910
OJX2021,JO X2021,F:OJ\X21,OJ,20211109
OJF2022,JO F2022,F:OJ\F22,OJ,20220110
OJG2022,OJ G2022,F:OJ\G22,OJ,20220121
OJH2022,JO H2022,F:OJ\H22,OJ,20220311
OJK2022,JO K2022,F:OJ\K22,OJ,20220510
OJN2022,JO N2022,F:OJ\N22,OJ,20220711
OJU2022,JO U2022,F:OJ\U22,OJ,20220912
OJX2022,JO X2022,F:OJ\X22,OJ,20221109
OJF2023,JO F2023,F:OJ\F23,OJ,20230110
OJG2023,OJ G2023,F:OJ\G23,OJ,20230120
OJH2023,JO H2023,F:OJ\H23,OJ,20230313
OJK2023,JO K2023,F:OJ\K23,OJ,20230510
OJN2023,JO N2023,F:OJ\N23,OJ,20230711
OJU2023,JO U2023,F:OJ\U23,OJ,20230911
OJX2023,JO X2023,F:OJ\X23,OJ,20231109
OJF2024,JO F2024,F:OJ\F24,OJ,20240110
OJH2024,JO H2024,F:OJ\H24,OJ,20240308
OJK2024,JO K2024,F:OJ\K24,OJ,20240510
OJN2024,JO N2024,F:OJ\N24,OJ,20240711
OJU2024,JO U2024,F:OJ\U24,OJ,20240910
OJX2024,JO X2024,F:OJ\X24,OJ,20241108
OJF2025,JO F2025,F:OJ\F25,OJ,20250110
OJH2025,JO H2025,F:OJ\H25,OJ,20250311
OJK2025,JO K2025,F:OJ\K25,OJ,20250509
OJN2025,JO N2025,F:OJ\N25,OJ,20250711
OJU2025,JO U2025,F:OJ\U25,OJ,20250910
OJ.ZN2010,JOZ N2010,F:OJ.Z\N10,OJ.Z,20100712
OJ.ZU2010,JOZ U2010,F:OJ.Z\U10,OJ.Z,20100910
OJ.ZX2010,JOZ X2010,F:OJ.Z\X10,OJ.Z,20101109
OJ.ZF2011,JOZ F2011,F:OJ.Z\F11,OJ.Z,20110110
OJ.ZH2011,JOZ H2011,F:OJ.Z\H11,OJ.Z,20110311
OJ.ZK2011,JOZ K2011,F:OJ.Z\K11,OJ.Z,20110510
OJ.ZN2011,JOZ N2011,F:OJ.Z\N11,OJ.Z,20110711
OJ.ZU2011,JOZ U2011,F:OJ.Z\U11,OJ.Z,20110912
OJ.ZX2011,JOZ X2011,F:OJ.Z\X11,OJ.Z,20111109
OJ.ZF2012,JOZ F2012,F:OJ.Z\F12,OJ.Z,20120110
OJ.ZH2012,JOZ H2012,F:OJ.Z\H12,OJ.Z,20120312
OJ.ZK2012,JOZ K2012,F:OJ.Z\K12,OJ.Z,20120510
OJ.ZN2012,JOZ N2012,F:OJ.Z\N12,OJ.Z,20120711
OJ.ZU2012,JOZ U2012,F:OJ.Z\U12,OJ.Z,20120910
OJ.ZX2012,JOZ X2012,F:OJ.Z\X12,OJ.Z,20121109
OJ.ZF2013,JOZ F2013,F:OJ.Z\F13,OJ.Z,20130110
OJ.ZH2013,JOZ H2013,F:OJ.Z\H13,OJ.Z,20130308
OJ.ZK2013,JOZ K2013,F:OJ.Z\K13,OJ.Z,20130510
OJ.ZN2013,JOZ N2013,F:OJ.Z\N13,OJ.Z,20130711
OJ.ZU2013,JOZ U2013,F:OJ.Z\U13,OJ.Z,20130910
OJ.ZX2013,JOZ X2013,F:OJ.Z\X13,OJ.Z,20131108
OJ.ZF2014,JOZ F2014,F:OJ.Z\F14,OJ.Z,20140110
OJ.ZH2014,JOZ H2014,F:OJ.Z\H14,OJ.Z,20140311
OJ.ZK2014,JOZ K2014,F:OJ.Z\K14,OJ.Z,20140509
OJ.ZN2014,JOZ N2014,F:OJ.Z\N14,OJ.Z,20140711
OJ.ZU2014,JOZ U2014,F:OJ.Z\U14,OJ.Z,20140910
OJ.ZX2014,JOZ X2014,F:OJ.Z\X14,OJ.Z,20141107
OJ.ZF2015,JOZ F2015,F:OJ.Z\F15,OJ.Z,20150109
OJ.ZH2015,JOZ H2015,F:OJ.Z\H15,OJ.Z,20150311
OJ.ZK2015,JOZ K2015,F:OJ.Z\K15,OJ.Z,20150508
OJ.ZN2015,JOZ N2015,F:OJ.Z\N15,OJ.Z,20150713
OJ.ZU2015,JOZ U2015,F:OJ.Z\U15,OJ.Z,20150910
OJ.ZX2015,JOZ X2015,F:OJ.Z\X15,OJ.Z,20151109
OJ.ZF2016,JOZ F2016,F:OJ.Z\F16,OJ.Z,20160108
OJ.ZH2016,JOZ H2016,F:OJ.Z\H16,OJ.Z,20160310
OJ.ZK2016,JOZ K2016,F:OJ.Z\K16,OJ.Z,20160510
OJ.ZN2016,JOZ N2016,F:OJ.Z\N16,OJ.Z,20160711
OJ.ZU2016,JOZ U2016,F:OJ.Z\U16,OJ.Z,20160912
OJ.ZX2016,JOZ X2016,F:OJ.Z\X16,OJ.Z,20161109
OJ.ZF2017,JOZ F2017,F:OJ.Z\F17,OJ.Z,20170110
OJ.ZH2017,JOZ H2017,F:OJ.Z\H17,OJ.Z,20170313
OJ.ZK2017,JOZ K2017,F:OJ.Z\K17,OJ.Z,20170510
OJ.ZN2017,JOZ N2017,F:OJ.Z\N17,OJ.Z,20170711
OJ.ZU2017,JOZ U2017,F:OJ.Z\U17,OJ.Z,20170911
OJ.ZX2017,JOZ X2017,F:OJ.Z\X17,OJ.Z,20171109
OJ.ZF2018,JOZ F2018,F:OJ.Z\F18,OJ.Z,20180110
OJ.ZH2018,JOZ H2018,F:OJ.Z\H18,OJ.Z,20180309
OJ.ZK2018,JOZ K2018,F:OJ.Z\K18,OJ.Z,20180510
OJ.ZN2018,JOZ N2018,F:OJ.Z\N18,OJ.Z,20180711
OJ.ZU2018,JOZ U2018,F:OJ.Z\U18,OJ.Z,20180910
OJ.ZX2018,JOZ X2018,F:OJ.Z\X18,OJ.Z,20181109
OJ.ZF2019,JOZ F2019,F:OJ.Z\F19,OJ.Z,20190110
OJ.ZH2019,JOZ H2019,F:OJ.Z\H19,OJ.Z,20190311
OJ.ZK2019,JOZ K2019,F:OJ.Z\K19,OJ.Z,20190510
OJ.ZN2019,JOZ N2019,F:OJ.Z\N19,OJ.Z,20190711
OJ.ZU2019,JOZ U2019,F:OJ.Z\U19,OJ.Z,20190910
OJ.ZX2019,JOZ X2019,F:OJ.Z\X19,OJ.Z,20191108
OJ.ZF2020,JOZ F2020,F:OJ.Z\F20,OJ.Z,20200110
OJ.ZH2020,JOZ H2020,F:OJ.Z\H20,OJ.Z,20200311
OJ.ZK2020,JOZ K2020,F:OJ.Z\K20,OJ.Z,20200508
OJ.ZN2020,JOZ N2020,F:OJ.Z\N20,OJ.Z,20200713
OJ.ZU2020,JOZ U2020,F:OJ.Z\U20,OJ.Z,20200831
OJ.ZX2020,JOZ X2020,F:OJ.Z\X20,OJ.Z,20201030
OJ.ZF2021,JOZ F2021,F:OJ.Z\F21,OJ.Z,20201231
OJ.ZH2021,JOZ H2021,F:OJ.Z\H21,OJ.Z,20210226
OJ.ZK2021,JOZ K2021,F:OJ.Z\K21,OJ.Z,20210430
OJ.ZN2021,JOZ N2021,F:OJ.Z\N21,OJ.Z,20210630
OJ.ZU2021,JOZ U2021,F:OJ.Z\U21,OJ.Z,20210831
OJ.ZX2021,JOZ X2021,F:OJ.Z\X21,OJ.Z,20211029
OJ.ZF2022,JOZ F2022,F:OJ.Z\F22,OJ.Z,20211231
OJ.ZH2022,JOZ H2022,F:OJ.Z\H22,OJ.Z,20220228
OJ.ZK2022,JOZ K2022,F:OJ.Z\K22,OJ.Z,20220429
OJ.ZN2022,JOZ N2022,F:OJ.Z\N22,OJ.Z,20220630
OJ.ZU2022,JOZ U2022,F:OJ.Z\U22,OJ.Z,20220831
OJ.ZX2022,JOZ X2022,F:OJ.Z\X22,OJ.Z,20221031
OJ.ZF2023,JOZ F2023,F:OJ.Z\F23,OJ.Z,20221230
OJ.ZH2023,JOZ H2023,F:OJ.Z\H23,OJ.Z,20230228
OJ.ZK2023,JOZ K2023,F:OJ.Z\K23,OJ.Z,20230428
SBH1973,SB H1973,F:SB\H73,SB,19730228
SBK1973,SB K1973,F:SB\K73,SB,19730430
SBN1973,SB N1973,F:SB\N73,SB,19730629
SBU1973,SB U1973,F:SB\U73,SB,19730831
SBV1973,SB V1973,F:SB\V73,SB,19730928
SBH1974,SB H1974,F:SB\H74,SB,19740228
SBK1974,SB K1974,F:SB\K74,SB,19740430
SBN1974,SB N1974,F:SB\N74,SB,19740628
SBU1974,SB U1974,F:SB\U74,SB,19740830
SBV1974,SB V1974,F:SB\V74,SB,19740930
SBF1975,SB F1975,F:SB\F75,SB,19741230
SBH1975,SB H1975,F:SB\H75,SB,19750228
SBK1975,SB K1975,F:SB\K75,SB,19750430
SBN1975,SB N1975,F:SB\N75,SB,19750630
SBU1975,SB U1975,F:SB\U75,SB,19750829
SBV1975,SB V1975,F:SB\V75,SB,19750930
SBF1976,SB F1976,F:SB\F76,SB,19751229
SBH1976,SB H1976,F:SB\H76,SB,19760227
SBK1976,SB K1976,F:SB\K76,SB,19760430
SBN1976,SB N1976,F:SB\N76,SB,19760630
SBU1976,SB U1976,F:SB\U76,SB,19760831
SBV1976,SB V1976,F:SB\V76,SB,19760930
SBF1977,SB F1977,F:SB\F77,SB,19761230
SBH1977,SB H1977,F:SB\H77,SB,19770228
SBK1977,SB K1977,F:SB\K77,SB,19770429
SBN1977,SB N1977,F:SB\N77,SB,19770630
SBU1977,SB U1977,F:SB\U77,SB,19770831
SBV1977,SB V1977,F:SB\V77,SB,19770930
SBF1978,SB F1978,F:SB\F78,SB,19771230
SBH1978,SB H1978,F:SB\H78,SB,19780228
SBK1978,SB K1978,F:SB\K78,SB,19780428
SBN1978,SB N1978,F:SB\N78,SB,19780630
SBU1978,SB U1978,F:SB\U78,SB,19780831
SBV1978,SB V1978,F:SB\V78,SB,19780929
SBF1979,SB F1979,F:SB\F79,SB,19781228
SBH1979,SB H1979,F:SB\H79,SB,19790228
SBK1979,SB K1979,F:SB\K79,SB,19790430
SBN1979,SB N1979,F:SB\N79,SB,19790629
SBU1979,SB U1979,F:SB\U79,SB,19790831
SBV1979,SB V1979,F:SB\V79,SB,19790928
SBF1980,SB F1980,F:SB\F80,SB,19791228
SBH1980,SB H1980,F:SB\H80,SB,19800229
SBK1980,SB K1980,F:SB\K80,SB,19800430
SBN1980,SB N1980,F:SB\N80,SB,19800630
SBU1980,SB U1980,F:SB\U80,SB,19800829
SBV1980,SB V1980,F:SB\V80,SB,19800930
SBF1981,SB F1981,F:SB\F81,SB,19801230
SBH1981,SB H1981,F:SB\H81,SB,19810227
SBK1981,SB K1981,F:SB\K81,SB,19810430
SBN1981,SB N1981,F:SB\N81,SB,19810630
SBU1981,SB U1981,F:SB\U81,SB,19810831
SBV1981,SB V1981,F:SB\V81,SB,19810930
SBF1982,SB F1982,F:SB\F82,SB,19811230
SBH1982,SB H1982,F:SB\H82,SB,19820226
SBK1982,SB K1982,F:SB\K82,SB,19820430
SBN1982,SB N1982,F:SB\N82,SB,19820630
SBU1982,SB U1982,F:SB\U82,SB,19820831
SBV1982,SB V1982,F:SB\V82,SB,19820930
SBF1983,SB F1983,F:SB\F83,SB,19821230
SBH1983,SB H1983,F:SB\H83,SB,19830228
SBK1983,SB K1983,F:SB\K83,SB,19830429
SBN1983,SB N1983,F:SB\N83,SB,19830630
SBU1983,SB U1983,F:SB\U83,SB,19830831
SBV1983,SB V1983,F:SB\V83,SB,19830930
SBF1984,SB F1984,F:SB\F84,SB,19831230
SBH1984,SB H1984,F:SB\H84,SB,19840229
SBK1984,SB K1984,F:SB\K84,SB,19840430
SBN1984,SB N1984,F:SB\N84,SB,19840629
SBU1984,SB U1984,F:SB\U84,SB,19840831
SBV1984,SB V1984,F:SB\V84,SB,19840928
SBF1985,SB F1985,F:SB\F85,SB,19841231
SBH1985,SB H1985,F:SB\H85,SB,19850228
SBK1985,SB K1985,F:SB\K85,SB,19850430
SBN1985,SB N1985,F:SB\N85,SB,19850628
SBU1985,SB U1985,F:SB\U85,SB,19850830
SBV1985,SB V1985,F:SB\V85,SB,19850930
SBF1986,SB F1986,F:SB\F86,SB,19851231
SBH1986,SB H1986,F:SB\H86,SB,19860228
SBK1986,SB K1986,F:SB\K86,SB,19860430
SBN1986,SB N1986,F:SB\N86,SB,19860630
SBU1986,SB U1986,F:SB\U86,SB,19860829
SBV1986,SB V1986,F:SB\V86,SB,19860930
SBF1987,SB F1987,F:SB\F87,SB,19861231
SBH1987,SB H1987,F:SB\H87,SB,19870227
SBK1987,SB K1987,F:SB\K87,SB,19870430
SBN1987,SB N1987,F:SB\N87,SB,19870630
SBU1987,SB U1987,F:SB\U87,SB,19870831
SBV1987,SB V1987,F:SB\V87,SB,19870930
SBF1988,SB F1988,F:SB\F88,SB,19871231
SBH1988,SB H1988,F:SB\H88,SB,19880229
SBK1988,SB K1988,F:SB\K88,SB,19880429
SBN1988,SB N1988,F:SB\N88,SB,19880630
SBV1988,SB V1988,F:SB\V88,SB,19880930
SBF1989,SB F1989,F:SB\F89,SB,19881230
SBH1989,SB H1989,F:SB\H89,SB,19890228
SBK1989,SB K1989,F:SB\K89,SB,19890428
SBN1989,SB N1989,F:SB\N89,SB,19890630
SBV1989,SB V1989,F:SB\V89,SB,19890929
SBF1990,SB F1990,F:SB\F90,SB,19891229
SBH1990,SB H1990,F:SB\H90,SB,19900228
SBK1990,SB K1990,F:SB\K90,SB,19900430
SBN1990,SB N1990,F:SB\N90,SB,19900629
SBV1990,SB V1990,F:SB\V90,SB,19900928
SBH1991,SB H1991,F:SB\H91,SB,19910228
SBK1991,SB K1991,F:SB\K91,SB,19910430
SBN1991,SB N1991,F:SB\N91,SB,19910628
SBV1991,SB V1991,F:SB\V91,SB,19910930
SBH1992,SB H1992,F:SB\H92,SB,19920228
SBK1992,SB K1992,F:SB\K92,SB,19920430
SBN1992,SB N1992,F:SB\N92,SB,19920630
SBV1992,SB V1992,F:SB\V92,SB,19920930
SBH1993,SB H1993,F:SB\H93,SB,19930301
SBK1993,SB K1993,F:SB\K93,SB,19930430
SBN1993,SB N1993,F:SB\N93,SB,19930630
SBV1993,SB V1993,F:SB\V93,SB,19930930
SBH1994,SB H1994,F:SB\H94,SB,19940228
SBK1994,SB K1994,F:SB\K94,SB,19940429
SBN1994,SB N1994,F:SB\N94,SB,19940630
SBV1994,SB V1994,F:SB\V94,SB,19940930
SBH1995,SB H1995,F:SB\H95,SB,19950228
SBK1995,SB K1995,F:SB\K95,SB,19950428
SBN1995,SB N1995,F:SB\N95,SB,19950630
SBV1995,SB V1995,F:SB\V95,SB,19950929
SBH1996,SB H1996,F:SB\H96,SB,19960229
SBK1996,SB K1996,F:SB\K96,SB,19960430
SBN1996,SB N1996,F:SB\N96,SB,19960628
SBV1996,SB V1996,F:SB\V96,SB,19960930
SBH1997,SB H1997,F:SB\H97,SB,19970228
SBK1997,SB K1997,F:SB\K97,SB,19970430
SBN1997,SB N1997,F:SB\N97,SB,19970630
SBV1997,SB V1997,F:SB\V97,SB,19970930
SBH1998,SB H1998,F:SB\H98,SB,19980227
SBK1998,SB K1998,F:SB\K98,SB,19980430
SBN1998,SB N1998,F:SB\N98,SB,19980630
SBV1998,SB V1998,F:SB\V98,SB,19980930
SBH1999,SB H1999,F:SB\H99,SB,19990226
SBK1999,SB K1999,F:SB\K99,SB,19990430
SBN1999,SB N1999,F:SB\N99,SB,19990630
SBV1999,SB V1999,F:SB\V99,SB,19990930
SBH2000,SB H2000,F:SB\H00,SB,20000229
SBK2000,SB K2000,F:SB\K00,SB,20000428
SBN2000,SB N2000,F:SB\N00,SB,20000630
SBV2000,SB V2000,F:SB\V00,SB,20000929
SBH2001,SB H2001,F:SB\H01,SB,20010228
SBK2001,SB K2001,F:SB\K01,SB,20010430
SBN2001,SB N2001,F:SB\N01,SB,20010629
SBV2001,SB V2001,F:SB\V01,SB,20011002
SBH2002,SB H2002,F:SB\H02,SB,20020228
SBK2002,SB K2002,F:SB\K02,SB,20020430
SBN2002,SB N2002,F:SB\N02,SB,20020628
SBV2002,SB V2002,F:SB\V02,SB,20020930
SBH2003,SB H2003,F:SB\H03,SB,20030228
SBK2003,SB K2003,F:SB\K03,SB,20030430
SBN2003,SB N2003,F:SB\N03,SB,20030630
SBV2003,SB V2003,F:SB\V03,SB,20030930
SBH2004,SB H2004,F:SB\H04,SB,20040227
SBK2004,SB K2004,F:SB\K04,SB,20040430
SBN2004,SB N2004,F:SB\N04,SB,20040630
SBV2004,SB V2004,F:SB\V04,SB,20040930
SBH2005,SB H2005,F:SB\H05,SB,20050228
SBK2005,SB K2005,F:SB\K05,SB,20050429
SBN2005,SB N2005,F:SB\N05,SB,20050630
SBV2005,SB V2005,F:SB\V05,SB,20050930
SBH2006,SB H2006,F:SB\H06,SB,20060228
SBK2006,SB K2006,F:SB\K06,SB,20060428
SBN2006,SB N2006,F:SB\N06,SB,20060630
SBV2006,SB V2006,F:SB\V06,SB,20060929
SBH2007,SB H2007,F:SB\H07,SB,20070228
SBK2007,SB K2007,F:SB\K07,SB,20070430
SBN2007,SB N2007,F:SB\N07,SB,20070629
SBV2007,SB V2007,F:SB\V07,SB,20070928
SBH2008,SB H2008,F:SB\H08,SB,20080229
SBK2008,SB K2008,F:SB\K08,SB,20080430
SBN2008,SB N2008,F:SB\N08,SB,20080630
SBV2008,SB V2008,F:SB\V08,SB,20080930
SBH2009,SB H2009,F:SB\H09,SB,20090227
SBK2009,SB K2009,F:SB\K09,SB,20090430
SBN2009,SB N2009,F:SB\N09,SB,20090630
SBV2009,SB V2009,F:SB\V09,SB,20090930
SBH2010,SB H2010,F:SB\H10,SB,20100226
SBK2010,SB K2010,F:SB\K10,SB,20100430
SBN2010,SB N2010,F:SB\N10,SB,20100630
SBV2010,SB V2010,F:SB\V10,SB,20100930
SBH2011,SB H2011,F:SB\H11,SB,20110228
SBK2011,SB K2011,F:SB\K11,SB,20110429
SBN2011,SB N2011,F:SB\N11,SB,20110630
SBV2011,SB V2011,F:SB\V11,SB,20110930
SBH2012,SB H2012,F:SB\H12,SB,20120229
SBK2012,SB K2012,F:SB\K12,SB,20120430
SBN2012,SB N2012,F:SB\N12,SB,20120629
SBV2012,SB V2012,F:SB\V12,SB,20120928
SBH2013,SB H2013,F:SB\H13,SB,20130228
SBK2013,SB K2013,F:SB\K13,SB,20130430
SBN2013,SB N2013,F:SB\N13,SB,20130628
SBV2013,SB V2013,F:SB\V13,SB,20130930
SBH2014,SB H2014,F:SB\H14,SB,20140228
SBK2014,SB K2014,F:SB\K14,SB,20140430
SBN2014,SB N2014,F:SB\N14,SB,20140630
SBV2014,SB V2014,F:SB\V14,SB,20140930
SBH2015,SB H2015,F:SB\H15,SB,20150227
SBK2015,SB K2015,F:SB\K15,SB,20150430
SBN2015,SB N2015,F:SB\N15,SB,20150630
SBV2015,SB V2015,F:SB\V15,SB,20150930
SBH2016,SB H2016,F:SB\H16,SB,20160229
SBK2016,SB K2016,F:SB\K16,SB,20160429
SBN2016,SB N2016,F:SB\N16,SB,20160630
SBV2016,SB V2016,F:SB\V16,SB,20160930
SBH2017,SB H2017,F:SB\H17,SB,20170228
SBK2017,SB K2017,F:SB\K17,SB,20170428
SBN2017,SB N2017,F:SB\N17,SB,20170630
SBV2017,SB V2017,F:SB\V17,SB,20170929
SBH2018,SB H2018,F:SB\H18,SB,20180228
SBK2018,SB K2018,F:SB\K18,SB,20180430
SBN2018,SB N2018,F:SB\N18,SB,20180629
SBV2018,SB V2018,F:SB\V18,SB,20180928
SBH2019,SB H2019,F:SB\H19,SB,20190228
SBK2019,SB K2019,F:SB\K19,SB,20190430
SBN2019,SB N2019,F:SB\N19,SB,20190628
SBV2019,SB V2019,F:SB\V19,SB,20190930
SBH2020,SB H2020,F:SB\H20,SB,20200228
SBK2020,SB K2020,F:SB\K20,SB,20200430
SBN2020,SB N2020,F:SB\N20,SB,20200630
SBQ2020,SB Q2020,F:SB\Q20,SB,20200715
SBU2020,SB U2020,F:SB\U20,SB,20200817
SBV2020,SB V2020,F:SB\V20,SB,20200930
SBX2020,SB X2020,F:SB\X20,SB,20201015
SBF2021,SB F2021,F:SB\F21,SB,20201215
SBH2021,SB H2021,F:SB\H21,SB,20210226
SBK2021,SB K2021,F:SB\K21,SB,20210430
SBN2021,SB N2021,F:SB\N21,SB,20210630
SBV2021,SB V2021,F:SB\V21,SB,20210930
SBF2022,SB F2022,F:SB\F22,SB,20211215
SBH2022,SB H2022,F:SB\H22,SB,20220228
SBK2022,SB K2022,F:SB\K22,SB,20220429
SBN2022,SB N2022,F:SB\N22,SB,20220630
SBV2022,SB V2022,F:SB\V22,SB,20220930
SBF2023,SB F2023,F:SB\F23,SB,20221215
SBH2023,SB H2023,F:SB\H23,SB,20230228
SBK2023,SB K2023,F:SB\K23,SB,20230428
SBN2023,SB N2023,F:SB\N23,SB,20230630
SBV2023,SB V2023,F:SB\V23,SB,20230929
SBH2024,SB H2024,F:SB\H24,SB,20240229
SBK2024,SB K2024,F:SB\K24,SB,20240430
SBN2024,SB N2024,F:SB\N24,SB,20240628
SBV2024,SB V2024,F:SB\V24,SB,20240930
SBH2025,SB H2025,F:SB\H25,SB,20250228
SBK2025,SB K2025,F:SB\K25,SB,20250430
SBN2025,SB N2025,F:SB\N25,SB,20250630
SBV2025,SB V2025,F:SB\V25,SB,20250930
SB.ZN2010,SBZ N2010,F:SB.Z\N10,SB.Z,20100630
SB.ZV2010,SBZ V2010,F:SB.Z\V10,SB.Z,20100930
SB.ZH2011,SBZ H2011,F:SB.Z\H11,SB.Z,20110228
SB.ZK2011,SBZ K2011,F:SB.Z\K11,SB.Z,20110429
SB.ZN2011,SBZ N2011,F:SB.Z\N11,SB.Z,20110630
SB.ZV2011,SBZ V2011,F:SB.Z\V11,SB.Z,20110930
SB.ZF2012,SBZ F2012,F:SB.Z\F12,SB.Z,20120202
SB.ZG2012,SBZ G2012,F:SB.Z\G12,SB.Z,20120302
SB.ZH2012,SBZ H2012,F:SB.Z\H12,SB.Z,20120402
SB.ZJ2012,SBZ J2012,F:SB.Z\J12,SB.Z,20120502
SB.ZN2012,SBZ N2012,F:SB.Z\N12,SB.Z,20120629
SB.ZV2012,SBZ V2012,F:SB.Z\V12,SB.Z,20120928
SB.ZF2013,SBZ F2013,F:SB.Z\F13,SB.Z,20130204
SB.ZG2013,SBZ G2013,F:SB.Z\G13,SB.Z,20130304
SB.ZH2013,SBZ H2013,F:SB.Z\H13,SB.Z,20130402
SB.ZJ2013,SBZ J2013,F:SB.Z\J13,SB.Z,20130502
SB.ZN2013,SBZ N2013,F:SB.Z\N13,SB.Z,20130628
SB.ZV2013,SBZ V2013,F:SB.Z\V13,SB.Z,20130930
SB.ZF2014,SBZ F2014,F:SB.Z\F14,SB.Z,20140204
SB.ZG2014,SBZ G2014,F:SB.Z\G14,SB.Z,20140304
SB.ZH2014,SBZ H2014,F:SB.Z\H14,SB.Z,20140402
SB.ZJ2014,SBZ J2014,F:SB.Z\J14,SB.Z,20140502
SB.ZN2014,SBZ N2014,F:SB.Z\N14,SB.Z,20140630
SB.ZV2014,SBZ V2014,F:SB.Z\V14,SB.Z,20140930
SB.ZF2015,SBZ F2015,F:SB.Z\F15,SB.Z,20150203
SB.ZG2015,SBZ G2015,F:SB.Z\G15,SB.Z,20150303
SB.ZJ2015,SBZ J2015,F:SB.Z\J15,SB.Z,20150504
SB.ZN2015,SBZ N2015,F:SB.Z\N15,SB.Z,20150630
SB.ZV2015,SBZ V2015,F:SB.Z\V15,SB.Z,20150930
SB.ZH2016,SBZ H2016,F:SB.Z\H16,SB.Z,20160229
SB.ZK2016,SBZ K2016,F:SB.Z\K16,SB.Z,20160429
SB.ZN2016,SBZ N2016,F:SB.Z\N16,SB.Z,20160630
SB.ZV2016,SBZ V2016,F:SB.Z\V16,SB.Z,20160930
SB.ZH2017,SBZ H2017,F:SB.Z\H17,SB.Z,20170228
SB.ZK2017,SBZ K2017,F:SB.Z\K17,SB.Z,20170428
SB.ZN2017,SBZ N2017,F:SB.Z\N17,SB.Z,20170630
SB.ZV2017,SBZ V2017,F:SB.Z\V17,SB.Z,20170929
SB.ZH2018,SBZ H2018,F:SB.Z\H18,SB.Z,20180228
SB.ZK2018,SBZ K2018,F:SB.Z\K18,SB.Z,20180430
SB.ZN2018,SBZ N2018,F:SB.Z\N18,SB.Z,20180629
SB.ZV2018,SBZ V2018,F:SB.Z\V18,SB.Z,20180928
SB.ZH2019,SBZ H2019,F:SB.Z\H19,SB.Z,20190228
SB.ZK2019,SBZ K2019,F:SB.Z\K19,SB.Z,20190430
SB.ZN2019,SBZ N2019,F:SB.Z\N19,SB.Z,20190628
SB.ZV2019,SBZ V2019,F:SB.Z\V19,SB.Z,20190930
SB.ZH2020,SBZ H2020,F:SB.Z\H20,SB.Z,20200228
SB.ZK2020,SBZ K2020,F:SB.Z\K20,SB.Z,20200430
SB.ZN2020,SBZ N2020,F:SB.Z\N20,SB.Z,20200630
SB.ZV2020,SBZ V2020,F:SB.Z\V20,SB.Z,20200930
SB.ZH2021,SBZ H2021,F:SB.Z\H21,SB.Z,20210226
SB.ZK2021,SBZ K2021,F:SB.Z\K21,SB.Z,20210430
SB.ZN2021,SBZ N2021,F:SB.Z\N21,SB.Z,20210630
SB.ZV2021,SBZ V2021,F:SB.Z\V21,SB.Z,20210930
SB.ZH2022,SBZ H2022,F:SB.Z\H22,SB.Z,20220228
SB.ZK2022,SBZ K2022,F:SB.Z\K22,SB.Z,20220429
SB.ZN2022,SBZ N2022,F:SB.Z\N22,SB.Z,20220630
SB.ZV2022,SBZ V2022,F:SB.Z\V22,SB.Z,20220930
SB.ZH2023,SBZ H2023,F:SB.Z\H23,SB.Z,20230228
SB.ZK2023,SBZ K2023,F:SB.Z\K23,SB.Z,20230428
SB.ZN2023,SBZ N2023,F:SB.Z\N23,SB.Z,20230630
SB.ZV2023,SBZ V2023,F:SB.Z\V23,SB.Z,20230929
SBZN2010,SBZ N2010,F:SB.Z\N10,SBZ,20100630
SBZV2010,SBZ V2010,F:SB.Z\V10,SBZ,20100930
SBZH2011,SBZ H2011,F:SB.Z\H11,SBZ,20110228
SBZK2011,SBZ K2011,F:SB.Z\K11,SBZ,20110429
SBZN2011,SBZ N2011,F:SB.Z\N11,SBZ,20110630
SBZV2011,SBZ V2011,F:SB.Z\V11,SBZ,20110930
SBZF2012,SBZ F2012,F:SB.Z\F12,SBZ,20120202
SBZG2012,SBZ G2012,F:SB.Z\G12,SBZ,20120302
SBZH2012,SBZ H2012,F:SB.Z\H12,SBZ,20120402
SBZJ2012,SBZ J2012,F:SB.Z\J12,SBZ,20120502
SBZN2012,SBZ N2012,F:SB.Z\N12,SBZ,20120629
SBZV2012,SBZ V2012,F:SB.Z\V12,SBZ,20120928
SBZF2013,SBZ F2013,F:SB.Z\F13,SBZ,20130204
SBZG2013,SBZ G2013,F:SB.Z\G13,SBZ,20130304
SBZH2013,SBZ H2013,F:SB.Z\H13,SBZ,20130402
SBZJ2013,SBZ J2013,F:SB.Z\J13,SBZ,20130502
SBZN2013,SBZ N2013,F:SB.Z\N13,SBZ,20130628
SBZV2013,SBZ V2013,F:SB.Z\V13,SBZ,20130930
SBZF2014,SBZ F2014,F:SB.Z\F14,SBZ,20140204
SBZG2014,SBZ G2014,F:SB.Z\G14,SBZ,20140304
SBZH2014,SBZ H2014,F:SB.Z\H14,SBZ,20140402
SBZJ2014,SBZ J2014,F:SB.Z\J14,SBZ,20140502
SBZN2014,SBZ N2014,F:SB.Z\N14,SBZ,20140630
SBZV2014,SBZ V2014,F:SB.Z\V14,SBZ,20140930
SBZF2015,SBZ F2015,F:SB.Z\F15,SBZ,20150203
SBZG2015,SBZ G2015,F:SB.Z\G15,SBZ,20150303
SBZJ2015,SBZ J2015,F:SB.Z\J15,SBZ,20150504
SBZN2015,SBZ N2015,F:SB.Z\N15,SBZ,20150630
SBZV2015,SBZ V2015,F:SB.Z\V15,SBZ,20150930
SBZH2016,SBZ H2016,F:SB.Z\H16,SBZ,20160229
SBZK2016,SBZ K2016,F:SB.Z\K16,SBZ,20160429
SBZN2016,SBZ N2016,F:SB.Z\N16,SBZ,20160630
SBZV2016,SBZ V2016,F:SB.Z\V16,SBZ,20160930
SBZH2017,SBZ H2017,F:SB.Z\H17,SBZ,20170228
SBZK2017,SBZ K2017,F:SB.Z\K17,SBZ,20170428
SBZN2017,SBZ N2017,F:SB.Z\N17,SBZ,20170630
SBZV2017,SBZ V2017,F:SB.Z\V17,SBZ,20170929
SBZH2018,SBZ H2018,F:SB.Z\H18,SBZ,20180228
SBZK2018,SBZ K2018,F:SB.Z\K18,SBZ,20180430
SBZN2018,SBZ N2018,F:SB.Z\N18,SBZ,20180629
SBZV2018,SBZ V2018,F:SB.Z\V18,SBZ,20180928
SBZH2019,SBZ H2019,F:SB.Z\H19,SBZ,20190228
SBZK2019,SBZ K2019,F:SB.Z\K19,SBZ,20190430
SBZN2019,SBZ N2019,F:SB.Z\N19,SBZ,20190628
SBZV2019,SBZ V2019,F:SB.Z\V19,SBZ,20190930
SBZH2020,SBZ H2020,F:SB.Z\H20,SBZ,20200228
SBZK2020,SBZ K2020,F:SB.Z\K20,SBZ,20200430
SBZN2020,SBZ N2020,F:SB.Z\N20,SBZ,20200630
SBZV2020,SBZ V2020,F:SB.Z\V20,SBZ,20200930
SBZH2021,SBZ H2021,F:SB.Z\H21,SBZ,20210226
SBZK2021,SBZ K2021,F:SB.Z\K21,SBZ,20210430
SBZN2021,SBZ N2021,F:SB.Z\N21,SBZ,20210630
SFF2009,SFQ F2009,F:SF\F09,SF,20081208
SFH2009,SFQ H2009,F:SF\H09,SF,20090209
SFK2009,SFQ K2009,F:SF\K09,SF,20090408
SFN2009,SFQ N2009,F:SF\N09,SF,20090608
SFU2009,SFQ U2009,F:SF\U09,SF,20090810
SFX2009,SFQ X2009,F:SF\X09,SF,20091008
SFF2010,SFQ F2010,F:SF\F10,SF,20091208
SFH2010,SFQ H2010,F:SF\H10,SF,20100208
SFK2010,SFQ K2010,F:SF\K10,SF,20100408
SFN2010,SFQ N2010,F:SF\N10,SF,20100608
SFU2010,SFQ U2010,F:SF\U10,SF,20100809
SFX2010,SFQ X2010,F:SF\X10,SF,20101008
SFF2011,SFQ F2011,F:SF\F11,SF,20101208
SFH2011,SFQ H2011,F:SF\H11,SF,20110209
SFK2011,SFQ K2011,F:SF\K11,SF,20110408
SFN2011,SFQ N2011,F:SF\N11,SF,20110608
SFU2011,SFQ U2011,F:SF\U11,SF,20110808
SFX2011,SFQ X2011,F:SF\X11,SF,20111010
SFF2012,SFQ F2012,F:SF\F12,SF,20111208
SFH2012,SFQ H2012,F:SF\H12,SF,20120208
SFK2012,SFQ K2012,F:SF\K12,SF,20120409
SFN2012,SFQ N2012,F:SF\N12,SF,20120608
SFU2012,SFQ U2012,F:SF\U12,SF,20120808
SFX2012,SFQ X2012,F:SF\X12,SF,20121008
SFF2013,SFQ F2013,F:SF\F13,SF,20121210
SFH2013,SFQ H2013,F:SF\H13,SF,20130208
SFK2013,SFQ K2013,F:SF\K13,SF,20130408
SFN2013,SFQ N2013,F:SF\N13,SF,20130610
SFU2013,SFQ U2013,F:SF\U13,SF,20130808
SFX2013,SFQ X2013,F:SF\X13,SF,20131008
SFF2014,SFQ F2014,F:SF\F14,SF,20131209
SFH2014,SFQ H2014,F:SF\H14,SF,20140210
SFK2014,SFQ K2014,F:SF\K14,SF,20140408
SFN2014,SFQ N2014,F:SF\N14,SF,20140609
SFU2014,SFQ U2014,F:SF\U14,SF,20140808
SFX2014,SFQ X2014,F:SF\X14,SF,20141008
SFF2015,SFQ F2015,F:SF\F15,SF,20141208
SFH2015,SFQ H2015,F:SF\H15,SF,20150209
SFK2015,SFQ K2015,F:SF\K15,SF,20150408
SFN2015,SFQ N2015,F:SF\N15,SF,20150608
SFU2015,SFQ U2015,F:SF\U15,SF,20150810
SFX2015,SFQ X2015,F:SF\X15,SF,20151008
SFF2016,SFQ F2016,F:SF\F16,SF,20151208
SFH2016,SFQ H2016,F:SF\H16,SF,20160208
SFK2016,SFQ K2016,F:SF\K16,SF,20160408
SFN2016,SFQ N2016,F:SF\N16,SF,20160608
SFU2016,SFQ U2016,F:SF\U16,SF,20160808
SFX2016,SFQ X2016,F:SF\X16,SF,20161010
SFF2017,SFQ F2017,F:SF\F17,SF,20161208
SFH2017,SFQ H2017,F:SF\H17,SF,20170208
SFK2017,SFQ K2017,F:SF\K17,SF,20170410
SFN2017,SFQ N2017,F:SF\N17,SF,20170608
SFU2017,SFQ U2017,F:SF\U17,SF,20170808
SFX2017,SFQ X2017,F:SF\X17,SF,20171009
SFF2018,SFQ F2018,F:SF\F18,SF,20171208
SFH2018,SFQ H2018,F:SF\H18,SF,20180208
SFK2018,SFQ K2018,F:SF\K18,SF,20180409
SFN2018,SFQ N2018,F:SF\N18,SF,20180608
SFU2018,SFQ U2018,F:SF\U18,SF,20180808
SFX2018,SFQ X2018,F:SF\X18,SF,20181008
SFF2019,SFQ F2019,F:SF\F19,SF,20181210
SFH2019,SFQ H2019,F:SF\H19,SF,20190208
SFK2019,SFQ K2019,F:SF\K19,SF,20190408
SFN2019,SFQ N2019,F:SF\N19,SF,20190610
SFU2019,SFQ U2019,F:SF\U19,SF,20190808
SFX2019,SFQ X2019,F:SF\X19,SF,20191008
SFF2020,SFQ F2020,F:SF\F20,SF,20191209
SFH2020,SFQ H2020,F:SF\H20,SF,20200210
SFK2020,SFQ K2020,F:SF\K20,SF,20200408
SFN2020,SFQ N2020,F:SF\N20,SF,20200610
SFU2020,SFQ U2020,F:SF\U20,SF,20200810
SFX2020,SFQ X2020,F:SF\X20,SF,20201008
SFF2021,SFQ F2021,F:SF\F21,SF,20201208
SFH2021,SFQ H2021,F:SF\H21,SF,20210208
SFK2021,SFQ K2021,F:SF\K21,SF,20210408
SFN2021,SFQ N2021,F:SF\N21,SF,20210608
SFU2021,SFQ U2021,F:SF\U21,SF,20210809
SFX2021,SFQ X2021,F:SF\X21,SF,20211008
SFF2022,SFQ F2022,F:SF\F22,SF,20211208
SFH2022,SFQ H2022,F:SF\H22,SF,20220208
SFK2022,SFQ K2022,F:SF\K22,SF,20220408
SFN2022,SFQ N2022,F:SF\N22,SF,20220608
SFU2022,SFQ U2022,F:SF\U22,SF,20220808
SFX2022,SFQ X2022,F:SF\X22,SF,20221010
SFF2023,SFQ F2023,F:SF\F23,SF,20221208
SFH2023,SFQ H2023,F:SF\H23,SF,20230208
SFK2023,SFQ K2023,F:SF\K23,SF,20230410
SFN2023,SFQ N2023,F:SF\N23,SF,20230608
SFU2023,SFQ U2023,F:SF\U23,SF,20230808
SFX2023,SFQ X2023,F:SF\X23,SF,20231009
SFF2024,SFQ F2024,F:SF\F24,SF,20231208
SFH2024,SFQ H2024,F:SF\H24,SF,20240208
SFK2024,SFQ K2024,F:SF\K24,SF,20240408
SFN2024,SFQ N2024,F:SF\N24,SF,20240610
SFU2024,SFQ U2024,F:SF\U24,SF,20240808
SFQF2009,SFQ F2009,F:SF\F09,SFQ,20081208
SFQH2009,SFQ H2009,F:SF\H09,SFQ,20090209
SFQK2009,SFQ K2009,F:SF\K09,SFQ,20090408
SFQN2009,SFQ N2009,F:SF\N09,SFQ,20090608
SFQU2009,SFQ U2009,F:SF\U09,SFQ,20090810
SFQX2009,SFQ X2009,F:SF\X09,SFQ,20091008
SFQF2010,SFQ F2010,F:SF\F10,SFQ,20091208
SFQH2010,SFQ H2010,F:SF\H10,SFQ,20100208
SFQK2010,SFQ K2010,F:SF\K10,SFQ,20100408
SFQN2010,SFQ N2010,F:SF\N10,SFQ,20100608
SFQU2010,SFQ U2010,F:SF\U10,SFQ,20100809
SFQX2010,SFQ X2010,F:SF\X10,SFQ,20101008
SFQF2011,SFQ F2011,F:SF\F11,SFQ,20101208
SFQH2011,SFQ H2011,F:SF\H11,SFQ,20110209
SFQK2011,SFQ K2011,F:SF\K11,SFQ,20110408
SFQN2011,SFQ N2011,F:SF\N11,SFQ,20110608
SFQU2011,SFQ U2011,F:SF\U11,SFQ,20110808
SFQX2011,SFQ X2011,F:SF\X11,SFQ,20111010
SFQF2012,SFQ F2012,F:SF\F12,SFQ,20111208
SFQH2012,SFQ H2012,F:SF\H12,SFQ,20120208
SFQK2012,SFQ K2012,F:SF\K12,SFQ,20120409
SFQN2012,SFQ N2012,F:SF\N12,SFQ,20120608
SFQU2012,SFQ U2012,F:SF\U12,SFQ,20120808
SFQX2012,SFQ X2012,F:SF\X12,SFQ,20121008
SFQF2013,SFQ F2013,F:SF\F13,SFQ,20121210
SFQH2013,SFQ H2013,F:SF\H13,SFQ,20130208
SFQK2013,SFQ K2013,F:SF\K13,SFQ,20130408
SFQN2013,SFQ N2013,F:SF\N13,SFQ,20130610
SFQU2013,SFQ U2013,F:SF\U13,SFQ,20130808
SFQX2013,SFQ X2013,F:SF\X13,SFQ,20131008
SFQF2014,SFQ F2014,F:SF\F14,SFQ,20131209
SFQH2014,SFQ H2014,F:SF\H14,SFQ,20140210
SFQK2014,SFQ K2014,F:SF\K14,SFQ,20140408
SFQN2014,SFQ N2014,F:SF\N14,SFQ,20140609
SFQU2014,SFQ U2014,F:SF\U14,SFQ,20140808
SFQX2014,SFQ X2014,F:SF\X14,SFQ,20141008
SFQF2015,SFQ F2015,F:SF\F15,SFQ,20141208
SFQH2015,SFQ H2015,F:SF\H15,SFQ,20150209
SFQK2015,SFQ K2015,F:SF\K15,SFQ,20150408
SFQN2015,SFQ N2015,F:SF\N15,SFQ,20150608
SFQU2015,SFQ U2015,F:SF\U15,SFQ,20150810
SFQX2015,SFQ X2015,F:SF\X15,SFQ,20151008
SFQF2016,SFQ F2016,F:SF\F16,SFQ,20151208
SFQH2016,SFQ H2016,F:SF\H16,SFQ,20160208
SFQK2016,SFQ K2016,F:SF\K16,SFQ,20160408
SFQN2016,SFQ N2016,F:SF\N16,SFQ,20160608
SFQU2016,SFQ U2016,F:SF\U16,SFQ,20160808
SFQX2016,SFQ X2016,F:SF\X16,SFQ,20161010
SFQF2017,SFQ F2017,F:SF\F17,SFQ,20161208
SFQH2017,SFQ H2017,F:SF\H17,SFQ,20170208
SFQK2017,SFQ K2017,F:SF\K17,SFQ,20170410
SFQN2017,SFQ N2017,F:SF\N17,SFQ,20170608
SFQU2017,SFQ U2017,F:SF\U17,SFQ,20170808
SFQX2017,SFQ X2017,F:SF\X17,SFQ,20171009
SFQF2018,SFQ F2018,F:SF\F18,SFQ,20171208
SFQH2018,SFQ H2018,F:SF\H18,SFQ,20180208
SFQK2018,SFQ K2018,F:SF\K18,SFQ,20180409
SFQN2018,SFQ N2018,F:SF\N18,SFQ,20180608
SFQU2018,SFQ U2018,F:SF\U18,SFQ,20180808
SFQX2018,SFQ X2018,F:SF\X18,SFQ,20181008
SFQF2019,SFQ F2019,F:SF\F19,SFQ,20181210
SFQH2019,SFQ H2019,F:SF\H19,SFQ,20190208
SFQK2019,SFQ K2019,F:SF\K19,SFQ,20190408
SFQN2019,SFQ N2019,F:SF\N19,SFQ,20190610
SFQU2019,SFQ U2019,F:SF\U19,SFQ,20190808
SFQX2019,SFQ X2019,F:SF\X19,SFQ,20191008
SFQF2020,SFQ F2020,F:SF\F20,SFQ,20191209
SFQH2020,SFQ H2020,F:SF\H20,SFQ,20200210
SFQK2020,SFQ K2020,F:SF\K20,SFQ,20200408
SFQN2020,SFQ N2020,F:SF\N20,SFQ,20200610
SFQU2020,SFQ U2020,F:SF\U20,SFQ,20200810
SFQX2020,SFQ X2020,F:SF\X20,SFQ,20201008
SFQF2021,SFQ F2021,F:SF\F21,SFQ,20201208
SFQH2021,SFQ H2021,F:SF\H21,SFQ,20210208
SFQK2021,SFQ K2021,F:SF\K21,SFQ,20210408
SFQN2021,SFQ N2021,F:SF\N21,SFQ,20210608
SFQU2021,SFQ U2021,F:SF\U21,SFQ,20210809
SFQX2021,SFQ X2021,F:SF\X21,SFQ,20211008
SFQF2022,SFQ F2022,F:SF\F22,SFQ,20211208
SFQH2022,SFQ H2022,F:SF\H22,SFQ,20220208
SFQK2022,SFQ K2022,F:SF\K22,SFQ,20220408
