AA3M,AAD M3-LME,F:AA\3M,AA,20270107
AA15M,AAD M2015-LME,F:AA\15M,AA,20280119
AA27M,AAD M2027-LME,F:AA\27M,AA,20290117
AH3M,AHD M3-LME,F:AH\3M,AH,20270107
AH15M,AHD M2015-LME,F:AH\15M,AH,20280119
AH27M,AHD M2027-LME,F:AH\27M,AH,20290117
AH63M,AHD M2063-LME,F:AH\63M,AH,20320121
AH123M,AHD M123-LME,F:AH\123M,AH,20370121
CA3M,CAD M3-LME,F:CA\3M,CA,20270107
CA15M,CAD M2015-LME,F:CA\15M,CA,20280119
CA27M,CAD M2027-LME,F:CA\27M,CA,20290117
CA63M,CAD M2063-LME,F:CA\63M,CA,20320121
CA123M,CAD M123-LME,F:CA\123M,CA,20370121
CO3M,COD M3-LME,F:CO\3M,CO,20270107
CO15M,COD M2015-LME,F:CO\15M,CO,20280119
NA3M,NAD M3-LME,F:NA\3M,NA,20270107
NA15M,NAD M2015-LME,F:NA\15M,NA,20280119
NA27M,NAD M2027-LME,F:NA\27M,NA,20290117
NI3M,NID M3-LME,F:NI\3M,NI,20270107
NI15M,NID M2015-LME,F:NI\15M,NI,20280119
NI27M,NID M2027-LME,F:NI\27M,NI,20290117
NI63M,NID M2063-LME,F:NI\63M,NI,20320121
PB3M,PBD M3-LME,F:PB\3M,PB,20270107
PB15M,PBD M2015-LME,F:PB\15M,PB,20280119
PB27M,PBD M2027-LME,F:PB\27M,PB,20290117
PB63M,PBD M2063-LME,F:PB\63M,PB,20320121
SN3M,SND M3-LME,F:SN\3M,SN,20270107
SN15M,SND M2015-LME,F:SN\15M,SN,20280119
ZS3M,ZSD M3-LME,F:ZS\3M,ZS,20270107
ZS15M,ZSD M2015-LME,F:ZS\15M,ZS,20280119
ZS27M,ZSD M2027-LME,F:ZS\27M,ZS,20290117
ZS63M,ZSD M2063-LME,F:ZS\63M,ZS,20320121
