DAPH2027,DAP H2027-MIAX,F2:DAP\H27,DAP,20270309
DAPK2027,DAP K2027-MIAX,F2:DAP\K27,DAP,20270507
DAPU2027,DAP U2027-MIAX,F2:DAP\U27,DAP,20270909
DAPZ2027,DAP Z2027-MIAX,F2:DAP\Z27,DAP,20271209
DAPH2028,DAP H2028-MIAX,F2:DAP\H28,DAP,20280309
DAPK2028,DAP K2028-MIAX,F2:DAP\K28,DAP,20280509
DAPU2028,DAP U2028-MIAX,F2:DAP\U28,DAP,20280908
DAPZ2028,DAP Z2028-MIAX,F2:DAP\Z28,DAP,20281208
DAPH2029,DAP H2029-MIAX,F2:DAP\H29,DAP,20290309
DAPK2029,DAP K2029-MIAX,F2:DAP\K29,DAP,20290509
DAPU2029,DAP U2029-MIAX,F2:DAP\U29,DAP,20290907
MAPH2027,MAP H2027-MIAX,F2:MAP\H27,MAP,20270309
MAPK2027,MAP K2027-MIAX,F2:MAP\K27,MAP,20270507
MAPU2027,MAP U2027-MIAX,F2:MAP\U27,MAP,20270909
MAPZ2027,MAP Z2027-MIAX,F2:MAP\Z27,MAP,20271209
MAPH2028,MAP H2028-MIAX,F2:MAP\H28,MAP,20280309
MAPK2028,MAP K2028-MIAX,F2:MAP\K28,MAP,20280509
MAPU2028,MAP U2028-MIAX,F2:MAP\U28,MAP,20280908
MAPZ2028,MAP Z2028-MIAX,F2:MAP\Z28,MAP,20281208
MAPH2029,MAP H2029-MIAX,F2:MAP\H29,MAP,20290309
MAPK2029,MAP K2029-MIAX,F2:MAP\K29,MAP,20290509
MAPU2029,MAP U2029-MIAX,F2:MAP\U29,MAP,20290907
MGUH2027,MGU H2027-MIAX,F2:MGU\H27,MGU,20270309
MGUK2027,MGU K2027-MIAX,F2:MGU\K27,MGU,20270507
MGUU2027,MGU U2027-MIAX,F2:MGU\U27,MGU,20270909
MGUZ2027,MGU Z2027-MIAX,F2:MGU\Z27,MGU,20271209
MGUH2028,MGU H2028-MIAX,F2:MGU\H28,MGU,20280309
MGUK2028,MGU K2028-MIAX,F2:MGU\K28,MGU,20280509
MGUU2028,MGU U2028-MIAX,F2:MGU\U28,MGU,20280908
MGUZ2028,MGU Z2028-MIAX,F2:MGU\Z28,MGU,20281208
MGUH2029,MGU H2029-MIAX,F2:MGU\H29,MGU,20290309
MGUK2029,MGU K2029-MIAX,F2:MGU\K29,MGU,20290509
MGUU2029,MGU U2029-MIAX,F2:MGU\U29,MGU,20290907
MOPH2027,MOP H2027-MIAX,F2:MOP\H27,MOP,20270309
MOPK2027,MOP K2027-MIAX,F2:MOP\K27,MOP,20270507
MOPU2027,MOP U2027-MIAX,F2:MOP\U27,MOP,20270909
MOPZ2027,MOP Z2027-MIAX,F2:MOP\Z27,MOP,20271209
MOPH2028,MOP H2028-MIAX,F2:MOP\H28,MOP,20280309
MOPK2028,MOP K2028-MIAX,F2:MOP\K28,MOP,20280509
MOPU2028,MOP U2028-MIAX,F2:MOP\U28,MOP,20280908
MOPZ2028,MOP Z2028-MIAX,F2:MOP\Z28,MOP,20281208
MOPH2029,MOP H2029-MIAX,F2:MOP\H29,MOP,20290309
MOPK2029,MOP K2029-MIAX,F2:MOP\K29,MOP,20290509
MOPU2029,MOP U2029-MIAX,F2:MOP\U29,MOP,20290907
MWEZ2004,MWE Z2004-MIAX,F:MWE\Z04,MWE,20041220
MWEH2005,MWE H2005-MIAX,F:MWE\H05,MWE,20050314
MWEK2005,MWE K2005-MIAX,F:MWE\K05,MWE,20050513
MWEN2005,MWE N2005-MIAX,F:MWE\N05,MWE,20050714
MWEU2005,MWE U2005-MIAX,F:MWE\U05,MWE,20050914
MWEZ2005,MWE Z2005-MIAX,F:MWE\Z05,MWE,20051214
MWEH2006,MWE H2006-MIAX,F:MWE\H06,MWE,20060314
MWEK2006,MWE K2006-MIAX,F:MWE\K06,MWE,20060512
MWEN2006,MWE N2006-MIAX,F:MWE\N06,MWE,20060731
MWEU2006,MWE U2006-MIAX,F:MWE\U06,MWE,20060929
MWEZ2006,MWE Z2006-MIAX,F:MWE\Z06,MWE,20061214
MWEH2007,MWE H2007-MIAX,F:MWE\H07,MWE,20070314
MWEK2007,MWE K2007-MIAX,F:MWE\K07,MWE,20070514
MWEN2007,MWE N2007-MIAX,F:MWE\N07,MWE,20070713
MWEU2007,MWE U2007-MIAX,F:MWE\U07,MWE,20070914
MWEZ2007,MWE Z2007-MIAX,F:MWE\Z07,MWE,20071214
MWEH2008,MWE H2008-MIAX,F:MWE\H08,MWE,20080314
MWEK2008,MWE K2008-MIAX,F:MWE\K08,MWE,20080514
MWEN2008,MWE N2008-MIAX,F:MWE\N08,MWE,20080714
MWEU2008,MWE U2008-MIAX,F:MWE\U08,MWE,20080912
MWEZ2008,MWE Z2008-MIAX,F:MWE\Z08,MWE,20081212
MWEH2009,MWE H2009-MIAX,F:MWE\H09,MWE,20090313
MWEK2009,MWE K2009-MIAX,F:MWE\K09,MWE,20090514
MWEN2009,MWE N2009-MIAX,F:MWE\N09,MWE,20090714
MWEU2009,MWE U2009-MIAX,F:MWE\U09,MWE,20090914
MWEZ2009,MWE Z2009-MIAX,F:MWE\Z09,MWE,20091214
MWEH2010,MWE H2010-MIAX,F:MWE\H10,MWE,20100312
MWEK2010,MWE K2010-MIAX,F:MWE\K10,MWE,20100514
MWEN2010,MWE N2010-MIAX,F:MWE\N10,MWE,20100714
MWEU2010,MWE U2010-MIAX,F:MWE\U10,MWE,20100914
MWEZ2010,MWE Z2010-MIAX,F:MWE\Z10,MWE,20101214
MWEH2011,MWE H2011-MIAX,F:MWE\H11,MWE,20110314
MWEK2011,MWE K2011-MIAX,F:MWE\K11,MWE,20110513
MWEN2011,MWE N2011-MIAX,F:MWE\N11,MWE,20110714
MWEU2011,MWE U2011-MIAX,F:MWE\U11,MWE,20110914
MWEZ2011,MWE Z2011-MIAX,F:MWE\Z11,MWE,20111214
MWEH2012,MWE H2012-MIAX,F:MWE\H12,MWE,20120314
MWEK2012,MWE K2012-MIAX,F:MWE\K12,MWE,20120514
MWEN2012,MWE N2012-MIAX,F:MWE\N12,MWE,20120713
MWEU2012,MWE U2012-MIAX,F:MWE\U12,MWE,20120914
MWEZ2012,MWE Z2012-MIAX,F:MWE\Z12,MWE,20121214
MWEH2013,MWE H2013-MIAX,F:MWE\H13,MWE,20130314
MWEK2013,MWE K2013-MIAX,F:MWE\K13,MWE,20130514
MWEN2013,MWE N2013-MIAX,F:MWE\N13,MWE,20130712
MWEU2013,MWE U2013-MIAX,F:MWE\U13,MWE,20130913
MWEZ2013,MWE Z2013-MIAX,F:MWE\Z13,MWE,20131213
MWEH2014,MWE H2014-MIAX,F:MWE\H14,MWE,20140314
MWEK2014,MWE K2014-MIAX,F:MWE\K14,MWE,20140514
MWEN2014,MWE N2014-MIAX,F:MWE\N14,MWE,20140714
MWEU2014,MWE U2014-MIAX,F:MWE\U14,MWE,20140912
MWEZ2014,MWE Z2014-MIAX,F:MWE\Z14,MWE,20141212
MWEH2015,MWE H2015-MIAX,F:MWE\H15,MWE,20150313
MWEK2015,MWE K2015-MIAX,F:MWE\K15,MWE,20150514
MWEN2015,MWE N2015-MIAX,F:MWE\N15,MWE,20150714
MWEU2015,MWE U2015-MIAX,F:MWE\U15,MWE,20150914
MWEZ2015,MWE Z2015-MIAX,F:MWE\Z15,MWE,20151214
MWEH2016,MWE H2016-MIAX,F:MWE\H16,MWE,20160314
MWEK2016,MWE K2016-MIAX,F:MWE\K16,MWE,20160513
MWEN2016,MWE N2016-MIAX,F:MWE\N16,MWE,20160714
MWEU2016,MWE U2016-MIAX,F:MWE\U16,MWE,20160914
MWEZ2016,MWE Z2016-MIAX,F:MWE\Z16,MWE,20161214
MWEH2017,MWE H2017-MIAX,F:MWE\H17,MWE,20170314
MWEK2017,MWE K2017-MIAX,F:MWE\K17,MWE,20170512
MWEN2017,MWE N2017-MIAX,F:MWE\N17,MWE,20170714
MWEU2017,MWE U2017-MIAX,F:MWE\U17,MWE,20170914
MWEZ2017,MWE Z2017-MIAX,F:MWE\Z17,MWE,20171214
MWEH2018,MWE H2018-MIAX,F:MWE\H18,MWE,20180314
MWEK2018,MWE K2018-MIAX,F:MWE\K18,MWE,20180514
MWEN2018,MWE N2018-MIAX,F:MWE\N18,MWE,20180713
MWEU2018,MWE U2018-MIAX,F:MWE\U18,MWE,20180914
MWEZ2018,MWE Z2018-MIAX,F:MWE\Z18,MWE,20181214
MWEH2019,MWE H2019-MIAX,F:MWE\H19,MWE,20190314
MWEK2019,MWE K2019-MIAX,F:MWE\K19,MWE,20190514
MWEN2019,MWE N2019-MIAX,F:MWE\N19,MWE,20190712
MWEU2019,MWE U2019-MIAX,F:MWE\U19,MWE,20190913
MWEZ2019,MWE Z2019-MIAX,F:MWE\Z19,MWE,20191213
MWEH2020,MWE H2020-MIAX,F:MWE\H20,MWE,20200313
MWEK2020,MWE K2020-MIAX,F:MWE\K20,MWE,20200514
MWEN2020,MWE N2020-MIAX,F:MWE\N20,MWE,20200714
MWEU2020,MWE U2020-MIAX,F:MWE\U20,MWE,20200914
MWEZ2020,MWE Z2020-MIAX,F:MWE\Z20,MWE,20201214
MWEH2021,MWE H2021-MIAX,F:MWE\H21,MWE,20210312
MWEK2021,MWE K2021-MIAX,F:MWE\K21,MWE,20210514
MWEN2021,MWE N2021-MIAX,F:MWE\N21,MWE,20210714
MWEU2021,MWE U2021-MIAX,F:MWE\U21,MWE,20210914
MWEZ2021,MWE Z2021-MIAX,F:MWE\Z21,MWE,20211214
MWEH2022,MWE H2022-MIAX,F:MWE\H22,MWE,20220314
MWEK2022,MWE K2022-MIAX,F:MWE\K22,MWE,20220513
MWEN2022,MWE N2022-MIAX,F:MWE\N22,MWE,20220714
MWEU2022,MWE U2022-MIAX,F:MWE\U22,MWE,20220914
MWEZ2022,MWE Z2022-MIAX,F:MWE\Z22,MWE,20221214
MWEH2023,MWE H2023-MIAX,F:MWE\H23,MWE,20230314
MWEK2023,MWE K2023-MIAX,F:MWE\K23,MWE,20230512
MWEN2023,MWE N2023-MIAX,F:MWE\N23,MWE,20230714
MWEU2023,MWE U2023-MIAX,F:MWE\U23,MWE,20230914
MWEZ2023,MWE Z2023-MIAX,F:MWE\Z23,MWE,20231214
MWEH2024,MWE H2024-MIAX,F:MWE\H24,MWE,20240314
MWEK2024,MWE K2024-MIAX,F:MWE\K24,MWE,20240514
MWEN2024,MWE N2024-MIAX,F:MWE\N24,MWE,20240712
MWEU2024,MWE U2024-MIAX,F:MWE\U24,MWE,20240913
MWEZ2024,MWE Z2024-MIAX,F:MWE\Z24,MWE,20241213
MWEH2025,MWE H2025-MIAX,F:MWE\H25,MWE,20250314
MWEK2025,MWE K2025-MIAX,F:MWE\K25,MWE,20250514
MWEN2025,MWE N2025-MIAX,F:MWE\N25,MWE,20250714
MWEU2025,MWE U2025-MIAX,F:MWE\U25,MWE,20250912
MWEZ2025,MWE Z2025-MIAX,F2:MWE\Z25,MWE,20251212
MWEH2026,MWE H2026-MIAX,F2:MWE\H26,MWE,20260313
MWEK2026,MWE K2026-MIAX,F2:MWE\K26,MWE,20260514
MWEN2026,MWE N2026-MIAX,F2:MWE\N26,MWE,20260714
MWEU2026,MWE U2026-MIAX,F2:MWE\U26,MWE,20260914
MWEZ2026,MWE Z2026-MIAX,F2:MWE\Z26,MWE,20261214
MWEH2027,MWE H2027-MIAX,F2:MWE\H27,MWE,20270312
MWEK2027,MWE K2027-MIAX,F2:MWE\K27,MWE,20270514
MWEN2027,MWE N2027-MIAX,F2:MWE\N27,MWE,20270714
MWEU2027,MWE U2027-MIAX,F2:MWE\U27,MWE,20270914
MWEZ2027,MWE Z2027-MIAX,F2:MWE\Z27,MWE,20271214
MWEH2028,MWE H2028-MIAX,F2:MWE\H28,MWE,20280314
MWEK2028,MWE K2028-MIAX,F2:MWE\K28,MWE,20280512
MWEN2028,MWE N2028-MIAX,F2:MWE\N28,MWE,20280714
MWEU2028,MWE U2028-MIAX,F2:MWE\U28,MWE,20280914
MWEZ2028,MWE Z2028-MIAX,F2:MWE\Z28,MWE,20281214
MWEH2029,MWE H2029-MIAX,F2:MWE\H29,MWE,20290314
MWEK2029,MWE K2029-MIAX,F2:MWE\K29,MWE,20290514
MWEN2029,MWE N2029-MIAX,F2:MWE\N29,MWE,20290713
MWEU2029,MWE U2029-MIAX,F2:MWE\U29,MWE,20290914
