AJCX2012,AJC X2012,,AJC,20121114
AJCF2013,AJC F2013,,AJC,20130114
AJCH2013,AJC H2013,,AJC,20130314
AJCK2013,AJC K2013,,AJC,20130514
AJCN2013,AJC N2013,,AJC,20130712
AJCU2013,AJC U2013,,AJC,20130913
AJCX2013,AJC X2013,,AJC,20131115
AJCF2014,AJC F2014,,AJC,20140131
AJCH2014,AJC H2014,,AJC,20140314
AJCK2014,AJC K2014,,AJC,20140514
AJCN2014,AJC N2014,,AJC,20140714
AJCU2014,AJC U2014,,AJC,20140912
AJCX2014,AJC X2014,,AJC,20141114
AJCF2015,AJC F2015,,AJC,20150130
AJCH2015,AJC H2015,,AJC,20150313
AJCK2015,AJC K2015,,AJC,20150514
AJCN2015,AJC N2015,,AJC,20150714
AJCU2015,AJC U2015,,AJC,20150914
AJCX2015,AJC X2015,,AJC,20151113
AJCF2016,AJC F2016,,AJC,20160129
AJCH2016,AJC H2016,,AJC,20160314
AJCK2016,AJC K2016,,AJC,20160513
AJCN2016,AJC N2016,,AJC,20160714
AJCU2016,AJC U2016,,AJC,20160914
AJCX2016,AJC X2016,,AJC,20161114
AJCF2017,AJC F2017,,AJC,20170113
AJCH2017,AJC H2017,,AJC,20170314
AJCK2017,AJC K2017,,AJC,20170512
AJCN2017,AJC N2017,,AJC,20170714
AJCU2017,AJC U2017,,AJC,20170914
AJCX2017,AJC X2017,,AJC,20171114
AJCF2018,AJC F2018,,AJC,20180112
AJCH2018,AJC H2018,,AJC,20180314
AJCK2018,AJC K2018,,AJC,20180514
AJCN2018,AJC N2018,,AJC,20180713
AJCU2018,AJC U2018,,AJC,20180914
AJCX2018,AJC X2018,,AJC,20181114
AJCU2019,AJC U2019,,AJC,20190913
AJCX2019,AJC X2019,,AJC,20191129
AJCF2020,AJC F2020,,AJC,20200131
AJCH2020,AJC H2020,,AJC,20200313
ICH2002,IC H2002,,IC,20020328
ICJ2002,IC J2002,,IC,20020430
ICK2002,IC K2002,,IC,20020531
ICM2002,IC M2002,,IC,20020628
ICN2002,IC N2002,,IC,20020731
ICQ2002,IC Q2002,,IC,20020830
ICU2002,IC U2002,,IC,20020930
ICV2002,IC V2002,,IC,20021031
ICX2002,IC X2002,,IC,20021129
ICZ2002,IC Z2002,,IC,20021231
ICF2003,IC F2003,,IC,20030131
ICG2003,IC G2003,,IC,20030228
ICH2003,IC H2003,,IC,20030331
ICJ2003,IC J2003,,IC,20030430
ICK2003,IC K2003,,IC,20030530
ICM2003,IC M2003,,IC,20030630
ICN2003,IC N2003,,IC,20030731
ICQ2003,IC Q2003,,IC,20030829
ICU2003,IC U2003,,IC,20030930
ICV2003,IC V2003,,IC,20031031
ICX2003,IC X2003,,IC,20031128
ICZ2003,IC Z2003,,IC,20031231
ICF2004,IC F2004,,IC,20040130
ICG2004,IC G2004,,IC,20040227
ICH2004,IC H2004,,IC,20040331
ICZ2004,IC Z2004,,IC,20041230
ICF2005,IC F2005,,IC,20050131
ICG2005,IC G2005,,IC,20050228
ICH2005,IC H2005,,IC,20050323
ICJ2005,IC J2005,,IC,20050429
ICK2005,IC K2005,,IC,20050531
ICM2005,IC M2005,,IC,20050630
ICN2005,IC N2005,,IC,20050729
ICQ2005,IC Q2005,,IC,20050831
ICU2005,IC U2005,,IC,20050930
ICV2005,IC V2005,,IC,20051031
ICX2005,IC X2005,,IC,20051130
ICZ2005,IC Z2005,,IC,20051230
ICF2006,IC F2006,,IC,20060131
ICG2006,IC G2006,,IC,20060228
ICH2006,IC H2006,,IC,20060331
ICJ2006,IC J2006,,IC,20060428
ICK2006,IC K2006,,IC,20060531
ICM2006,IC M2006,,IC,20060630
ICN2006,IC N2006,,IC,20060731
ICQ2006,IC Q2006,,IC,20060831
ICU2006,IC U2006,,IC,20060930
ICV2006,IC V2006,,IC,20061031
ICX2006,IC X2006,,IC,20061130
ICZ2006,IC Z2006,,IC,20061229
ICF2007,IC F2007,,IC,20070131
ICG2007,IC G2007,,IC,20070228
ICH2007,IC H2007,,IC,20070330
ICJ2007,IC J2007,,IC,20070430
ICK2007,IC K2007,,IC,20070531
ICM2007,IC M2007,,IC,20070629
ICN2007,IC N2007,,IC,20070731
ICQ2007,IC Q2007,,IC,20070831
ICU2007,IC U2007,,IC,20070928
ICV2007,IC V2007,,IC,20071031
ICX2007,IC X2007,,IC,20071130
ICZ2007,IC Z2007,,IC,20071231
ICF2008,IC F2008,,IC,20080131
ICG2008,IC G2008,,IC,20080229
ICH2008,IC H2008,,IC,20080331
ICJ2008,IC J2008,,IC,20080430
ICK2008,IC K2008,,IC,20080530
ICM2008,IC M2008,,IC,20080630
ICN2008,IC N2008,,IC,20080731
ICQ2008,IC Q2008,,IC,20080829
ICU2008,IC U2008,,IC,20080930
ICV2008,IC V2008,,IC,20081031
ICX2008,IC X2008,,IC,20081128
ICZ2008,IC Z2008,,IC,20081231
ICF2009,IC F2009,,IC,20090130
ICG2009,IC G2009,,IC,20090227
ICH2009,IC H2009,,IC,20090331
ICJ2009,IC J2009,,IC,20090430
ICK2009,IC K2009,,IC,20090529
ICM2009,IC M2009,,IC,20090630
ICN2009,IC N2009,,IC,20090731
ICQ2009,IC Q2009,,IC,20090831
ICU2009,IC U2009,,IC,20090930
ICV2009,IC V2009,,IC,20091030
ICX2009,IC X2009,,IC,20091130
ICZ2009,IC Z2009,,IC,20091231
ICF2010,IC F2010,,IC,20100129
ICG2010,IC G2010,,IC,20100226
ICH2010,IC H2010,,IC,20100331
ICJ2010,IC J2010,,IC,20100430
ICK2010,IC K2010,,IC,20100528
ICQ2010,IC Q2010,,IC,20100831
ICU2010,IC U2010,,IC,20100930
ICV2010,IC V2010,,IC,20101029
ICX2010,IC X2010,,IC,20101130
ICZ2010,IC Z2010,,IC,20101230
ICF2011,IC F2011,,IC,20110131
ICG2011,IC G2011,,IC,20110228
ICH2011,IC H2011,,IC,20110331
ICJ2011,IC J2011,,IC,20110429
ICK2011,IC K2011,,IC,20110531
ICM2011,IC M2011,,IC,20110630
ICN2011,IC N2011,,IC,20110729
ICQ2011,IC Q2011,,IC,20110831
ICU2011,IC U2011,,IC,20110930
ICV2011,IC V2011,,IC,20111031
ICX2011,IC X2011,,IC,20111130
ICZ2011,IC Z2011,,IC,20111230
ICF2012,IC F2012,,IC,20120131
ICG2012,IC G2012,,IC,20120229
ICH2012,IC H2012,,IC,20120330
ICJ2012,IC J2012,,IC,20120430
ICK2012,IC K2012,,IC,20120531
ICM2012,IC M2012,,IC,20120629
ICN2012,IC N2012,,IC,20120731
ICQ2012,IC Q2012,,IC,20120831
ICU2012,IC U2012,,IC,20120928
ICV2012,IC V2012,,IC,20121031
ICX2012,IC X2012,,IC,20121130
ICZ2012,IC Z2012,,IC,20121231
ICF2013,IC F2013,,IC,20130131
ICG2013,IC G2013,,IC,20130228
ICH2013,IC H2013,,IC,20130329
ICJ2013,IC J2013,,IC,20130430
ICK2013,IC K2013,,IC,20130531
ICM2013,IC M2013,,IC,20130628
ICN2013,IC N2013,,IC,20130731
ICQ2013,IC Q2013,,IC,20130830
ICU2013,IC U2013,,IC,20130930
ICV2013,IC V2013,,IC,20131031
ICX2013,IC X2013,,IC,20131129
ICZ2013,IC Z2013,,IC,20131231
ICF2014,IC F2014,,IC,20140131
ICG2014,IC G2014,,IC,20140228
ICH2014,IC H2014,,IC,20140331
ICJ2014,IC J2014,,IC,20140430
ICK2014,IC K2014,,IC,20140530
ICM2014,IC M2014,,IC,20140630
ICN2014,IC N2014,,IC,20140731
ICQ2014,IC Q2014,,IC,20140829
ICU2014,IC U2014,,IC,20140930
ICV2014,IC V2014,,IC,20141031
ICX2014,IC X2014,,IC,20141128
ICZ2014,IC Z2014,,IC,20141231
ICF2015,IC F2015,,IC,20150130
ICG2015,IC G2015,,IC,20150227
ICH2015,IC H2015,,IC,20150331
ICJ2015,IC J2015,,IC,20150430
ICK2015,IC K2015,,IC,20150529
ICM2015,IC M2015,,IC,20150630
ICN2015,IC N2015,,IC,20150731
ICQ2015,IC Q2015,,IC,20150831
ICU2015,IC U2015,,IC,20150930
ICV2015,IC V2015,,IC,20151030
ICX2015,IC X2015,,IC,20151130
ICZ2015,IC Z2015,,IC,20151231
ICF2016,IC F2016,,IC,20160129
ICG2016,IC G2016,,IC,20160229
ICH2016,IC H2016,,IC,20160331
ICJ2016,IC J2016,,IC,20160429
ICK2016,IC K2016,,IC,20160531
ICM2016,IC M2016,,IC,20160630
ICN2016,IC N2016,,IC,20160729
ICQ2016,IC Q2016,,IC,20160831
ICU2016,IC U2016,,IC,20160930
ICV2016,IC V2016,,IC,20161031
ICX2016,IC X2016,,IC,20161130
ICZ2016,IC Z2016,,IC,20161230
ICF2017,IC F2017,,IC,20170131
ICG2017,IC G2017,,IC,20170228
ICH2017,IC H2017,,IC,20170331
ICJ2017,IC J2017,,IC,20170428
ICK2017,IC K2017,,IC,20170531
ICM2017,IC M2017,,IC,20170630
ICN2017,IC N2017,,IC,20170731
ICQ2017,IC Q2017,,IC,20170831
ICU2017,IC U2017,,IC,20170929
ICV2017,IC V2017,,IC,20171031
ICX2017,IC X2017,,IC,20171130
ICZ2017,IC Z2017,,IC,20171229
ICF2018,IC F2018,,IC,20180131
ICG2018,IC G2018,,IC,20180228
ICH2018,IC H2018,,IC,20180330
ICJ2018,IC J2018,,IC,20180430
ICK2018,IC K2018,,IC,20180531
ICM2018,IC M2018,,IC,20180629
ICN2018,IC N2018,,IC,20180731
ICQ2018,IC Q2018,,IC,20180831
ICU2018,IC U2018,,IC,20180928
ICV2018,IC V2018,,IC,20181031
ICX2018,IC X2018,,IC,20181130
ICZ2018,IC Z2018,,IC,20181231
ICF2019,IC F2019,,IC,20190131
ICG2019,IC G2019,,IC,20190228
ICH2019,IC H2019,,IC,20190329
ICJ2019,IC J2019,,IC,20190430
ICK2019,IC K2019,,IC,20190531
ICM2019,IC M2019,,IC,20190628
ICN2019,IC N2019,,IC,20190731
ICQ2019,IC Q2019,,IC,20190830
ICU2019,IC U2019,,IC,20190930
ICV2019,IC V2019,,IC,20191031
ICX2019,IC X2019,,IC,20191129
ICZ2019,IC Z2019,,IC,20191231
ICF2020,IC F2020,,IC,20200131
ICG2020,IC G2020,,IC,20200228
ICH2020,IC H2020,,IC,20200331
ICJ2020,IC J2020,,IC,20200430
ICK2020,IC K2020,,IC,20200529
ICM2020,IC M2020,,IC,20200630
ICN2020,IC N2020,,IC,20200731
ICQ2020,IC Q2020,,IC,20200831
ICU2020,IC U2020,,IC,20200930
ICV2020,IC V2020,,IC,20201030
ICX2020,IC X2020,,IC,20201130
ICZ2020,IC Z2020,,IC,20201231
ICF2021,IC F2021,,IC,20210129
ICG2021,IC G2021,,IC,20210226
ICH2021,IC H2021,,IC,20210331
ICJ2021,IC J2021,,IC,20210430
ICK2021,IC K2021,,IC,20210528
ICM2021,IC M2021,,IC,20210630
ICN2021,IC N2021,,IC,20210730
ICQ2021,IC Q2021,,IC,20210831
ICU2021,IC U2021,,IC,20210930
ICV2021,IC V2021,,IC,20211029
ICX2021,IC X2021,,IC,20211130
ICZ2021,IC Z2021,,IC,20220103
ICF2022,IC F2022,,IC,20220201
ICG2022,IC G2022,,IC,20220301
ICH2022,IC H2022,,IC,20220401
ICJ2022,IC J2022,,IC,20220502
ICK2022,IC K2022,,IC,20220601
ICM2022,IC M2022,,IC,20220701
ICN2022,IC N2022,,IC,20220801
ICQ2022,IC Q2022,,IC,20220901
ICU2022,IC U2022,,IC,20221003
ICV2022,IC V2022,,IC,20221101
ICX2022,IC X2022,,IC,20221201
ICZ2022,IC Z2022,,IC,20230103
ICF2023,IC F2023,,IC,20230201
ICG2023,IC G2023,,IC,20230301
ICH2023,IC H2023,,IC,20230403
ICJ2023,IC J2023,,IC,20230501
ICK2023,IC K2023,,IC,20230601
ICM2023,IC M2023,,IC,20230703
ICN2023,IC N2023,,IC,20230801
ICQ2023,IC Q2023,,IC,20230901
ICU2023,IC U2023,,IC,20231002
ICV2023,IC V2023,,IC,20231101
ICX2023,IC X2023,,IC,20231201
ICZ2023,IC Z2023,,IC,20240102
ICF2024,IC F2024,,IC,20240201
ICG2024,IC G2024,,IC,20240301
ICH2024,IC H2024,,IC,20240401
ICJ2024,IC J2024,,IC,20240501
ICK2024,IC K2024,,IC,20240603
ICM2024,IC M2024,,IC,20240628
ICN2024,IC N2024,,IC,20240731
ICQ2024,IC Q2024,,IC,20240830
IHM2003,IH M2003,"",IH,20030630
IHN2003,IH N2003,"",IH,20030731
IHQ2003,IH Q2003,"",IH,20030829
IHU2003,IH U2003,"",IH,20030930
IHV2003,IH V2003,"",IH,20031031
IHX2003,IH X2003,"",IH,20031128
IHZ2003,IH Z2003,"",IH,20031231
IHF2004,IH F2004,"",IH,20040130
IHG2004,IH G2004,"",IH,20040227
IHH2004,IH H2004,"",IH,20040331
IHJ2004,IH J2004,"",IH,20040430
IHK2004,IH K2004,"",IH,20040528
IHM2004,IH M2004,"",IH,20040630
IHN2004,IH N2004,"",IH,20040730
IHZ2004,IH Z2004,"",IH,20041230
IHF2005,IH F2005,"",IH,20050131
IHG2005,IH G2005,"",IH,20050228
IHH2005,IH H2005,"",IH,20050323
IHJ2005,IH J2005,"",IH,20050429
IHK2005,IH K2005,"",IH,20050531
IHM2005,IH M2005,"",IH,20050630
IHN2005,IH N2005,"",IH,20050729
IHQ2005,IH Q2005,"",IH,20050831
IHU2005,IH U2005,"",IH,20050930
IHV2005,IH V2005,"",IH,20051031
IHX2005,IH X2005,"",IH,20051130
IHZ2005,IH Z2005,"",IH,20051230
IHF2006,IH F2006,"",IH,20060131
IHG2006,IH G2006,"",IH,20060228
IHH2006,IH H2006,"",IH,20060331
IHJ2006,IH J2006,"",IH,20060428
IHK2006,IH K2006,"",IH,20060531
IHM2006,IH M2006,"",IH,20060630
IHN2006,IH N2006,"",IH,20060731
IHQ2006,IH Q2006,"",IH,20060831
IHU2006,IH U2006,"",IH,20060929
IHV2006,IH V2006,"",IH,20061031
IHX2006,IH X2006,"",IH,20061130
IHZ2006,IH Z2006,"",IH,20061229
IHF2007,IH F2007,"",IH,20070131
IHG2007,IH G2007,"",IH,20070228
IHH2007,IH H2007,"",IH,20070330
IHJ2007,IH J2007,"",IH,20070430
IHK2007,IH K2007,"",IH,20070531
IHM2007,IH M2007,"",IH,20070629
IHN2007,IH N2007,"",IH,20070731
IHQ2007,IH Q2007,"",IH,20070831
IHU2007,IH U2007,"",IH,20070928
IHV2007,IH V2007,"",IH,20071031
IHX2007,IH X2007,"",IH,20071130
IHZ2007,IH Z2007,"",IH,20071231
IHF2008,IH F2008,"",IH,20080131
IHG2008,IH G2008,"",IH,20080229
IHH2008,IH H2008,"",IH,20080331
IHJ2008,IH J2008,"",IH,20080430
IHK2008,IH K2008,"",IH,20080530
IHM2008,IH M2008,"",IH,20080630
IHN2008,IH N2008,"",IH,20080731
IHQ2008,IH Q2008,"",IH,20080829
IHU2008,IH U2008,"",IH,20080930
IHV2008,IH V2008,"",IH,20081031
IHX2008,IH X2008,"",IH,20081128
IHZ2008,IH Z2008,"",IH,20081231
IHF2009,IH F2009,"",IH,20090130
IHG2009,IH G2009,"",IH,20090227
IHH2009,IH H2009,"",IH,20090331
IHJ2009,IH J2009,"",IH,20090430
IHK2009,IH K2009,"",IH,20090529
IHM2009,IH M2009,"",IH,20090630
IHN2009,IH N2009,"",IH,20090731
IHQ2009,IH Q2009,"",IH,20090831
IHU2009,IH U2009,"",IH,20090930
IHV2009,IH V2009,"",IH,20091030
IHX2009,IH X2009,"",IH,20091130
IHZ2009,IH Z2009,"",IH,20091231
IHF2010,IH F2010,"",IH,20100129
IHG2010,IH G2010,"",IH,20100226
IHH2010,IH H2010,"",IH,20100331
IHJ2010,IH J2010,"",IH,20100430
IHK2010,IH K2010,"",IH,20100528
IHQ2010,IH Q2010,"",IH,20100831
IHU2010,IH U2010,"",IH,20100930
IHV2010,IH V2010,"",IH,20101029
IHX2010,IH X2010,"",IH,20101130
IHZ2010,IH Z2010,"",IH,20101230
IHF2011,IH F2011,"",IH,20110131
IHG2011,IH G2011,"",IH,20110228
IHH2011,IH H2011,"",IH,20110331
IHJ2011,IH J2011,"",IH,20110429
IHK2011,IH K2011,"",IH,20110531
IHM2011,IH M2011,"",IH,20110630
IHN2011,IH N2011,"",IH,20110729
IHQ2011,IH Q2011,"",IH,20110831
IHU2011,IH U2011,"",IH,20110930
IHV2011,IH V2011,"",IH,20111031
IHX2011,IH X2011,"",IH,20111130
IHZ2011,IH Z2011,"",IH,20111230
IHF2012,IH F2012,"",IH,20120131
IHG2012,IH G2012,"",IH,20120229
IHH2012,IH H2012,"",IH,20120330
IHJ2012,IH J2012,"",IH,20120430
IHK2012,IH K2012,"",IH,20120531
IHM2012,IH M2012,"",IH,20120629
IHN2012,IH N2012,"",IH,20120731
IHQ2012,IH Q2012,"",IH,20120831
IHU2012,IH U2012,"",IH,20120928
IHV2012,IH V2012,"",IH,20121031
IHX2012,IH X2012,"",IH,20121130
IHZ2012,IH Z2012,"",IH,20121231
IHF2013,IH F2013,"",IH,20130131
IHG2013,IH G2013,"",IH,20130228
IHH2013,IH H2013,"",IH,20130329
IHJ2013,IH J2013,"",IH,20130430
IHK2013,IH K2013,"",IH,20130531
IHM2013,IH M2013,"",IH,20130628
IHN2013,IH N2013,"",IH,20130731
IHQ2013,IH Q2013,"",IH,20130830
IHU2013,IH U2013,"",IH,20130930
IHV2013,IH V2013,"",IH,20131031
IHX2013,IH X2013,"",IH,20131129
IHZ2013,IH Z2013,"",IH,20131231
IHF2014,IH F2014,"",IH,20140131
IHG2014,IH G2014,"",IH,20140228
IHH2014,IH H2014,"",IH,20140331
IHJ2014,IH J2014,"",IH,20140430
IHK2014,IH K2014,"",IH,20140530
IHM2014,IH M2014,"",IH,20140630
IHN2014,IH N2014,"",IH,20140731
IHQ2014,IH Q2014,"",IH,20140829
IHU2014,IH U2014,"",IH,20140930
IHV2014,IH V2014,"",IH,20141031
IHX2014,IH X2014,"",IH,20141128
IHZ2014,IH Z2014,"",IH,20141231
IHF2015,IH F2015,"",IH,20150130
IHG2015,IH G2015,"",IH,20150227
IHH2015,IH H2015,"",IH,20150331
IHJ2015,IH J2015,"",IH,20150430
IHK2015,IH K2015,"",IH,20150529
IHM2015,IH M2015,"",IH,20150630
IHN2015,IH N2015,"",IH,20150731
IHQ2015,IH Q2015,"",IH,20150831
IHU2015,IH U2015,"",IH,20150930
IHV2015,IH V2015,"",IH,20151030
IHX2015,IH X2015,"",IH,20151130
IHZ2015,IH Z2015,"",IH,20151231
IHF2016,IH F2016,"",IH,20160129
IHG2016,IH G2016,"",IH,20160229
IHH2016,IH H2016,"",IH,20160331
IHJ2016,IH J2016,"",IH,20160429
IHK2016,IH K2016,"",IH,20160531
IHM2016,IH M2016,"",IH,20160630
IHN2016,IH N2016,"",IH,20160729
IHQ2016,IH Q2016,"",IH,20160831
IHU2016,IH U2016,"",IH,20160930
IHV2016,IH V2016,"",IH,20161031
IHX2016,IH X2016,"",IH,20161130
IHZ2016,IH Z2016,"",IH,20161230
IHF2017,IH F2017,"",IH,20170131
IHG2017,IH G2017,"",IH,20170228
IHH2017,IH H2017,"",IH,20170331
IHJ2017,IH J2017,"",IH,20170428
IHK2017,IH K2017,"",IH,20170531
IHM2017,IH M2017,"",IH,20170630
IHN2017,IH N2017,"",IH,20170731
IHQ2017,IH Q2017,"",IH,20170831
IHU2017,IH U2017,"",IH,20170929
IHV2017,IH V2017,"",IH,20171031
IHX2017,IH X2017,"",IH,20171130
IHZ2017,IH Z2017,"",IH,20171229
IHF2018,IH F2018,"",IH,20180131
IHG2018,IH G2018,"",IH,20180228
IHH2018,IH H2018,"",IH,20180330
IHJ2018,IH J2018,"",IH,20180430
IHK2018,IH K2018,"",IH,20180531
IHM2018,IH M2018,"",IH,20180629
IHN2018,IH N2018,"",IH,20180731
IHQ2018,IH Q2018,"",IH,20180831
IHU2018,IH U2018,"",IH,20180928
IHV2018,IH V2018,"",IH,20181031
IHX2018,IH X2018,"",IH,20181130
IHZ2018,IH Z2018,"",IH,20181231
IHF2019,IH F2019,"",IH,20190131
IHG2019,IH G2019,"",IH,20190228
IHH2019,IH H2019,"",IH,20190329
IHJ2019,IH J2019,"",IH,20190430
IHK2019,IH K2019,"",IH,20190531
IHM2019,IH M2019,"",IH,20190628
IHN2019,IH N2019,"",IH,20190731
IHQ2019,IH Q2019,"",IH,20190830
IHU2019,IH U2019,"",IH,20190930
IHV2019,IH V2019,"",IH,20191031
IHX2019,IH X2019,"",IH,20191129
IHZ2019,IH Z2019,"",IH,20191231
IHF2020,IH F2020,"",IH,20200131
IHG2020,IH G2020,"",IH,20200228
IHH2020,IH H2020,"",IH,20200331
IHJ2020,IH J2020,"",IH,20200430
IHK2020,IH K2020,"",IH,20200529
IHM2020,IH M2020,"",IH,20200630
IHN2020,IH N2020,"",IH,20200731
IHQ2020,IH Q2020,"",IH,20200831
IHU2020,IH U2020,"",IH,20200930
IHV2020,IH V2020,"",IH,20201030
IHX2020,IH X2020,"",IH,20201130
IHZ2020,IH Z2020,"",IH,20201231
IHF2021,IH F2021,"",IH,20210129
IHG2021,IH G2021,"",IH,20210226
IHH2021,IH H2021,"",IH,20210331
IHJ2021,IH J2021,"",IH,20210430
IHK2021,IH K2021,"",IH,20210528
IHM2021,IH M2021,"",IH,20210630
IHN2021,IH N2021,"",IH,20210730
IHQ2021,IH Q2021,"",IH,20210831
IHU2021,IH U2021,"",IH,20210930
IHV2021,IH V2021,"",IH,20211029
IHX2021,IH X2021,"",IH,20211130
IHZ2021,IH Z2021,"",IH,20220103
IHF2022,IH F2022,"",IH,20220201
IHG2022,IH G2022,"",IH,20220301
IHH2022,IH H2022,"",IH,20220401
IHJ2022,IH J2022,"",IH,20220502
IHK2022,IH K2022,"",IH,20220601
IHM2022,IH M2022,"",IH,20220701
IHN2022,IH N2022,"",IH,20220801
IHQ2022,IH Q2022,"",IH,20220901
IHU2022,IH U2022,"",IH,20221003
IHV2022,IH V2022,"",IH,20221101
IHX2022,IH X2022,"",IH,20221201
IHZ2022,IH Z2022,"",IH,20230103
IHF2023,IH F2023,"",IH,20230201
IHG2023,IH G2023,"",IH,20230301
IHH2023,IH H2023,"",IH,20230403
IHJ2023,IH J2023,"",IH,20230501
IHK2023,IH K2023,"",IH,20230601
IHM2023,IH M2023,"",IH,20230703
IHN2023,IH N2023,"",IH,20230801
IHQ2023,IH Q2023,"",IH,20230901
IHU2023,IH U2023,"",IH,20231002
IHV2023,IH V2023,"",IH,20231101
IHX2023,IH X2023,"",IH,20231201
IHZ2023,IH Z2023,"",IH,20240102
IHF2024,IH F2024,"",IH,20240201
IHG2024,IH G2024,"",IH,20240301
IHH2024,IH H2024,"",IH,20240401
IHJ2024,IH J2024,"",IH,20240501
IHK2024,IH K2024,"",IH,20240603
IHM2024,IH M2024,"",IH,20240628
IHN2024,IH N2024,"",IH,20240731
IHQ2024,IH Q2024,"",IH,20240830
IPZ2004,IP Z2004,"",IP,20041230
IPF2005,IP F2005,"",IP,20050131
IPG2005,IP G2005,"",IP,20050228
IPH2005,IP H2005,"",IP,20050323
IPJ2005,IP J2005,"",IP,20050429
IPK2005,IP K2005,"",IP,20050531
IPM2005,IP M2005,"",IP,20050630
IPN2005,IP N2005,"",IP,20050729
IPQ2005,IP Q2005,"",IP,20050831
IPU2005,IP U2005,"",IP,20050930
IPV2005,IP V2005,"",IP,20051031
IPX2005,IP X2005,"",IP,20051130
IPZ2005,IP Z2005,"",IP,20051230
IPF2006,IP F2006,"",IP,20060131
IPG2006,IP G2006,"",IP,20060228
IPH2006,IP H2006,"",IP,20060331
IPJ2006,IP J2006,"",IP,20060428
IPK2006,IP K2006,"",IP,20060531
IPM2006,IP M2006,"",IP,20060630
IPN2006,IP N2006,"",IP,20060731
IPQ2006,IP Q2006,"",IP,20060831
IPU2006,IP U2006,"",IP,20061130
IPV2006,IP V2006,"",IP,20061229
IPF2007,IP F2007,"",IP,20070131
IPG2007,IP G2007,"",IP,20070228
IPH2007,IP H2007,"",IP,20070330
IPJ2007,IP J2007,"",IP,20070430
IPK2007,IP K2007,"",IP,20070531
IPM2007,IP M2007,"",IP,20070629
IPN2007,IP N2007,"",IP,20070731
IPQ2007,IP Q2007,"",IP,20070831
IPU2007,IP U2007,"",IP,20070928
IPV2007,IP V2007,"",IP,20071031
IPX2007,IP X2007,"",IP,20071130
IPZ2007,IP Z2007,"",IP,20071231
IPF2008,IP F2008,"",IP,20080131
IPG2008,IP G2008,"",IP,20080229
IPH2008,IP H2008,"",IP,20080331
IPJ2008,IP J2008,"",IP,20080430
IPK2008,IP K2008,"",IP,20080530
IPM2008,IP M2008,"",IP,20080630
IPN2008,IP N2008,"",IP,20080731
IPQ2008,IP Q2008,"",IP,20080829
IPU2008,IP U2008,"",IP,20080930
IPV2008,IP V2008,"",IP,20081031
IPX2008,IP X2008,"",IP,20081128
IPZ2008,IP Z2008,"",IP,20081231
IPF2009,IP F2009,"",IP,20090130
IPG2009,IP G2009,"",IP,20090227
IPH2009,IP H2009,"",IP,20090331
IPJ2009,IP J2009,"",IP,20090430
IPK2009,IP K2009,"",IP,20090529
IPM2009,IP M2009,"",IP,20090630
IPN2009,IP N2009,"",IP,20090731
IPQ2009,IP Q2009,"",IP,20090831
IPU2009,IP U2009,"",IP,20090930
IPV2009,IP V2009,"",IP,20091030
IPX2009,IP X2009,"",IP,20091130
IPZ2009,IP Z2009,"",IP,20091231
IPF2010,IP F2010,"",IP,20100129
IPG2010,IP G2010,"",IP,20100226
IPH2010,IP H2010,"",IP,20100331
IPJ2010,IP J2010,"",IP,20100430
IPK2010,IP K2010,"",IP,20100528
IPQ2010,IP Q2010,"",IP,20100831
IPU2010,IP U2010,"",IP,20100930
IPV2010,IP V2010,"",IP,20101029
IPX2010,IP X2010,"",IP,20101130
IPZ2010,IP Z2010,"",IP,20101230
IPF2011,IP F2011,"",IP,20110131
IPG2011,IP G2011,"",IP,20110228
IPH2011,IP H2011,"",IP,20110331
IPJ2011,IP J2011,"",IP,20110429
IPK2011,IP K2011,"",IP,20110531
IPM2011,IP M2011,"",IP,20110630
IPN2011,IP N2011,"",IP,20110729
IPQ2011,IP Q2011,"",IP,20110831
IPU2011,IP U2011,"",IP,20110930
IPV2011,IP V2011,"",IP,20111031
IPX2011,IP X2011,"",IP,20111130
IPZ2011,IP Z2011,"",IP,20111230
IPF2012,IP F2012,"",IP,20120131
IPG2012,IP G2012,"",IP,20120229
IPH2012,IP H2012,"",IP,20120330
IPJ2012,IP J2012,"",IP,20120430
IPK2012,IP K2012,"",IP,20120531
IPM2012,IP M2012,"",IP,20120629
IPN2012,IP N2012,"",IP,20120731
IPQ2012,IP Q2012,"",IP,20120831
IPU2012,IP U2012,"",IP,20120928
IPV2012,IP V2012,"",IP,20121031
IPX2012,IP X2012,"",IP,20121130
IPZ2012,IP Z2012,"",IP,20121231
IPF2013,IP F2013,"",IP,20130131
IPG2013,IP G2013,"",IP,20130228
IPH2013,IP H2013,"",IP,20130329
IPJ2013,IP J2013,"",IP,20130430
IPK2013,IP K2013,"",IP,20130531
IPM2013,IP M2013,"",IP,20130628
IPN2013,IP N2013,"",IP,20130731
IPQ2013,IP Q2013,"",IP,20130830
IPU2013,IP U2013,"",IP,20130930
IPV2013,IP V2013,"",IP,20131031
IPX2013,IP X2013,"",IP,20131129
IPZ2013,IP Z2013,"",IP,20131231
IPF2014,IP F2014,"",IP,20140131
IPG2014,IP G2014,"",IP,20140228
IPH2014,IP H2014,"",IP,20140331
IPJ2014,IP J2014,"",IP,20140430
IPK2014,IP K2014,"",IP,20140530
IPM2014,IP M2014,"",IP,20140630
IPN2014,IP N2014,"",IP,20140731
IPQ2014,IP Q2014,"",IP,20140829
IPU2014,IP U2014,"",IP,20140930
IPV2014,IP V2014,"",IP,20141031
IPX2014,IP X2014,"",IP,20141128
IPZ2014,IP Z2014,"",IP,20141231
IPF2015,IP F2015,"",IP,20150130
IPG2015,IP G2015,"",IP,20150227
IPH2015,IP H2015,"",IP,20150331
IPJ2015,IP J2015,"",IP,20150430
IPK2015,IP K2015,"",IP,20150529
IPM2015,IP M2015,"",IP,20150630
IPN2015,IP N2015,"",IP,20150731
IPQ2015,IP Q2015,"",IP,20150831
IPU2015,IP U2015,"",IP,20150930
IPV2015,IP V2015,"",IP,20151030
IPX2015,IP X2015,"",IP,20151130
IPZ2015,IP Z2015,"",IP,20151231
IPF2016,IP F2016,"",IP,20160129
IPG2016,IP G2016,"",IP,20160229
IPH2016,IP H2016,"",IP,20160331
IPJ2016,IP J2016,"",IP,20160429
IPK2016,IP K2016,"",IP,20160531
IPM2016,IP M2016,"",IP,20160630
IPN2016,IP N2016,"",IP,20160729
IPQ2016,IP Q2016,"",IP,20160831
IPU2016,IP U2016,"",IP,20160930
IPV2016,IP V2016,"",IP,20161031
IPX2016,IP X2016,"",IP,20161130
IPZ2016,IP Z2016,"",IP,20161230
IPF2017,IP F2017,"",IP,20170131
IPG2017,IP G2017,"",IP,20170228
IPH2017,IP H2017,"",IP,20170331
IPJ2017,IP J2017,"",IP,20170428
IPK2017,IP K2017,"",IP,20170531
IPM2017,IP M2017,"",IP,20170630
IPN2017,IP N2017,"",IP,20170731
IPQ2017,IP Q2017,"",IP,20170831
IPU2017,IP U2017,"",IP,20170929
IPV2017,IP V2017,"",IP,20171031
IPX2017,IP X2017,"",IP,20171130
IPZ2017,IP Z2017,"",IP,20171229
IPF2018,IP F2018,"",IP,20180131
IPG2018,IP G2018,"",IP,20180228
IPH2018,IP H2018,"",IP,20180330
IPJ2018,IP J2018,"",IP,20180430
IPK2018,IP K2018,"",IP,20180531
IPM2018,IP M2018,"",IP,20180629
IPN2018,IP N2018,"",IP,20180731
IPQ2018,IP Q2018,"",IP,20180831
IPU2018,IP U2018,"",IP,20180928
IPV2018,IP V2018,"",IP,20181031
IPX2018,IP X2018,"",IP,20181130
IPZ2018,IP Z2018,"",IP,20181231
IPF2019,IP F2019,"",IP,20190131
IPG2019,IP G2019,"",IP,20190228
IPH2019,IP H2019,"",IP,20190329
IPJ2019,IP J2019,"",IP,20190430
IPK2019,IP K2019,"",IP,20190531
IPM2019,IP M2019,"",IP,20190628
IPN2019,IP N2019,"",IP,20190731
IPQ2019,IP Q2019,"",IP,20190830
IPU2019,IP U2019,"",IP,20190930
IPV2019,IP V2019,"",IP,20191031
IPX2019,IP X2019,"",IP,20191129
IPZ2019,IP Z2019,"",IP,20191231
IPF2020,IP F2020,"",IP,20200131
IPG2020,IP G2020,"",IP,20200228
IPH2020,IP H2020,"",IP,20200331
IPJ2020,IP J2020,"",IP,20200430
IPK2020,IP K2020,"",IP,20200529
IPM2020,IP M2020,"",IP,20200630
IPN2020,IP N2020,"",IP,20200731
IPQ2020,IP Q2020,"",IP,20200831
IPU2020,IP U2020,"",IP,20200930
IPV2020,IP V2020,"",IP,20201030
IPX2020,IP X2020,"",IP,20201130
IPZ2020,IP Z2020,"",IP,20201231
IPF2021,IP F2021,"",IP,20210129
IPG2021,IP G2021,"",IP,20210226
IPH2021,IP H2021,"",IP,20210331
IPJ2021,IP J2021,"",IP,20210430
IPK2021,IP K2021,"",IP,20210528
IPM2021,IP M2021,"",IP,20210630
IPN2021,IP N2021,"",IP,20210730
IPQ2021,IP Q2021,"",IP,20210831
IPU2021,IP U2021,"",IP,20210930
IPV2021,IP V2021,"",IP,20211029
IPX2021,IP X2021,"",IP,20211130
IPZ2021,IP Z2021,"",IP,20220103
IPF2022,IP F2022,"",IP,20220201
IPG2022,IP G2022,"",IP,20220301
IPH2022,IP H2022,"",IP,20220401
IPJ2022,IP J2022,"",IP,20220502
IPK2022,IP K2022,"",IP,20220601
IPM2022,IP M2022,"",IP,20220701
IPN2022,IP N2022,"",IP,20220801
IPQ2022,IP Q2022,"",IP,20220901
IPU2022,IP U2022,"",IP,20221003
IPV2022,IP V2022,"",IP,20221101
IPX2022,IP X2022,"",IP,20221201
IPZ2022,IP Z2022,"",IP,20230103
IPF2023,IP F2023,"",IP,20230201
IPG2023,IP G2023,"",IP,20230301
IPH2023,IP H2023,"",IP,20230403
IPJ2023,IP J2023,"",IP,20230501
IPK2023,IP K2023,"",IP,20230601
IPM2023,IP M2023,"",IP,20230703
IPN2023,IP N2023,"",IP,20230801
IPQ2023,IP Q2023,"",IP,20230901
IPU2023,IP U2023,"",IP,20231002
IPV2023,IP V2023,"",IP,20231101
IPX2023,IP X2023,"",IP,20231201
IPZ2023,IP Z2023,"",IP,20240102
IPF2024,IP F2024,"",IP,20240201
IPG2024,IP G2024,"",IP,20240301
IPH2024,IP H2024,"",IP,20240401
IPJ2024,IP J2024,"",IP,20240501
IPK2024,IP K2024,"",IP,20240603
IPM2024,IP M2024,"",IP,20240628
IPN2024,IP N2024,"",IP,20240731
IPQ2024,IP Q2024,"",IP,20240830
IWZ2004,IW Z2004,"",IW,20041230
IWF2005,IW F2005,"",IW,20050131
IWG2005,IW G2005,"",IW,20050228
IWH2005,IW H2005,"",IW,20050323
IWJ2005,IW J2005,"",IW,20050429
IWK2005,IW K2005,"",IW,20050531
IWM2005,IW M2005,"",IW,20050630
IWN2005,IW N2005,"",IW,20050729
IWQ2005,IW Q2005,"",IW,20050831
IWU2005,IW U2005,"",IW,20050930
IWV2005,IW V2005,"",IW,20051031
IWX2005,IW X2005,"",IW,20051130
IWZ2005,IW Z2005,"",IW,20051230
IWF2006,IW F2006,"",IW,20060131
IWG2006,IW G2006,"",IW,20060228
IWH2006,IW H2006,"",IW,20060331
IWJ2006,IW J2006,"",IW,20060428
IWK2006,IW K2006,"",IW,20060531
IWM2006,IW M2006,"",IW,20060630
IWN2006,IW N2006,"",IW,20060731
IWQ2006,IW Q2006,"",IW,20060831
IWU2006,IW U2006,"",IW,20060929
IWV2006,IW V2006,"",IW,20061031
IWX2006,IW X2006,"",IW,20061130
IWZ2006,IW Z2006,"",IW,20061229
IWF2007,IW F2007,"",IW,20070131
IWG2007,IW G2007,"",IW,20070228
IWH2007,IW H2007,"",IW,20070330
IWJ2007,IW J2007,"",IW,20070430
IWK2007,IW K2007,"",IW,20070531
IWM2007,IW M2007,"",IW,20070629
IWN2007,IW N2007,"",IW,20070731
IWQ2007,IW Q2007,"",IW,20070831
IWU2007,IW U2007,"",IW,20070928
IWV2007,IW V2007,"",IW,20071031
IWX2007,IW X2007,"",IW,20071130
IWZ2007,IW Z2007,"",IW,20071231
IWF2008,IW F2008,"",IW,20080131
IWG2008,IW G2008,"",IW,20080229
IWH2008,IW H2008,"",IW,20080331
IWJ2008,IW J2008,"",IW,20080430
IWK2008,IW K2008,"",IW,20080530
IWM2008,IW M2008,"",IW,20080630
IWN2008,IW N2008,"",IW,20080731
IWQ2008,IW Q2008,"",IW,20080829
IWU2008,IW U2008,"",IW,20080930
IWV2008,IW V2008,"",IW,20081031
IWX2008,IW X2008,"",IW,20081128
IWZ2008,IW Z2008,"",IW,20081231
IWF2009,IW F2009,"",IW,20090130
IWG2009,IW G2009,"",IW,20090227
IWH2009,IW H2009,"",IW,20090331
IWJ2009,IW J2009,"",IW,20090430
IWK2009,IW K2009,"",IW,20090529
IWM2009,IW M2009,"",IW,20090630
IWN2009,IW N2009,"",IW,20090731
IWQ2009,IW Q2009,"",IW,20090831
IWU2009,IW U2009,"",IW,20090930
IWV2009,IW V2009,"",IW,20091030
IWX2009,IW X2009,"",IW,20091130
IWZ2009,IW Z2009,"",IW,20091231
IWF2010,IW F2010,"",IW,20100129
IWG2010,IW G2010,"",IW,20100226
IWH2010,IW H2010,"",IW,20100331
IWJ2010,IW J2010,"",IW,20100430
IWK2010,IW K2010,"",IW,20100528
IWM2010,IW M2010,"",IW,20100630
IWN2010,IW N2010,"",IW,20100730
IWQ2010,IW Q2010,"",IW,20100831
IWU2010,IW U2010,"",IW,20100930
IWV2010,IW V2010,"",IW,20101029
IWX2010,IW X2010,"",IW,20101130
IWZ2010,IW Z2010,"",IW,20101230
IWF2011,IW F2011,"",IW,20110131
IWG2011,IW G2011,"",IW,20110228
IWH2011,IW H2011,"",IW,20110331
IWJ2011,IW J2011,"",IW,20110429
IWK2011,IW K2011,"",IW,20110531
IWM2011,IW M2011,"",IW,20110630
IWN2011,IW N2011,"",IW,20110729
IWQ2011,IW Q2011,"",IW,20110831
IWU2011,IW U2011,"",IW,20110930
IWV2011,IW V2011,"",IW,20111031
IWX2011,IW X2011,"",IW,20111130
IWZ2011,IW Z2011,"",IW,20111230
IWF2012,IW F2012,"",IW,20120131
IWG2012,IW G2012,"",IW,20120229
IWH2012,IW H2012,"",IW,20120330
IWJ2012,IW J2012,"",IW,20120430
IWK2012,IW K2012,"",IW,20120531
IWM2012,IW M2012,"",IW,20120629
IWN2012,IW N2012,"",IW,20120731
IWQ2012,IW Q2012,"",IW,20120831
IWU2012,IW U2012,"",IW,20120928
IWV2012,IW V2012,"",IW,20121031
IWX2012,IW X2012,"",IW,20121130
IWZ2012,IW Z2012,"",IW,20121231
IWF2013,IW F2013,"",IW,20130131
IWG2013,IW G2013,"",IW,20130228
IWH2013,IW H2013,"",IW,20130329
IWJ2013,IW J2013,"",IW,20130430
IWK2013,IW K2013,"",IW,20130531
IWM2013,IW M2013,"",IW,20130628
IWN2013,IW N2013,"",IW,20130731
IWQ2013,IW Q2013,"",IW,20130830
IWU2013,IW U2013,"",IW,20130930
IWV2013,IW V2013,"",IW,20131031
IWX2013,IW X2013,"",IW,20131129
IWZ2013,IW Z2013,"",IW,20131231
IWF2014,IW F2014,"",IW,20140131
IWG2014,IW G2014,"",IW,20140228
IWH2014,IW H2014,"",IW,20140331
IWJ2014,IW J2014,"",IW,20140430
IWK2014,IW K2014,"",IW,20140530
IWM2014,IW M2014,"",IW,20140630
IWN2014,IW N2014,"",IW,20140731
IWQ2014,IW Q2014,"",IW,20140829
IWU2014,IW U2014,"",IW,20140930
IWV2014,IW V2014,"",IW,20141031
IWX2014,IW X2014,"",IW,20141128
IWZ2014,IW Z2014,"",IW,20141231
IWF2015,IW F2015,"",IW,20150130
IWG2015,IW G2015,"",IW,20150227
IWH2015,IW H2015,"",IW,20150331
IWJ2015,IW J2015,"",IW,20150430
IWK2015,IW K2015,"",IW,20150529
IWM2015,IW M2015,"",IW,20150630
IWN2015,IW N2015,"",IW,20150731
IWQ2015,IW Q2015,"",IW,20150831
IWU2015,IW U2015,"",IW,20150930
IWV2015,IW V2015,"",IW,20151030
IWX2015,IW X2015,"",IW,20151130
IWZ2015,IW Z2015,"",IW,20151231
IWF2016,IW F2016,"",IW,20160129
IWG2016,IW G2016,"",IW,20160229
IWH2016,IW H2016,"",IW,20160331
IWJ2016,IW J2016,"",IW,20160429
IWK2016,IW K2016,"",IW,20160531
IWM2016,IW M2016,"",IW,20160630
IWN2016,IW N2016,"",IW,20160729
IWQ2016,IW Q2016,"",IW,20160831
IWU2016,IW U2016,"",IW,20160930
IWV2016,IW V2016,"",IW,20161031
IWX2016,IW X2016,"",IW,20161130
IWZ2016,IW Z2016,"",IW,20161230
IWF2017,IW F2017,"",IW,20170131
IWG2017,IW G2017,"",IW,20170228
IWH2017,IW H2017,"",IW,20170331
IWJ2017,IW J2017,"",IW,20170428
IWK2017,IW K2017,"",IW,20170531
IWM2017,IW M2017,"",IW,20170630
IWN2017,IW N2017,"",IW,20170731
IWQ2017,IW Q2017,"",IW,20170831
IWU2017,IW U2017,"",IW,20170929
IWV2017,IW V2017,"",IW,20171031
IWX2017,IW X2017,"",IW,20171130
IWZ2017,IW Z2017,"",IW,20171229
IWF2018,IW F2018,"",IW,20180131
IWG2018,IW G2018,"",IW,20180228
IWH2018,IW H2018,"",IW,20180330
IWJ2018,IW J2018,"",IW,20180430
IWK2018,IW K2018,"",IW,20180531
IWM2018,IW M2018,"",IW,20180629
IWN2018,IW N2018,"",IW,20180731
IWQ2018,IW Q2018,"",IW,20180831
IWU2018,IW U2018,"",IW,20180928
IWV2018,IW V2018,"",IW,20181031
IWX2018,IW X2018,"",IW,20181130
IWZ2018,IW Z2018,"",IW,20181231
IWF2019,IW F2019,"",IW,20190131
IWG2019,IW G2019,"",IW,20190228
IWH2019,IW H2019,"",IW,20190329
IWJ2019,IW J2019,"",IW,20190430
IWK2019,IW K2019,"",IW,20190531
IWM2019,IW M2019,"",IW,20190628
IWN2019,IW N2019,"",IW,20190731
IWQ2019,IW Q2019,"",IW,20190830
IWU2019,IW U2019,"",IW,20190930
IWV2019,IW V2019,"",IW,20191031
IWX2019,IW X2019,"",IW,20191129
IWZ2019,IW Z2019,"",IW,20191231
IWF2020,IW F2020,"",IW,20200131
IWG2020,IW G2020,"",IW,20200228
IWH2020,IW H2020,"",IW,20200331
IWJ2020,IW J2020,"",IW,20200430
IWK2020,IW K2020,"",IW,20200529
IWM2020,IW M2020,"",IW,20200630
IWN2020,IW N2020,"",IW,20200731
IWQ2020,IW Q2020,"",IW,20200831
IWU2020,IW U2020,"",IW,20200930
IWV2020,IW V2020,"",IW,20201030
IWX2020,IW X2020,"",IW,20201130
IWZ2020,IW Z2020,"",IW,20201231
IWF2021,IW F2021,"",IW,20210129
IWG2021,IW G2021,"",IW,20210226
IWH2021,IW H2021,"",IW,20210331
IWJ2021,IW J2021,"",IW,20210430
IWK2021,IW K2021,"",IW,20210528
IWM2021,IW M2021,"",IW,20210630
IWN2021,IW N2021,"",IW,20210730
IWQ2021,IW Q2021,"",IW,20210831
IWU2021,IW U2021,"",IW,20210930
IWV2021,IW V2021,"",IW,20211029
IWX2021,IW X2021,"",IW,20211130
IWZ2021,IW Z2021,"",IW,20220103
IWF2022,IW F2022,"",IW,20220201
IWG2022,IW G2022,"",IW,20220301
IWH2022,IW H2022,"",IW,20220401
IWJ2022,IW J2022,"",IW,20220502
IWK2022,IW K2022,"",IW,20220601
IWM2022,IW M2022,"",IW,20220701
IWN2022,IW N2022,"",IW,20220801
IWQ2022,IW Q2022,"",IW,20220901
IWU2022,IW U2022,"",IW,20221003
IWV2022,IW V2022,"",IW,20221101
IWX2022,IW X2022,"",IW,20221201
IWZ2022,IW Z2022,"",IW,20230103
IWF2023,IW F2023,"",IW,20230201
IWG2023,IW G2023,"",IW,20230301
IWH2023,IW H2023,"",IW,20230403
IWJ2023,IW J2023,"",IW,20230501
IWK2023,IW K2023,"",IW,20230601
IWM2023,IW M2023,"",IW,20230703
IWN2023,IW N2023,"",IW,20230801
IWQ2023,IW Q2023,"",IW,20230901
IWU2023,IW U2023,"",IW,20231002
IWV2023,IW V2023,"",IW,20231101
IWX2023,IW X2023,"",IW,20231201
IWZ2023,IW Z2023,"",IW,20240102
IWF2024,IW F2024,"",IW,20240201
IWG2024,IW G2024,"",IW,20240301
IWH2024,IW H2024,"",IW,20240401
IWJ2024,IW J2024,"",IW,20240501
IWK2024,IW K2024,"",IW,20240603
IWM2024,IW M2024,"",IW,20240628
IWN2024,IW N2024,"",IW,20240731
IWQ2024,IW Q2024,"",IW,20240830
QMWZ1980,QMW Z1980,"",QMW,19801218
QMWH1981,QMW H1981,"",QMW,19810320
QMWK1981,QMW K1981,"",QMW,19810519
QMWU1981,QMW U1981,"",QMW,19810921
QMWZ1981,QMW Z1981,"",QMW,19811221
QMWH1982,QMW H1982,"",QMW,19820322
QMWK1982,QMW K1982,"",QMW,19820519
QMWU1982,QMW U1982,"",QMW,19820921
QMWZ1982,QMW Z1982,"",QMW,19821220
QMWH1983,QMW H1983,"",QMW,19830322
QMWK1983,QMW K1983,"",QMW,19830519
QMWU1983,QMW U1983,"",QMW,19830921
QMWZ1983,QMW Z1983,"",QMW,19831220
QMWH1984,QMW H1984,"",QMW,19840321
QMWK1984,QMW K1984,"",QMW,19840521
QMWU1984,QMW U1984,"",QMW,19840919
QMWZ1984,QMW Z1984,"",QMW,19841219
QMWH1985,QMW H1985,"",QMW,19850320
QMWK1985,QMW K1985,"",QMW,19850521
QMWU1985,QMW U1985,"",QMW,19850919
QMWZ1985,QMW Z1985,"",QMW,19851219
QMWH1986,QMW H1986,"",QMW,19860319
QMWK1986,QMW K1986,"",QMW,19860520
QMWU1986,QMW U1986,"",QMW,19860919
QMWZ1986,QMW Z1986,"",QMW,19861219
QMWH1987,QMW H1987,"",QMW,19870320
QMWK1987,QMW K1987,"",QMW,19870519
QMWU1987,QMW U1987,"",QMW,19870921
QMWZ1987,QMW Z1987,"",QMW,19871221
QMWH1988,QMW H1988,"",QMW,19880322
QMWK1988,QMW K1988,"",QMW,19880519
QMWU1988,QMW U1988,"",QMW,19880921
QMWZ1988,QMW Z1988,"",QMW,19881220
QMWH1989,QMW H1989,"",QMW,19890321
QMWK1989,QMW K1989,"",QMW,19890519
QMWU1989,QMW U1989,"",QMW,19890920
QMWZ1989,QMW Z1989,"",QMW,19891219
QMWH1990,QMW H1990,"",QMW,19900321
QMWK1990,QMW K1990,"",QMW,19900521
QMWU1990,QMW U1990,"",QMW,19900919
QMWZ1990,QMW Z1990,"",QMW,19901219
QMWH1991,QMW H1991,"",QMW,19910319
QMWK1991,QMW K1991,"",QMW,19910521
QMWU1991,QMW U1991,"",QMW,19910919
QMWZ1991,QMW Z1991,"",QMW,19911219
QMWH1992,QMW H1992,"",QMW,19920320
QMWK1992,QMW K1992,"",QMW,19920519
QMWU1992,QMW U1992,"",QMW,19920921
QMWZ1992,QMW Z1992,"",QMW,19921221
QMWH1993,QMW H1993,"",QMW,19930322
QMWK1993,QMW K1993,"",QMW,19930519
QMWU1993,QMW U1993,"",QMW,19930921
QMWZ1993,QMW Z1993,"",QMW,19931220
QMWH1994,QMW H1994,"",QMW,19940322
QMWK1994,QMW K1994,"",QMW,19940519
QMWU1994,QMW U1994,"",QMW,19940921
QMWZ1994,QMW Z1994,"",QMW,19941220
QMWH1995,QMW H1995,"",QMW,19950322
QMWK1995,QMW K1995,"",QMW,19950519
QMWU1995,QMW U1995,"",QMW,19950920
QMWZ1995,QMW Z1995,"",QMW,19951219
QMWH1996,QMW H1996,"",QMW,19960320
QMWK1996,QMW K1996,"",QMW,19960521
QMWU1996,QMW U1996,"",QMW,19960919
QMWZ1996,QMW Z1996,"",QMW,19961219
QMWH1997,QMW H1997,"",QMW,19970319
QMWK1997,QMW K1997,"",QMW,19970520
QMWU1997,QMW U1997,"",QMW,19970919
QMWZ1997,QMW Z1997,"",QMW,19971219
QMWH1998,QMW H1998,"",QMW,19980320
QMWK1998,QMW K1998,"",QMW,19980519
QMWU1998,QMW U1998,"",QMW,19980921
QMWZ1998,QMW Z1998,"",QMW,19981221
QMWH1999,QMW H1999,"",QMW,19990322
QMWK1999,QMW K1999,"",QMW,19990519
QMWU1999,QMW U1999,"",QMW,19990921
QMWZ1999,QMW Z1999,"",QMW,19991220
QMWH2000,QMW H2000,"",QMW,20000322
QMWK2000,QMW K2000,"",QMW,20000519
QMWU2000,QMW U2000,"",QMW,20000920
QMWZ2000,QMW Z2000,"",QMW,20001219
QMWH2001,QMW H2001,"",QMW,20010321
QMWK2001,QMW K2001,"",QMW,20010521
QMWU2001,QMW U2001,"",QMW,20010919
QMWZ2001,QMW Z2001,"",QMW,20011218
QMWH2002,QMW H2002,"",QMW,20020319
QMWK2002,QMW K2002,"",QMW,20020521
QMWU2002,QMW U2002,"",QMW,20020919
QMWZ2002,QMW Z2002,"",QMW,20021219
QMWH2003,QMW H2003,"",QMW,20030320
QMWK2003,QMW K2003,"",QMW,20030520
QMWU2003,QMW U2003,"",QMW,20030919
QMWZ2003,QMW Z2003,"",QMW,20031219
QMWH2004,QMW H2004,"",QMW,20040322
QMWK2004,QMW K2004,"",QMW,20040519
QMWU2004,QMW U2004,"",QMW,20040921
QMWZ2004,QMW Z2004,"",QMW,20041220
QMWH2005,QMW H2005,"",QMW,20050314
QMWK2005,QMW K2005,"",QMW,20050513
QMWN2005,QMW N2005,"",QMW,20050714
QMWU2005,QMW U2005,"",QMW,20050914
QMWZ2005,QMW Z2005,"",QMW,20051214
QMWH2006,QMW H2006,"",QMW,20060314
QMWK2006,QMW K2006,"",QMW,20060512
QMWN2006,QMW N2006,"",QMW,20060714
QMWU2006,QMW U2006,"",QMW,20060929
QMWZ2006,QMW Z2006,"",QMW,20061214
QMWH2007,QMW H2007,"",QMW,20070314
QMWK2007,QMW K2007,"",QMW,20070514
QMWN2007,QMW N2007,"",QMW,20070713
QMWU2007,QMW U2007,"",QMW,20070914
QMWZ2007,QMW Z2007,"",QMW,20071214
QMWH2008,QMW H2008,"",QMW,20080314
QMWK2008,QMW K2008,"",QMW,20080514
QMWN2008,QMW N2008,"",QMW,20080714
QMWU2008,QMW U2008,"",QMW,20080912
QMWZ2008,QMW Z2008,"",QMW,20081212
QMWH2009,QMW H2009,"",QMW,20090313
QMWK2009,QMW K2009,"",QMW,20090514
QMWN2009,QMW N2009,"",QMW,20090714
QMWU2009,QMW U2009,"",QMW,20090914
QMWZ2009,QMW Z2009,"",QMW,20091214
QMWH2010,QMW H2010,"",QMW,20100312
QMWK2010,QMW K2010,"",QMW,20100514
QMWN2010,QMW N2010,"",QMW,20100730
QMWU2010,QMW U2010,"",QMW,20100914
QMWZ2010,QMW Z2010,"",QMW,20101214
QMWH2011,QMW H2011,"",QMW,20110314
QMWK2011,QMW K2011,"",QMW,20110513
QMWN2011,QMW N2011,"",QMW,20110714
QMWU2011,QMW U2011,"",QMW,20110914
QMWZ2011,QMW Z2011,"",QMW,20111214
QMWH2012,QMW H2012,"",QMW,20120314
QMWK2012,QMW K2012,"",QMW,20120514
QMWN2012,QMW N2012,"",QMW,20120713
QMWU2012,QMW U2012,"",QMW,20120914
QMWZ2012,QMW Z2012,"",QMW,20121214
QMWH2013,QMW H2013,"",QMW,20130314
QMWK2013,QMW K2013,"",QMW,20130514
QMWN2013,QMW N2013,"",QMW,20130712
QMWU2013,QMW U2013,"",QMW,20130913
QMWZ2013,QMW Z2013,"",QMW,20131213
QMWH2014,QMW H2014,"",QMW,20140314
QMWK2014,QMW K2014,"",QMW,20140514
QMWN2014,QMW N2014,"",QMW,20140714
QMWU2014,QMW U2014,"",QMW,20140912
QMWZ2014,QMW Z2014,"",QMW,20141212
QMWH2015,QMW H2015,"",QMW,20150313
QMWK2015,QMW K2015,"",QMW,20150514
QMWN2015,QMW N2015,"",QMW,20150714
QMWU2015,QMW U2015,"",QMW,20150914
QMWZ2015,QMW Z2015,"",QMW,20151214
QMWH2016,QMW H2016,"",QMW,20160314
QMWK2016,QMW K2016,"",QMW,20160513
QMWN2016,QMW N2016,"",QMW,20160714
QMWU2016,QMW U2016,"",QMW,20160914
QMWZ2016,QMW Z2016,"",QMW,20161214
QMWH2017,QMW H2017,"",QMW,20170314
QMWK2017,QMW K2017,"",QMW,20170512
QMWN2017,QMW N2017,"",QMW,20170714
QMWU2017,QMW U2017,"",QMW,20170914
QMWZ2017,QMW Z2017,"",QMW,20171214
QMWH2018,QMW H2018,"",QMW,20180314
QMWK2018,QMW K2018,"",QMW,20180514
QMWN2018,QMW N2018,"",QMW,20180713
QMWU2018,QMW U2018,"",QMW,20180914
QMWZ2018,QMW Z2018,"",QMW,20181214
QMWH2019,QMW H2019,"",QMW,20190314
QMWK2019,QMW K2019,"",QMW,20190514
QMWN2019,QMW N2019,"",QMW,20190712
QMWU2019,QMW U2019,"",QMW,20190913
QMWZ2019,QMW Z2019,"",QMW,20191213
QMWH2020,QMW H2020,"",QMW,20200313
QMWK2020,QMW K2020,"",QMW,20200514
QMWN2020,QMW N2020,"",QMW,20200714
QMWU2020,QMW U2020,"",QMW,20200914
QMWZ2020,QMW Z2020,"",QMW,20201214
QMWH2021,QMW H2021,"",QMW,20210312
QMWK2021,QMW K2021,"",QMW,20210514
QMWN2021,QMW N2021,"",QMW,20210714
QMWU2021,QMW U2021,"",QMW,20210914
QMWZ2021,QMW Z2021,"",QMW,20211214
QMWH2022,QMW H2022,"",QMW,20220314
QMWK2022,QMW K2022,"",QMW,20220513
QMWN2022,QMW N2022,"",QMW,20220714
QMWU2022,QMW U2022,"",QMW,20220914
QMWZ2022,QMW Z2022,"",QMW,20221214
QMWH2023,QMW H2023,"",QMW,20230314
QMWK2023,QMW K2023,"",QMW,20230512
QMWN2023,QMW N2023,"",QMW,20230714
QMWU2023,QMW U2023,"",QMW,20230914
QMWZ2023,QMW Z2023,"",QMW,20231214
QMWH2024,QMW H2024,"",QMW,20240314
QMWK2024,QMW K2024,"",QMW,20240514
QMWN2024,QMW N2024,"",QMW,20240712
SXH2002,SX H2002,"",SX,20020328
SXJ2002,SX J2002,"",SX,20020430
SXK2002,SX K2002,"",SX,20020531
SXN2002,SX N2002,"",SX,20020731
SXQ2002,SX Q2002,"",SX,20020830
SXU2002,SX U2002,"",SX,20020930
SXX2002,SX X2002,"",SX,20021129
SXU2003,SX U2003,"",SX,20030509
SXZ2004,SX Z2004,"",SX,20041230
SXF2005,SX F2005,"",SX,20050131
SXG2005,SX G2005,"",SX,20050228
SXH2005,SX H2005,"",SX,20050323
SXJ2005,SX J2005,"",SX,20050429
SXK2005,SX K2005,"",SX,20050531
SXM2005,SX M2005,"",SX,20050630
SXN2005,SX N2005,"",SX,20050729
SXQ2005,SX Q2005,"",SX,20050831
SXU2005,SX U2005,"",SX,20050930
SXV2005,SX V2005,"",SX,20051031
SXZ2005,SX Z2005,"",SX,20051230
SXF2006,SX F2006,"",SX,20060131
SXG2006,SX G2006,"",SX,20060228
SXH2006,SX H2006,"",SX,20060331
SXJ2006,SX J2006,"",SX,20060428
SXK2006,SX K2006,"",SX,20060531
SXM2006,SX M2006,"",SX,20060630
SXN2006,SX N2006,"",SX,20060731
SXQ2006,SX Q2006,"",SX,20060831
SXU2006,SX U2006,"",SX,20060929
SXV2006,SX V2006,"",SX,20061031
SXX2006,SX X2006,"",SX,20061130
SXZ2006,SX Z2006,"",SX,20061229
SXF2007,SX F2007,"",SX,20070131
SXG2007,SX G2007,"",SX,20070228
SXH2007,SX H2007,"",SX,20070330
SXJ2007,SX J2007,"",SX,20070430
SXK2007,SX K2007,"",SX,20070531
SXM2007,SX M2007,"",SX,20070629
SXN2007,SX N2007,"",SX,20070731
SXQ2007,SX Q2007,"",SX,20070831
SXU2007,SX U2007,"",SX,20070928
SXV2007,SX V2007,"",SX,20071031
SXX2007,SX X2007,"",SX,20071130
SXZ2007,SX Z2007,"",SX,20071231
SXF2008,SX F2008,"",SX,20080131
SXG2008,SX G2008,"",SX,20080229
SXH2008,SX H2008,"",SX,20080331
SXJ2008,SX J2008,"",SX,20080430
SXK2008,SX K2008,"",SX,20080530
SXM2008,SX M2008,"",SX,20080630
SXN2008,SX N2008,"",SX,20080731
SXQ2008,SX Q2008,"",SX,20080829
SXU2008,SX U2008,"",SX,20080930
SXV2008,SX V2008,"",SX,20081031
SXX2008,SX X2008,"",SX,20081128
SXZ2008,SX Z2008,"",SX,20081231
SXF2009,SX F2009,"",SX,20090130
SXG2009,SX G2009,"",SX,20090227
SXH2009,SX H2009,"",SX,20090331
SXJ2009,SX J2009,"",SX,20090430
SXK2009,SX K2009,"",SX,20090529
SXM2009,SX M2009,"",SX,20090630
SXN2009,SX N2009,"",SX,20090731
SXQ2009,SX Q2009,"",SX,20090831
SXU2009,SX U2009,"",SX,20090930
SXV2009,SX V2009,"",SX,20091030
SXX2009,SX X2009,"",SX,20091130
SXZ2009,SX Z2009,"",SX,20091231
SXF2010,SX F2010,"",SX,20100129
SXG2010,SX G2010,"",SX,20100226
SXH2010,SX H2010,"",SX,20100331
SXJ2010,SX J2010,"",SX,20100430
SXK2010,SX K2010,"",SX,20100528
SXQ2010,SX Q2010,"",SX,20100831
SXU2010,SX U2010,"",SX,20100930
SXV2010,SX V2010,"",SX,20101029
SXX2010,SX X2010,"",SX,20101130
SXZ2010,SX Z2010,"",SX,20101230
SXF2011,SX F2011,"",SX,20110131
SXG2011,SX G2011,"",SX,20110228
SXH2011,SX H2011,"",SX,20110331
SXJ2011,SX J2011,"",SX,20110429
SXK2011,SX K2011,"",SX,20110531
SXM2011,SX M2011,"",SX,20110630
SXN2011,SX N2011,"",SX,20110729
SXQ2011,SX Q2011,"",SX,20110831
SXU2011,SX U2011,"",SX,20110930
SXV2011,SX V2011,"",SX,20111031
SXX2011,SX X2011,"",SX,20111130
SXZ2011,SX Z2011,"",SX,20111230
SXF2012,SX F2012,"",SX,20120131
SXG2012,SX G2012,"",SX,20120229
SXH2012,SX H2012,"",SX,20120330
SXJ2012,SX J2012,"",SX,20120430
SXK2012,SX K2012,"",SX,20120531
SXM2012,SX M2012,"",SX,20120629
SXN2012,SX N2012,"",SX,20120731
SXQ2012,SX Q2012,"",SX,20120831
SXU2012,SX U2012,"",SX,20120928
SXV2012,SX V2012,"",SX,20121031
SXX2012,SX X2012,"",SX,20121130
SXZ2012,SX Z2012,"",SX,20121231
SXF2013,SX F2013,"",SX,20130131
SXG2013,SX G2013,"",SX,20130228
SXH2013,SX H2013,"",SX,20130328
SXJ2013,SX J2013,"",SX,20130430
SXK2013,SX K2013,"",SX,20130531
SXM2013,SX M2013,"",SX,20130628
SXN2013,SX N2013,"",SX,20130731
SXQ2013,SX Q2013,"",SX,20130830
SXU2013,SX U2013,"",SX,20130930
SXV2013,SX V2013,"",SX,20131031
SXX2013,SX X2013,"",SX,20131129
SXZ2013,SX Z2013,"",SX,20131231
SXF2014,SX F2014,"",SX,20140131
SXG2014,SX G2014,"",SX,20140228
SXH2014,SX H2014,"",SX,20140331
SXJ2014,SX J2014,"",SX,20140430
SXK2014,SX K2014,"",SX,20140530
SXM2014,SX M2014,"",SX,20140630
SXN2014,SX N2014,"",SX,20140731
SXQ2014,SX Q2014,"",SX,20140829
SXU2014,SX U2014,"",SX,20140930
SXV2014,SX V2014,"",SX,20141031
SXX2014,SX X2014,"",SX,20141128
SXZ2014,SX Z2014,"",SX,20141231
SXF2015,SX F2015,"",SX,20150130
SXG2015,SX G2015,"",SX,20150227
SXH2015,SX H2015,"",SX,20150331
SXJ2015,SX J2015,"",SX,20150430
SXK2015,SX K2015,"",SX,20150529
SXM2015,SX M2015,"",SX,20150630
SXN2015,SX N2015,"",SX,20150731
SXQ2015,SX Q2015,"",SX,20150831
SXU2015,SX U2015,"",SX,20150930
SXV2015,SX V2015,"",SX,20151030
SXX2015,SX X2015,"",SX,20151130
SXZ2015,SX Z2015,"",SX,20151231
SXF2016,SX F2016,"",SX,20160129
SXG2016,SX G2016,"",SX,20160229
SXH2016,SX H2016,"",SX,20160331
SXJ2016,SX J2016,"",SX,20160429
SXK2016,SX K2016,"",SX,20160531
SXM2016,SX M2016,"",SX,20160630
SXN2016,SX N2016,"",SX,20160729
SXQ2016,SX Q2016,"",SX,20160831
SXU2016,SX U2016,"",SX,20160930
SXV2016,SX V2016,"",SX,20161031
SXX2016,SX X2016,"",SX,20161130
SXZ2016,SX Z2016,"",SX,20161230
SXF2017,SX F2017,"",SX,20170131
SXG2017,SX G2017,"",SX,20170228
SXH2017,SX H2017,"",SX,20170331
SXJ2017,SX J2017,"",SX,20170428
SXK2017,SX K2017,"",SX,20170531
SXM2017,SX M2017,"",SX,20170630
SXN2017,SX N2017,"",SX,20170731
SXQ2017,SX Q2017,"",SX,20170831
SXU2017,SX U2017,"",SX,20170929
SXV2017,SX V2017,"",SX,20171031
SXX2017,SX X2017,"",SX,20171130
SXZ2017,SX Z2017,"",SX,20171229
SXF2018,SX F2018,"",SX,20180131
SXG2018,SX G2018,"",SX,20180228
SXH2018,SX H2018,"",SX,20180330
SXJ2018,SX J2018,"",SX,20180430
SXK2018,SX K2018,"",SX,20180531
SXM2018,SX M2018,"",SX,20180629
SXN2018,SX N2018,"",SX,20180731
SXQ2018,SX Q2018,"",SX,20180831
SXU2018,SX U2018,"",SX,20180928
SXV2018,SX V2018,"",SX,20181031
SXX2018,SX X2018,"",SX,20181130
SXZ2018,SX Z2018,"",SX,20181231
SXF2019,SX F2019,"",SX,20190131
SXG2019,SX G2019,"",SX,20190228
SXH2019,SX H2019,"",SX,20190329
SXJ2019,SX J2019,"",SX,20190430
SXK2019,SX K2019,"",SX,20190531
SXM2019,SX M2019,"",SX,20190628
SXN2019,SX N2019,"",SX,20190731
SXQ2019,SX Q2019,"",SX,20190830
SXU2019,SX U2019,"",SX,20190930
SXV2019,SX V2019,"",SX,20191031
SXX2019,SX X2019,"",SX,20191129
SXZ2019,SX Z2019,"",SX,20191231
SXF2020,SX F2020,"",SX,20200131
SXG2020,SX G2020,"",SX,20200228
SXH2020,SX H2020,"",SX,20200331
SXJ2020,SX J2020,"",SX,20200430
SXK2020,SX K2020,"",SX,20200529
SXM2020,SX M2020,"",SX,20200630
SXN2020,SX N2020,"",SX,20200731
SXQ2020,SX Q2020,"",SX,20200831
SXU2020,SX U2020,"",SX,20200930
SXV2020,SX V2020,"",SX,20201030
SXX2020,SX X2020,"",SX,20201130
SXZ2020,SX Z2020,"",SX,20201231
SXF2021,SX F2021,"",SX,20210129
SXG2021,SX G2021,"",SX,20210226
SXH2021,SX H2021,"",SX,20210331
SXJ2021,SX J2021,"",SX,20210430
SXK2021,SX K2021,"",SX,20210528
SXM2021,SX M2021,"",SX,20210630
SXN2021,SX N2021,"",SX,20210730
SXQ2021,SX Q2021,"",SX,20210831
SXU2021,SX U2021,"",SX,20210930
SXV2021,SX V2021,"",SX,20211029
SXX2021,SX X2021,"",SX,20211130
SXZ2021,SX Z2021,"",SX,20220103
SXF2022,SX F2022,"",SX,20220201
SXG2022,SX G2022,"",SX,20220301
SXH2022,SX H2022,"",SX,20220401
SXJ2022,SX J2022,"",SX,20220502
SXK2022,SX K2022,"",SX,20220601
SXM2022,SX M2022,"",SX,20220701
SXN2022,SX N2022,"",SX,20220801
SXQ2022,SX Q2022,"",SX,20220901
SXU2022,SX U2022,"",SX,20221003
SXV2022,SX V2022,"",SX,20221101
SXX2022,SX X2022,"",SX,20221201
SXZ2022,SX Z2022,"",SX,20230103
SXF2023,SX F2023,"",SX,20230201
SXG2023,SX G2023,"",SX,20230301
SXH2023,SX H2023,"",SX,20230403
SXJ2023,SX J2023,"",SX,20230501
SXK2023,SX K2023,"",SX,20230601
SXM2023,SX M2023,"",SX,20230703
SXN2023,SX N2023,"",SX,20230801
SXQ2023,SX Q2023,"",SX,20230901
SXU2023,SX U2023,"",SX,20231002
SXV2023,SX V2023,"",SX,20231101
SXX2023,SX X2023,"",SX,20231201
SXZ2023,SX Z2023,"",SX,20240102
SXF2024,SX F2024,"",SX,20240201
SXG2024,SX G2024,"",SX,20240301
SXH2024,SX H2024,"",SX,20240401
SXJ2024,SX J2024,"",SX,20240501
SXK2024,SX K2024,"",SX,20240603
SXM2024,SX M2024,"",SX,20240628
SXN2024,SX N2024,"",SX,20240731
SXQ2024,SX Q2024,"",SX,20240830
