rts-ticker,isin
A,US00846U1016
AA,US0138721065
AAC,KYG330321061
AAC+,KYG330321228
AAC.UN,KYG330321145
AAIC,US0413562051
AAIC-B,US0413566011
AAIC-C,US0413567001
AAIN,US0413568090
AAM-A,US03769W2035
AAM-B,US03769W3025
AAN,US00258W1080
AAN*,US00258W1080
AAP,US00751Y1064
AAQC,US00439D1028
AAQC+,US00439D1101
AAQC.UN,US00439D2018
AAT,US0240131047
AB,US01881G1067
ABB,US0003752047
ABBCL,US0454874027
ABBV,US00287Y1091
ABC,US03073E1055
ABEV,US02319V1035
ABG,US0434361046
ABM,US0009571003
ABR,US0389231087
ABR-A,US0389236037
ABR-B,US0389237027
ABR-C,US0389238017
ABR-D,US0389238769
ABR-E,US0389238686
ABR-F,US0389238504
ABT,US0028241000
AC,US0455281065
ACA,US0396531008
ACAQ,US04684M1062
ACAQ+,US04684M1146
ACAQ.UN,US04684M2052
ACB,CA05156X8843
ACC,US0248351001
ACCO,US00081T1088
ACDI,KYG051571050
ACDI+,KYG051571134
ACDI.UN,KYG051571217
ACEL,US00436Q1067
ACEL+,US00436Q1141
ACH,US0222761092
ACHR,US03945R1023
ACHR+,US03945R1106
ACI,US0130911037
ACIC,US0492841020
ACIC+,US0492841103
ACIC.UN,US0492842010
ACII,US0492871050
ACII+,US0492871134
ACII.UN,US0492872041
ACM,US00766T1007
ACN,IE00B4BNMY34
ACND,KYG051551094
ACND+,KYG051551177
ACND.UN,KYG051551250
ACP,US0030571063
ACP-A,US0030572053
ACP.RT,US0030571220
ACP.RT*,US0030571220
ACR,US00489Q1022
ACR-C,US00489Q2012
ACR-D,US00489Q3002
ACRE,US04013V1089
ACRO,US0050291030
ACRO+,US0050291113
ACRO.UN,US0050292020
ACV,US92840N1000
ADC,US0084921008
ADC-A,US0084922097
ADCT,CH0499880968
ADEX,US0070241023
ADEX+,US0070241106
ADEX.UN,US0070242013
ADF,US01407X1046
ADF+,US01407X1129
ADF.UN,US01407X2036
ADM,US0394831020
ADNT,IE00BD845X29
ADRA.UN,US00653H2013
ADS,US0185811082
ADS*,US0185811165
ADSW,US00790X1019
ADT,US00090Q1031
ADX,US0062121043
AEB,NL0000062438
AEE,US0236081024
AEFC,US00775V1044
AEG,US0079241032
AEL,US0256762065
AEL-A,US0256765035
AEL-B,US0256766025
AEM,CA0084741085
AENZ,US00776D1037
AEO,US02553E1064
AEP,US0255371017
AEP-B,US0255371272
AEP-C,US02557T3077
AER,NL0000687663
AES,US00130H1059
AESC,US00130H2040
AEVA,US00835Q1031
AEVA+,US00835Q1114
AFB,US01864U1060
AFC,US01903Q2075
AFG,US0259321042
AFGB,US0259328070
AFGC,US0259328807
AFGD,US0259328724
AFGE,US0259328641
AFGH,US0259327080
AFI,US04238R1068
AFL,US0010551028
AFT,US0376361079
AFTR,KYG011091009
AFTR+,KYG011091264
AFTR.UN,KYG011091181
AG,CA32076V1031
AGAC,KYG0112R1083
AGAC+,KYG0112R1240
AGAC.UN,KYG0112R1166
AGCB,KYG0371B1095
AGCO,US0010841023
AGD,US00302M1062
AGI,CA0115321089
AGL,US00857U1079
AGM,US3131483063
AGM-A,US3131488013
AGM-C,US3131488765
AGM-D,US3131488682
AGM-E,US3131488500
AGM-F,US3131488435
AGM-G,US3131488351
AGM.A,US3131481083
AGO,BMG0585R1060
AGO-B,US04623A2050
AGO-E,US04623A3041
AGO-F,US04623A4031
AGR,US05351W1036
AGRO,LU0584671464
AGS,US72814N1046
AGTI,US00848J1043
AGX,US04010E1091
AHC,US0012823003
AHH,US04208T1088
AHH-A,US04208T2078
AHL-C,BMG053841547
AHL-D,BMG053841620
AHL-E,BMG053842040
AHT,US0441038694
AHT-D,US0441034065
AHT-F,US0441036045
AHT-G,US0441037035
AHT-H,US0441038025
AHT-I,US0441038850
AI,US12468P1049
AI-B,US0413566011
AI-C,US0413567001
AIC,US0413565021
AIF,US0376381036
AIG,US0268747849
AIG+,US0268741560
AIG-A,US0268747682
AIN,US0123481089
AIO,US92838Y1001
AIR,US0003611052
AIRC,US03750L1098
AIRC*,US03750L1098
AIT,US03820C1053
AIU,US68276W4006
AIV,US03748R7474
AIV*,US03748R1279
AIW,US0413563042
AIY,US03761U4031
AIZ,US04621X1081
AIZN,US04621X3061
AIZP,US04621X2071
AJAX,KYG1993M1015
AJAX+,KYG1993M1270
AJAX.UN,KYG1993M1197
AJG,US3635761097
AJRD,US0078001056
AJX,US38983D3008
AJXA,US38983D4097
AKA,US00152K1016
AKO.A,US29081P2048
AKO.B,US29081P3038
AKR,US0042391096
AKS,US0015471081
AL,US00912X3026
AL-A,US00912X5005
ALB,US0126531013
ALC,CH0432492467
ALCC,US02156V1098
ALE,US0185223007
ALEX,US0144911049
ALG,US0113111076
ALIN-A,MHY1001E1095
ALIN-B,MHY1001E1178
ALIN-E,MHY1001E1251
ALIT,US01626W1018
ALIT+,US01626W1190
ALK,US0116591092
ALL,US0200021014
ALL-B,US0200023093
ALL-G,US0200021279
ALL-H,US0200028381
ALL-I,US0200028126
ALLE,IE00BFRT3W74
ALLG,NL0015000TA9
ALLG+,NL0015000TB7
ALLY,US02005N1000
ALLY-A,US3618602086
ALP-Q,US0103924629
ALSN,US01973R1014
ALTG,US02128L1061
ALTG+,US02128L1145
ALTG-A,US02128L2051
ALUS,KYG0232J1013
ALUS+,KYG0232J1195
ALUS.UN,KYG0232J1278
ALV,US0528001094
ALVU,US02008C1018
ALX,US0147521092
AM,US03676B1026
AMAM,US02290A1025
AMBC,US0231398845
AMBC+,US0231391162
AMBP,LU2369833749
AMBP+,LU2369834044
AMBR,US02318Y1082
AMC,US00165C1045
AMCR,JE00BJ1F3079
AME,US0311001004
AMG,US0082521081
AMH,US02665T3068
AMH-D,US02665T7028
AMH-E,US02665T8018
AMH-F,US02665T8844
AMH-G,US02665T8760
AMH-H,US02665T8687
AMID,US02752P1003
AMK,US04546L1061
AMN,US0017441017
AMOV,US02364W2044
AMP,US03076C1062
AMPI,US00777J1097
AMPI+,US00777J1170
AMPI.UN,US00777J2087
AMPS,US02217A1025
AMPS+,US02217A1108
AMPX,US03214Q1085
AMPX+,US03214Q1168
AMPY,US03212B1035
AMR,US0207641061
AMRC,US02361E1082
AMRX,US03168L1052
AMT,US03027X1000
AMTD,US00180G1067
AMWL,US03044L1052
AMX,US02364W1053
AN,US05329W1027
ANAC,KYG0477L1005
ANAC+,KYG0477L1260
ANAC.UN,KYG0477L1187
ANDX,US03350F1066
ANET,US0404131064
ANF,US0028962076
ANH,US0373471012
ANH-A,US0373472002
ANH-B,US0373473091
ANH-C,US0373474081
ANTM,US0367521038
ANVS,US03615A1088
AOD,US00326L1008
AOMR,US03464Y1082
AON,IE00BLP1HW54
AONE,KYG7000X1051
AONE+,KYG7000X1218
AONE.UN,KYG7000X1135
AORT,US2289031005
AOS,US8318652091
AP,US0320371034
APA,US0374111054
APAM,US04316A1088
APCA,KYG040581061
APCA+,KYG040581145
APCA.UN,KYG040581228
APD,US0091581068
APE,US00165C2035
APG,US00187Y1001
APGB,KYG0412A1022
APGB+,KYG0412A1287
APGB.UN,KYG0412A1105
APH,US0320951017
APHA,CA03765K1049
APLE,US03784Y2000
APN,US03752A1016
APN+,US03752A1198
APN.UN,US03752A2006
APO,US03769M1062
APO-A,US03768E3036
APO-B,US03768E4026
APRN,US09523Q2003
APSG,KYG0411R1065
APSG+,KYG0411R1149
APSG.UN,KYG0411R1222
APTS,US74039L1035
APTV,JE00B783TY65
APTV-A,JE00BMHMX696
APY,US03755L1044
AQN,CA0158571053
AQNA,US0158577090
AQNB,US0158578080
AQNU,US0158578734
AQUA,US30057T1051
AR,US03674X1063
ARA,US0292271055
ARC,US00191G1031
ARCH,US03940R1077
ARCO,VGG0457F1071
ARD,LU1565283667
ARDC,US04014F1021
ARE,US0152711091
ARES,US03990B1017
ARES-A,US03990B2007
ARGD,US0401302056
ARGO,BMG0464B1072
ARGO-A,US0401282092
ARI,US03762U1051
ARIS,US04041L1061
ARL,US0291741090
ARLO,US04206A1016
ARMK,US03852U1060
ARNC,US03966V1070
AROC,US03957W1062
ARR,US0423155078
ARR-C,US0423156068
ARW,US0427351004
ASA,BMG3156P1032
ASAI,US81689T1043
ASAI*,US81689T1043
ASAN,US04342Y1047
ASAQ,US04906P1012
ASAQ+,US04906P1194
ASAQ.UN,US04906P2002
ASB,US0454871056
ASB-C,US0454884000
ASB-D,US0454886088
ASB-E,US0454872047
ASB-F,US0454874027
ASC,MHY0207T1001
ASG,US5299001025
ASGI,US00326W1062
ASGN,US00191U1025
ASH,US0441861046
ASIX,US00773T1016
ASPI,US04538A1007
ASPL,KYG054361038
ASPL+,KYG054361111
ASPL.UN,KYG054361293
ASPN,US04523Y1055
ASR,US40051E2028
ASX,US00215W1009
ASZ,KYG0633U1013
ASZ+,KYG0633U1278
ASZ.UN,KYG0633U1195
AT,CA04878Q8636
ATA,KYG0404A1022
ATA+,KYG0404A1105
ATA.UN,KYG0404A1287
ATAC,KYG037071092
ATAC+,KYG037071175
ATAC.UN,KYG037071258
ATAQ,KYG0370U1085
ATAQ+,KYG0370U1168
ATAQ.UN,KYG0370U1242
ATC,JE00BMVMZ478
ATCO,MHY0436Q1098
ATCO-D,MHY0436Q1171
ATCO-E,MHY0436Q1254
ATCO-G,MHY0436Q1338
ATCO-H,MHY0436Q1411
ATCO-I,MHY0436Q1585
ATEK,US04687C1053
ATEK+,US04687C1137
ATEK.UN,US04687C2044
ATEN,US0021211018
ATGE,US00737L1035
ATH,BMG0684D1074
ATH-A,BMG0684D3054
ATH-B,US04686J2006
ATH-C,US04686J3095
ATH-D,US04686J4085
ATHM,US05278C1071
ATHN,US04687A1097
ATHN+,US04687A1170
ATHN.UN,US04687A2087
ATI,US01741R1023
ATIP,US00216W1099
ATIP+,US00216W1172
ATKR,US0476491081
ATMR,KYG037091058
ATMR+,KYG037091215
ATMR.UN,KYG037091132
ATO,US0495601058
ATR,US0383361039
ATTO,LU2212224153
ATUS,US02156K1034
ATV,US0048542049
AU,US0351282068
AUD,US05070N1037
AUS,KYG0633D1097
AUS+,KYG0633D1253
AUS.UN,KYG0633D1170
AUY,CA98462Y1007
AVA,US05379B1070
AVAL,US40053W1018
AVAN,KYG0682V1095
AVAN+,KYG0682V1251
AVAN.UN,KYG0682V1178
AVB,US0534841012
AVD,US0303711081
AVH,US05367G1004
AVK,US00764C1099
AVLR,US05338G1067
AVNS,US05350V1061
AVNT,US05368V1061
AVTR,US05352A1007
AVTR-A,US05352A2096
AVY,US0536111091
AVYA,US05351X1019
AWF,US01879R1068
AWI,US04247X1028
AWK,US0304201033
AWP,US00302L1089
AWR,US0298991011
AX,US05465C1009
AXAC,KYG0703K1085
AXAC+,KYG0703K1168
AXAC.RT,KYG0703K1242
AXAC.UN,KYG0703K1325
AXE,US0352901054
AXH,US45617P1049
AXH+,US45617P1122
AXH.UN,US45617P2039
AXL,US0240611030
AXO,US05465C2098
AXP,US0258161092
AXR,US0321591051
AXS,BMG0692U1099
AXS-E,US05461T3059
AXTA,BMG0750C1082
AYI,US00508Y1029
AYX,US02156B1035
AZEK,US05478C1053
AZN,US0463531089
AZO,US0533321024
AZRE,MU0527S00004
AZUL,US05501U1060
AZZ,US0024741045
B,US0678061096
BA,US0970231058
BABA,US01609W1027
BAC,US0605051046
BAC-A,US0605052606
BAC-B,US0605052291
BAC-C,US0605052861
BAC-E,US0605058157
BAC-K,US0605051954
BAC-L,US0605056821
BAC-M,US06053U6010
BAC-N,US06055H2022
BAC-O,US06055H4002
BAC-P,US06055H6080
BAC-Q,US06055H8060
BAC-S,US06055H8714
BACA,US0836901076
BACA+,US0836901159
BACA.UN,US0836902066
BAF,US09250G1022
BAH,US0995021062
BAK,US1055321053
BALL,US0584981064
BALY,US05875B1061
BAM,CA1125851040
BAMH,US11271L1026
BAMI,US11272B1035
BAMR,BMG161691073
BANC,US05990K1060
BANC-D,US05990K8826
BANC-E,US05990K8743
BAP,BMG2519Y1084
BARK,US68622E1047
BARK+,US68622E1120
BAX,US0718131099
BB,CA09228F1036
BBAI,US08975B1098
BBAI+,US08975B1171
BBAR,US0589341009
BBCO,US08773B1035
BBD,US0594603039
BBDC,US06759L1035
BBDO,US0594604029
BBF,US09248H1059
BBK,US09249H1041
BBL,US05545E2090
BBLN,JE00BLB56359
BBLN+,JE00BLB56466
BBN,US09248X1000
BBU,BMG162341090
BBU*,BMG162341256
BBUC,CA11259V1067
BBUC*,CA11259V1067
BBVA,US05946K1016
BBW,US1200761047
BBWI,US0708301041
BBWI*,US0708301041
BBX,US05491N1046
BBY,US0865161014
BC,US1170431092
BC-A,US1170434062
BC-B,US1170435051
BC-C,US1170436042
BCAT,US09260U1097
BCC,US09739D1000
BCE,CA05534B7604
BCEI,US0977934001
BCH,US0595201064
BCO,US1096961040
BCS,US06738E2046
BCSF,US05684B1070
BCSF.RT,US05684B1153
BCX,US09257A1088
BDC,US0774541066
BDJ,US09251A1043
BDN,US1053682035
BDX,US0758871091
BDX*,US0758871174
BDXB,US0758874061
BE,US0937121079
BEDU,US1091992081
BEKE,US4824971042
BEN,US3546131018
BEP,BMG162581083
BEP*,BMG162582560
BEP-A,BMG162582313
BEPC,CA11284V1058
BEPC*,CA11284V1058
BEPH,US11259P1093
BEPI,US11259P2083
BERY,US08579W1036
BEST,US08653C5022
BF.A,US1156371007
BF.B,US1156372096
BFAC,KYG0888J1085
BFAC+,KYG0888J1242
BFAC.UN,KYG0888J1168
BFAM,US1091941005
BFH,US0185811082
BFK,US09248F1093
BFLY,US1241551027
BFLY+,US1241551100
BFO,US09250M1099
BFS,US8043951016
BFS-D,US8043958045
BFS-E,US8043958797
BFT,US3443281098
BFT+,US3443281171
BFT.UN,US3443282088
BFY,US09249R1023
BFZ,US09248E1029
BG,BMG169621056
BGB,US09257R1014
BGG,US1090431099
BGH,US06760L1008
BGIO,US09258P1049
BGR,US09250U1016
BGS,US05508R1068
BGSF,US05601C1053
BGSX,US12008J1051
BGSX+,US12008J1135
BGSX.UN,US12008J2042
BGT,US0919411043
BGX,US09257D1028
BGY,US0925241079
BH,US08986R3093
BH.A,US08986R4083
BHC,CA0717341071
BHE,US08160H1014
BHG,US10920V1070
BHIL,US0824901039
BHIL+,US0824901112
BHK,US09249E1010
BHLB,US0846801076
BHP,US0886061086
BHR,US10482B1017
BHR-B,US10482B2007
BHR-D,US10482B3096
BHV,US0924811005
BHVN,VGG1110E1079
BHVN*,VGG1110E1079
BID,US8358981079
BIF,US1015071012
BIG,US0893021032
BIGZ,US09260Q1085
BILL,US0900431000
BIO,US0905722072
BIO.B,US0905721082
BIP,BMG162521014
BIP-A,USG162522670
BIP-B,BMG162522756
BIPC,CA11275Q1072
BIPH,US11276B1098
BIPI,US05554M1009
BIT,US09258A1079
BITA,US0917271076
BITE,US09175K1051
BITE+,US09175K1135
BITE.UN,US09175K2042
BJ,US05550J1016
BK,US0640581007
BK-C,US0640582096
BKD,US1124631045
BKE,US1184401065
BKH,US0921131092
BKI,US09215C1053
BKK,US09249X1090
BKKT,US05759B1070
BKKT+,US05759B1153
BKN,US09247D1054
BKR,US05722G1004
BKS,US0677741094
BKSY,US09263B1089
BKSY+,US09263B1162
BKT,US09247F1003
BKU,US06652K1034
BLCO,CA0717051076
BLD,US89055F1030
BLDR,US12008R1077
BLE,US09249N1019
BLK,US09247X1019
BLL,US0584981064
BLND,US09352U1088
BLUA,KYG1261Q1073
BLUA+,KYG1261Q1156
BLUA.UN,KYG1261Q1230
BLW,US09249W1018
BLX,PAP169941328
BMA,US05961W1053
BMAC,US09216A1088
BMAC+,US09216A1161
BMAC.UN,US09216A2078
BME,US09250W1071
BMEZ,US09260E1055
BMI,US0565251081
BML-G,US0605056334
BML-H,US0605056250
BML-J,US0605055914
BML-L,US0605055831
BMO,CA0636711016
BMRG,US05600U1060
BMRG+,US05600U1144
BMRG.UN,US05600U2050
BMY,US1101221083
BMY.RT,US1101221570
BNED,US06777U1016
BNL,US11135E2037
BNS,CA0641491075
BNY,US09248L1061
BOAC,KYG1195N1051
BOAC+,KYG1195N1135
BOAC.UN,KYG1195N1218
BOAS,US05601A1097
BOAS+,US05601A1170
BOAS.UN,US05601A2087
BOC,US1010441053
BODY,US0734631015
BODY+,US0734631197
BOE,US0925011050
BOH,US0625401098
BOH-A,US0625452075
BOMN,US1010441053
BOOT,US0994061002
BORR,BMG1466R1732
BOWL,US10258P1021
BOWL+,US10258P1104
BOX,US10316T1043
BOXD,US1031741085
BOXD+,US1031741168
BP,US0556221044
BPL,US1182301010
BPMP,US0556EL1098
BPT,US0556301077
BQ,US09950L2034
BQH,US09249P1066
BR,US11133T1034
BRBR,US07831C1036
BRBR*,US07831C1036
BRC,US1046741062
BRCC,US05601U1051
BRCC+,US05601U1135
BRD,US07402Q1013
BRD+,US07402Q1195
BRD.UN,US07402Q2003
BRDG,US10806B1008
BRDS,US09077J1079
BRDS+,US09077J1152
BRFS,US10552T1079
BRK.A,US0846701086
BRK.B,US0846707026
BRMK,US11135B1008
BRO,US1152361010
BROS,US26701L1008
BRSP,US10949T1097
BRSS,US37953G1031
BRT,US0556453035
BRW,US78518H2022
BRX,US11120U1051
BSA,US10948W2026
BSAC,US05965X1090
BSAQ,KYG115371000
BSAQ+,KYG115371182
BSAQ.UN,KYG115371265
BSBR,US05967A1079
BSBR*,US05967A1152
BSD,US09248T1097
BSE,US09249U1051
BSIG,US10948W1036
BSL,US09256U1051
BSM,US09225M1018
BSMX,US05969B1035
BSN,KYG1739V1005
BSN+,KYG1739V1260
BSN.UN,KYG1739V1187
BST,US09258G1040
BST.RT,US09258G1123
BST.RT*,US09258G1123
BSTZ,US09260K1016
BSX,US1011371077
BSX-A,US1011372067
BTA,US09250B1035
BTCM,US0554741001
BTE,CA07317Q1054
BTI,US1104481072
BTO,US4097352060
BTRY,US18060W1080
BTT,US09257P1057
BTU,US7045511000
BTZ,US0925081004
BUD,US03524A1088
BUI,US09248D1046
BUR,GG00BMGYLN96
BURL,US1220171060
BV,US10948C1071
BVH,US0963081015
BVN,US2044481040
BW,US05614L2097
BW-A,US05614L4077
BWA,US0997241064
BWG,US10537L1044
BWNB,US05614L5066
BWSN,US05614L3087
BWXT,US05605H1005
BX,US09260D1072
BXC,US09624H2085
BXG,US09629F1084
BXMT,US09257W1009
BXMX,US6706ER1015
BXP,US1011211018
BXP-B,US1011214087
BXS,US05971J1025
BXS-A,US05971J2015
BXSL,US09261X1028
BY,US1244111092
BYD,US1033041013
BYM,US0924791041
BYN,US06690B1070
BYN+,US06690B1153
BYN.UN,US06690B2060
BZH,US07556Q8814
BZM,US09249L1052
C,US1729674242
C-J,US1729673582
C-K,US1729673418
C-N,US1730802014
C-S,US1729673178
CAAP,LU1756447840
CABO,US12685J1051
CACI,US1271903049
CADE,US12740C1036
CADE-A,US12740C2026
CAE,CA1247651088
CAF,US6174681030
CAG,US2058871029
CAH,US14149Y1082
CAI,US12477X1063
CAI-A,US12477X2053
CAI-B,US12477X3044
CAJ,US1380063099
CAL,US1295001044
CALX,US13100M5094
CANG,US1375861036
CANO,US13781Y1038
CANO+,US13781Y1111
CAP,US14064F1003
CAP+,US14064F1185
CAP.UN,US14064F2092
CAPL,US22758A1051
CARR,US14448C1045
CARS,US14575E1055
CAS,US1471511048
CAS+,US1471511121
CAS.UN,US1471512038
CAT,US1491231015
CATO,US1492051065
CB,CH0044328745
CBAH,US12510J1060
CBAH+,US12510J1144
CBAH.UN,US12510J2050
CBB,US1718715022
CBB-B,US1718714033
CBD,US20440T3005
CBD*,US20440T1108
CBH,US92838R1059
CBL,US1248308785
CBL-D,US1248306052
CBL-E,US1248308033
CBM,US1320111073
CBPX,US2111711030
CBRE,US12504L1098
CBT,US1270551013
CBU,US2036071064
CBZ,US1248051021
CC,US1638511089
CCAC,KYG215131098
CCAC+,KYG215131171
CCAC.UN,KYG215131254
CCC,JE00BJJN4441
CCCS,US12510Q1004
CCCS+,US12510Q1186
CCEP,GB00BDCPN049
CCH,KYG227071068
CCH+,KYG227071142
CCH.UN,KYG227071225
CCI,US22822V1017
CCI-A,US22822V3096
CCIV,US1714391026
CCIV+,US1714391109
CCIV.UN,US1714392016
CCJ,CA13321L1085
CCK,US2283681060
CCL,PA1436583006
CCM,US2062771058
CCO,US18453H1068
CCR,US20855T1007
CCRD,US45816D1000
CCS,US1565043007
CCU,US2044291043
CCV,US17144T1079
CCV+,US17144T1152
CCV.UN,US17144T2069
CCVI,US17143W1018
CCVI+,US17143W1190
CCVI.UN,US17143W2008
CCX,US17143G1067
CCX+,US17143G1141
CCX.UN,US17143G2057
CCXX,US17144C1045
CCXX+,US17144C1128
CCXX.UN,US17144C2035
CCZ,US2003005079
CDAY,US15677J1088
CDE,US1921085049
CDR,US1506026053
CDR-B,US1506024074
CDR-C,US1506025063
CDRE,US12763L1052
CE,US1508701034
CEA,US16937R1041
CEE,US1534361001
CEIX,US20854L1089
CEL,IL0011015349
CELG.RT,US1101221406
CELP,US2327511075
CEM,US1846922003
CEN,US1514612092
CEO,US1261321095
CEPU,US1550382014
CEQP,US2263442087
CEQP-,US2263443077
CF,US1252691001
CFG,US1746101054
CFG-D,US1746102045
CFG-E,US1746104025
CFR,US2298991090
CFR-B,US2298993070
CFX,US1940141062
CFXA,US1940142052
CGA,US16943W2044
CGAU,CA1520061021
CGC,CA1380351009
CHA,US1694261033
CHAA,KYG1962Y1026
CHAA+,KYG1962Y1109
CHAA.UN,KYG1962Y1281
CHAP,US15942R2085
CHCT,US20369C1062
CHD,US1713401024
CHE,US16359R1032
CHGG,US1630921096
CHH,US1699051066
CHK,US1651677437
CHK-D,US1651678427
CHL,US16941M1099
CHMI,US1646511014
CHMI-A,US1646512004
CHMI-B,US1646513093
CHN,US1693731077
CHPT,US15961R1059
CHPT+,US15961R1133
CHRA,US15957P1057
CHRB,US15957P2048
CHS,US1686151028
CHT,US17133Q5027
CHU,US16945R1041
CHWY,US16679L1098
CHX,US15872M1045
CHX*,US15872M1045
CI,US1255231003
CIA,US1747401008
CIAN,US83418T1088
CIB,US05968L1026
CIC.UN,US14065K2078
CICX.UN,US14069U2015
CIEN,US1717793095
CIF,US59318T1097
CIG,US2044096012
CIG.C,US2044098828
CII,US09256A1097
CIM,US16934Q2084
CIM-A,US16934Q3074
CIM-B,US16934Q4064
CIM-C,US16934Q5053
CIM-D,US16934Q6044
CINR,US1724641097
CINT,KYG213071064
CIO,US1785871013
CIO-A,US1785872003
CION,US17259U2042
CIR,US17273K1097
CISN,KYG1992S1093
CIT,US1255818015
CIT-B,US1255818841
CIVI,US17888H1032
CIXX,CA1254911003
CJ,US12674R1005
CKH,US8119041015
CL,US1941621039
CLA,KYG2283K1105
CLA+,KYG2283K1022
CLA.UN,KYG2283K1287
CLAA,KYG2284B1014
CLAA+,KYG2284B1196
CLAA.UN,KYG2284B1279
CLAS,US18274B1061
CLAS+,US18274B1145
CLAS.UN,US18274B2051
CLB,NL0000200384
CLBR,US19533H1086
CLBR+,US19533H1169
CLBR.UN,US19533H2076
CLDR,US18914U1007
CLDT,US16208T1025
CLDT-A,US16208T2015
CLF,US1858991011
CLGX,US21871D1037
CLH,US1844961078
CLI,US5544891048
CLII,US18716C1009
CLII+,US18716C1181
CLII.UN,US18716C2098
CLIM,US1871711032
CLIM+,US1871711115
CLIM.UN,US1871712022
CLNC,US19625T1016
CLNY,US19626G1085
CLNY-G,US19626G4055
CLNY-H,US19626G7025
CLNY-I,US19626G6035
CLNY-J,US19626G5045
CLPR,US18885T3068
CLR,US2120151012
CLS,CA15101Q1081
CLVT,JE00BJJN4441
CLVT-A,JE00BM91P354
CLW,US18538R1032
CLX,US1890541097
CM,CA1360691010
CMA,US2003401070
CMC,US2017231034
CMCM,US1630752038
CMD,US1380981084
CMG,US1696561059
CMI,US2310211063
CMO,US14067E5069
CMO-E,US14067E6059
CMP,US20451N1019
CMRE,MHY1771G1026
CMRE-B,MHY1771G1109
CMRE-C,MHY1771G1281
CMRE-D,MHY1771G1364
CMRE-E,MHY1771G2016
CMS,US1258961002
CMS-B,US2105183048
CMS-C,US1258968379
CMSA,US1258968601
CMSC,US1258968528
CMSD,US1258968452
CMTG,US18270D1063
CMU,US59318E1029
CNA,US1261171003
CNC,US15135B1017
CND,US2060711023
CND+,US2060711106
CND.UN,US2060712013
CNDA,US20607U1088
CNDA+,US20607U1161
CNDA.UN,US20607U2078
CNDB,US20607V1061
CNDB+,US20607V1145
CNDB.UN,US20607V2051
CNF,US18979T1051
CNHI,NL0010545661
CNI,CA1363751027
CNK,US17243V1026
CNM,US21874C1027
CNMD,US2074101013
CNNE,US13765N1072
CNO,US12621E1038
CNO-A,US12621E3018
CNP,US15189T1079
CNP-B,US15189T5039
CNQ,CA1363851017
CNR,US21925D1090
CNS,US19247A1007
CNVY,US21258C1080
CNX,US12653C1080
CNXM,US12654A1016
CO,KYG393421030
CODI,US20451Q1040
CODI-A,US20451Q2030
CODI-B,US20451Q3020
CODI-C,US20451Q4010
COE,US16954L1052
COF,US14040H1059
COF-F,US14040H8815
COF-G,US14040H8658
COF-H,US14040H8401
COF-I,US14040H8245
COF-J,US14040H7825
COF-K,US14040H7742
COF-L,US14040H7585
COF-N,US14040H7338
COG,US1270971039
COLD,US03064D1081
COMP,US20464U1007
COO,US2166484020
COOK,US89269P1030
COP,US20825C1045
COR,US21870Q1058
CORR,US21870U5020
CORR-A,US21870U3041
CORS,KYG2540H1083
CORS+,KYG2540H1166
CORS.UN,KYG2540H1240
COTY,US2220702037
COUR,US22266M1045
CP,CA13645T1003
CPA,PAP310761054
CPAC,US15126Q2084
CPB,US1344291091
CPE,US13123X5086
CPF,US1547604090
CPG,CA22576C1014
CPK,US1653031088
CPLG,US21872L1044
CPNG,US22266T1097
CPRI,VGG1890L1076
CPS,US21676P1030
CPSR,US14070Y1010
CPSR+,US14070Y1192
CPSR.UN,US14070Y2000
CPT,US1331311027
CPTK,KYG257411028
CPTK+,KYG257411101
CPTK.UN,KYG257411283
CPUH,US2048331076
CPUH+,US2048331159
CPUH.UN,US2048332066
CR,US2244411052
CRBG,US21871X1090
CRC,US13057Q3056
CRCM,US1416331072
CRD.A,US2246332066
CRD.B,US2246331076
CRGY,US44952J1043
CRH,US12626K2033
CRHC,KYG237261055
CRHC+,KYG237261139
CRHC.UN,KYG237261212
CRI,US1462291097
CRK,US2057683029
CRL,US1598641074
CRM,US79466L3024
CRS,US1442851036
CRT,US22757R1095
CRU,US22877P1084
CRU+,US22877P1167
CRU.UN,US22877P2074
CRY,US2289031005
CS,US2254011081
CSAN,US22113B1035
CSAN*,US22113B1035
CSL,US1423391002
CSLT,US14862Q1004
CSPR,US1476261052
CSR,US15202L1070
CSR-C,US15202L2060
CSRA.UN,KYG258461170
CSTA,KYG2R18K1053
CSTA+,KYG2R18K1137
CSTA.UN,KYG2R18K1210
CSTM,FR0013467479
CSU,US1404752032
CSV,US1439051079
CTA-A,US2635342080
CTA-B,US2635343070
CTAA,US74913G8087
CTAC,KYG2040C1042
CTAC+,KYG2040C1208
CTAC.UN,KYG2040C1125
CTB,US2168311072
CTBB,US74913G8814
CTDD,US74913G8731
CTK,US21718L2016
CTL,US1567001060
CTLT,US1488061029
CTO,US22948Q1013
CTO-A,US22948Q2003
CTOS,US23204X1037
CTOS+,US23204X1110
CTR,US18469Q2075
CTRA,US1270971039
CTRE,US14174T1079
CTS,US1265011056
CTT,US14912Y2028
CTV,US4576791085
CTV+,US4576791168
CTVA,US22052L1044
CTY,US74913G6008
CTZ,US74913G7097
CUB,US2296691064
CUBB,US23204G8033
CUBE,US2296631094
CUBI,US23204G1004
CUBI-C,US23204G4073
CUBI-D,US23204G5062
CUBI-E,US23204G6052
CUBI-F,US23204G7043
CUK,US14365C1036
CULP,US2302151053
CURO,US23131L1070
CURV,US89142B1070
CUZ,US2227955026
CVA,US22282E1029
CVE,CA15135U1093
CVE+,CA15135U1176
CVEO,CA17878Y2078
CVI,US12662P1084
CVIA,US22305A1034
CVII,US17144M1027
CVII+,US17144M1100
CVII.UN,US17144M2017
CVNA,US1468691027
CVS,US1266501006
CVX,US1667641005
CW,US2315611010
CWAN,US1851231068
CWEN,US18539C2044
CWEN.A,US18539C1053
CWH,US13462K1097
CWK,GB00BFZ4N465
CWT,US1307881029
CX,US1512908898
CXAC,US12530D1054
CXAC+,US12530D1138
CXAC.UN,US12530D2045
CXE,US59318D1046
CXH,US59318B1089
CXM,US85208T1079
CXO,US20605P1012
CXP,US1982872038
CXW,US21871N1019
CYD,BMG210821051
CYH,US2036681086
CZOO,KYG2007L1059
CZOO+,KYG2007L1133
CZZ,BMG253431073
D,US25746U1097
DAC,MHY1968P1218
DAL,US2473617023
DAN,US2358252052
DAO,US98741T1043
DAR,US2372661015
DASH,US25809K1051
DATA,US87336U1051
DAVA,US29260V1052
DB,DE0005140008
DBD,US2536511031
DBI,US2505651081
DBL,US2586231076
DBRG,US25401T6038
DBRG-G,US25401T2078
DBRG-H,US25401T5048
DBRG-I,US25401T4058
DBRG-J,US25401T3068
DCF,US05588N1081
DCI,US2576511099
DCO,US2641471097
DCP,US23311P1003
DCP-B,US23311P2092
DCP-C,US23311P3082
DCUE,US25746U1337
DD,US26614N1028
DD.WD,US26614N1028
DDD,US88554D2053
DDF,US2459151039
DDL,US25445D1019
DDS,US2540671011
DDT,US25406P2002
DE,US2441991054
DEA,US27616P1030
DECK,US2435371073
DEH,KYG2614K1105
DEH+,KYG2614K1287
DEH.UN,KYG2614K1022
DEI,US25960P1093
DELL,US24703L2025
DELL*,US24703L1118
DEN,US24790A1016
DEO,US25243Q2057
DESP,VGG273581030
DEX,US2460601071
DFIN,US25787G1004
DFNS,US50201G1067
DFNS+,US50201G1141
DFNS.UN,US50201G2057
DFP,US33848W1062
DFS,US2547091080
DG,US2566771059
DGNR,KYG283021007
DGNR+,KYG283021189
DGNR.UN,KYG283021262
DGX,US74834L1008
DHF,US09660L1052
DHI,US23331A1097
DHR,US2358511028
DHR-A,US2358513008
DHR-B,US2358514097
DHT,MHY2065G1219
DHX,US23331S1006
DIAX,US67075F1057
DIDI,US23292E1082
DIN,US2544231069
DINO,US4039491000
DIS,US2546871060
DK,US24665A1034
DKL,US24664T1034
DKS,US2533931026
DL,US16944W1045
DLB,US25659T1079
DLNG,MHY2188B1083
DLNG-A,MHY2188B1166
DLNG-B,MHY2188B1240
DLPH,JE00BD85SC56
DLR,US2538681030
DLR-C,US2538688480
DLR-G,US2538688894
DLR-I,US2538688639
DLR-J,US2538688555
DLR-K,US2538688308
DLR-L,US2538688225
DLX,US2480191012
DLY,US25862D1054
DM,US25058X1054
DM+,US25058X1138
DMA,US25065A5020
DMB,US09662W1099
DMO,US95790B1098
DMOB,US24700L1061
DMS,US25401G1067
DMS+,US25401G1141
DMYD,US2332771029
DMYD+,US2332771102
DMYD.UN,US2332772019
DMYI,US2332781002
DMYI+,US2332781184
DMYI.UN,US2332782091
DMYQ,US23344K1025
DMYQ+,US23344K1108
DMYQ.UN,US23344K2015
DMYS,US2332471059
DMYS+,US2332471133
DMYS.UN,US2332472040
DMYT,US2332531035
DMYT+,US2332531118
DMYT.UN,US2332532025
DNA,US37611X1000
DNA+,US37611X1182
DNB,US26484T1060
DNI,US25538A2042
DNK,US7191561015
DNMR,US2362721001
DNMR+,US2362721183
DNOW,US67011P1003
DNP,US23325P1049
DNR,US2479162081
DNZ,US23305Q1067
DNZ+,US23305Q1141
DNZ.UN,US23305Q2057
DO,US25271C2017
DOC,US71943U1043
DOCN,US25402D1028
DOCS,US26622P1075
DOLE,IE0003LFZ4U7
DOMA,US25703A1043
DOMA+,US25703A1126
DOOR,CA5753851099
DOUG,US25961D1054
DOUG*,US25961D1054
DOV,US2600031080
DOW,US2605571031
DPG,US26433C1053
DPM,US25043M1071
DPZ,US25754A2015
DQ,US23703Q2030
DRD,US26152H3012
DRE,US2644115055
DRH,US2527843013
DRH-A,US2527844003
DRI,US2371941053
DRQ,US2620371045
DRS,US52661A1088
DRUA,US25746U8449
DS,US2620771004
DS-B,US2620772093
DS-C,US2620773083
DS-D,US2620774073
DSAQ,US25460L1035
DSAQ+,US25460L1118
DSAQ.UN,US25460L2025
DSE,US26433F2074
DSL,US2586221093
DSM,US09662E1091
DSSI,MHY206761055
DSU,US09255R2022
DSX,MHY2066G1044
DSX-B,MHY2066G1127
DT,US2681501092
DTB,US2333318267
DTC,US83425V1044
DTE,US2333311072
DTE*,US2333311155
DTF,US23334J1079
DTG,US2333318184
DTJ,US2333318002
DTLA-,US1127142099
DTM,US23345M1071
DTM*,US23345M1071
DTP,US2333318424
DTQ,US2333317012
DTW,US2333318598
DTY,US2333318671
DUC,US26432K1088
DUK,US26441C2044
DUK-A,US26441C5013
DUKB,US26441C4024
DUKH,US26441C3034
DV,US25862V1052
DVA,US23918K1088
DVD,US2601741075
DVN,US25179M1036
DWIN,US24803C1027
DWIN+,US24803C1100
DWIN.UN,US24803C2017
DX,US26817Q8868
DX-B,US26817Q8033
DX-C,US26817Q8785
DXB.CL,US25153X2080
DXC,US23355L1061
DY,US2674751019
DYFN,US03462A1025
E,US26874R1086
EAB,US29364D7619
EAE,US29364D7536
EAF,US3843135084
EAI,US29364D1000
EARN,US2885781078
EAT,US1096411004
EB,US29975E1091
EBF,US2933891028
EBR,US15234Q2075
EBR.B,US15234Q1085
EBS,US29089Q1058
EC,US2791581091
ECAT,US09262F1003
ECC,US2698081013
ECC-D,US2698098025
ECCB,US2698093075
ECCC,US2698097035
ECCV,US2698098850
ECCW,US2698096045
ECCX,US2698095054
ECCY,US2698094065
ECL,US2788651006
ECL.WD,US2788651006
ECOM,US1591791009
ECT,US26827L1098
ECVT,US27923Q1094
ED,US2091151041
EDD,US6174771047
EDF,US86164T1079
EDI,US86164W1009
EDN,US29244A1025
EDR,US29260Y1091
EDU,US6475812060
EE,US30069T1016
EEA,US2987681028
EEX,US29103W1045
EFC,US28852N1090
EFC-A,US28852N2080
EFC-B,US28852N3070
EFF,US2782841041
EFL,US27831H1005
EFR,US27828Q1058
EFT,US2782791048
EFX,US2944291051
EGF,US09255K1088
EGGF,US26846A1007
EGGF+,US26846A1189
EGGF.UN,US26846A2096
EGHT,US2829141009
EGIF,US26958J1051
EGO,CA2849025093
EGP,US2772761019
EGY,US91851C2017
EHAB,US29332G1022
EHAB*,US29332G1022
EHC,US29261A1007
EHC*,US29261A1189
EHI,US95766B1098
EHT,US27829W1018
EIC,US2698171020
EICA,US2698172010
EIG,US2922181043
EIX,US2810201077
EL,US5184391044
ELAN,US28414H1032
ELAT,US28414H2022
ELC,US29364W1080
ELF,US26856L1035
ELJ,US29364W5040
ELP,US20441B6056
ELS,US29472R1086
ELU,US29364W6030
ELV,US0367521038
ELVT,US28621V1017
ELY,US1311931042
EMD,US95766A1016
EME,US29084Q1004
EMF,US8801911012
EMN,US2774321002
EMO,US18469P2092
EMP,US29364N1081
EMPW,KYG3R39W1020
EMPW+,KYG3R39W1103
EMPW.UN,KYG3R39W1285
EMR,US2910111044
EMWP,IM00BMT7S123
ENB,CA29250N1050
ENBA,US29250N4777
ENBL,US2924801002
ENFN,US2928121043
ENIA,US29274F1049
ENIC,US29278D1054
ENJ,US29364P5098
ENLC,US29336T1007
ENO,US29364P1030
ENOV,US1940145022
ENOV*,US1940145022
ENPC,US30158L1008
ENPC+,US30158L1180
ENPC.UN,US30158L2097
ENR,US29272W1099
ENR-A,US29272W2089
ENS,US29275Y1029
ENV,US29404K1060
ENVA,US29357K1034
ENZ,US2941001024
EOCW,KYG300921031
EOCW+,KYG300921114
EOCW.UN,KYG300921296
EOD,US94987C1036
EOG,US26875P1012
EOI,US2782741050
EOS,US2782771081
EOSE,US29415C1018
EOT,US27829L1052
EP-C,US2836782092
EPAC,US2927651040
EPAM,US29414B1044
EPC,US28035Q1022
EPD,US2937921078
EPR,US26884U1097
EPR-C,US26884U2087
EPR-E,US26884U3077
EPR-G,US26884U5056
EPRT,US29670E1073
EPWR,US29248N1000
EPWR+,US29248N1182
EPWR.UN,US29248N2099
EQC,US2946281027
EQC-D,US2946282017
EQD,US29465E1064
EQD+,US29465E1148
EQD.UN,US29465E2054
EQH,US29452E1010
EQH-A,US29452E2000
EQH-C,US29452E4089
EQHA,US26886A1016
EQHA+,US26886A1198
EQHA.UN,US26886A2006
EQM,US26885B1008
EQNR,US29446M1027
EQR,US29476L1070
EQS,US2947661003
EQT,US26884L1098
ERA,US26885G1094
ERF,CA2927661025
ERJ,US29082A1079
ERO,CA2960061091
EROS,IM00B86NL059
ES,US30040W1080
ESAB,US29605J1060
ESAB*,US29605J1060
ESE,US2963151046
ESGC,IM00BMT7S123
ESI,US28618M1062
ESL,US2974251009
ESM,KYG3195H1048
ESM+,KYG3195H1121
ESM.UN,KYG3195H1204
ESMT,US29283F1030
ESNT,BMG3198U1027
ESRT,US2921041065
ESS,US2971781057
ESTC,NL0013056914
ESTE,US27032D3044
ET,US29273V1008
ET-C,US29273V4077
ET-D,US29273V5066
ET-E,US29273V6056
ETB,US27828X1000
ETD,US2976021046
ETG,US27828S1015
ETH,US2976021046
ETI-,US29365T3023
ETJ,US27829G1067
ETM,US2936391000
ETN,IE00B8KQN827
ETO,US27828U1060
ETP-C,US29278N3017
ETP-D,US29278N4007
ETP-E,US29278N5095
ETR,US29364G1031
ETRN,US2946001011
ETV,US27828Y1082
ETW,US27829C1053
ETWO,US29788T1034
ETWO+,US29788T1117
ETX,US27829U1051
ETY,US27828N1028
EURN,BE0003816338
EV,US2782651036
EVA,US29415B1035
EVC,US29382R1077
EVE,KYG3218G1091
EVE+,KYG3218G1174
EVE.UN,KYG3218G1257
EVEX,US29970N1046
EVEX+,US29970N1129
EVF,US27826S1033
EVG,US27828V1044
EVH,US30050B1017
EVN,US27826U1088
EVR,US29977A1051
EVRG,US30034W1062
EVRI,US30034T1034
EVT,US27828G1076
EVTC,PR30040P1032
EVTL,KYG9471C1078
EVTL+,KYG9471C1151
EW,US28176E1082
EXD,US27829M1036
EXG,US27829F1084
EXK,CA29258Y1034
EXP,US26969P1084
EXPR,US30219E1038
EXR,US30225T1025
EXTN,US30227H1068
EZT,US29365T1043
F,US3453708600
F-B,US3453708451
F-C,US3453708378
F-D,US3453708113
FACA,US3024381069
FACA+,US3024381143
FACA.UN,US3024382059
FACT,KYG3663X1108
FACT+,KYG3663X1280
FACT.UN,KYG3663X1025
FAF,US31847R1023
FAII,US3496421088
FAII+,US3496421161
FAII.UN,US3496422078
FAM,US3373191077
FATH,US31189Y1038
FATH+,US31189Y1111
FBC,US3379307057
FBHS,US34964C1062
FBK,US30257X1046
FBM,US3503921062
FBP,PR3186727065
FBRT,US35243J1016
FBRT-E,US35243J2006
FC,US3534691098
FCAU,NL0010877643
FCAX,KYG364271059
FCAX+,KYG364271216
FCAX.UN,KYG364271133
FCF,US3198291078
FCN,US3029411093
FCPT,US35086T1097
FCRW,US26943B2097
FCRX,US26943B4077
FCRZ,US26943B3087
FCT,US33733U1088
FCX,US35671D8570
FDEU,US33740D1072
FDHA.UN,US32009Y2081
FDP,KYG367381053
FDS,US3030751057
FDX,US31428X1063
FE,US3379321074
FEAC,US34407Y1038
FEAC+,US34407Y1111
FEAC.UN,US34407Y2028
FEDU,US35101A3095
FEI,US33739B1044
FENG,US71910C2026
FEO,US33731K1025
FERG,JE00BJVNSS43
FET,US34984V2097
FF,US36116M1062
FFA,US3373181094
FFC,US3384781007
FFG,US30239F1066
FG,KYG3402M1024
FG+,KYG3402M1107
FGB,US33733G1094
FGNA,US30259V1061
FGNA+,US30259V1145
FGNA.U,US30259V2051
FGNA.UN,US30259V2051
FHI,US3142111034
FHN,US3205171057
FHN-A,US3205172048
FHN-B,US3205175017
FHN-C,US3205176007
FHN-D,US3205178086
FHN-E,US3205174028
FHN-F,US3205178656
FHS,US3205051002
FI,NL0010556684
FICO,US3032501047
FIF,US33738C1036
FIGS,US30260D1037
FINS,US03464A1007
FINS.RT,US03464A1189
FINS.RT*,US03464A1189
FINV,US31810T1016
FIS,US31620M1062
FIT,US33812L1026
FIV,US33740K1016
FIX,US1999081045
FL,US3448491049
FLAG,US3207031010
FLAG+,US3207031192
FLAG.UN,US3207032000
FLC,US3384791089
FLME,US33850F1084
FLME+,US33850F1167
FLME.UN,US33850F2074
FLNG,BMG359472021
FLO,US3434981011
FLOW,US78469X1072
FLR,US3434121022
FLS,US34354P1057
FLT,US3390411052
FLY,US34407D1090
FLYA,KYG824721123
FLYA+,KYG824721206
FLYA.UN,KYG824721040
FMAC,US33765Y1010
FMAC+,US33765Y1192
FMAC.UN,US33765Y2000
FMC,US3024913036
FMN,US31423P1084
FMO,US31647Q2057
FMS,US3580291066
FMX,US3444191064
FMY,US33734E1038
FN,KYG3323L1005
FNA,US69913P1057
FNB,US3025201019
FNB-E,US30255P1030
FND,US3397501012
FNF,US31620R3030
FNV,CA3518581051
FOA,US31738L1070
FOA+,US31738L1153
FOE,US3154051003
FOF,US19248P1066
FOR,US3462321015
FORG,US34631B1017
FOUR,US82452J1097
FOXO+,US3514711155
FPAC,KYG3312L1032
FPAC+,KYG3312L1115
FPAC.UN,KYG3312L1297
FPF,US33718W1036
FPH,US33833Q1067
FPI,US31154R1095
FPI-B,US31154R2085
FPL,US33739M1009
FR,US32054K1034
FRA,US09255X1000
FRAC,US48669A1088
FRC,US33616C1009
FRC-F,US33616C8525
FRC-G,US33616C8376
FRC-H,US33616C8111
FRC-I,US3361588037
FRC-J,US33616C7873
FRC-K,US33616C7618
FRC-L,US33616C7469
FRC-M,US33616C7204
FRC-N,US33616C6966
FREY,LU2360697374
FREY+,LU2360697531
FRF,US34962T1016
FRGE,US34629L1035
FRGE+,US34629L1118
FRO,BMG3682E1921
FRT,US3137451015
FRT-C,US3137452005
FRX,US34619R1023
FRX+,US34619R1106
FRX.UN,US34619R2013
FRXB,US34619V1035
FRXB+,US34619V1118
FRXB.UN,US34619V2025
FSB,US35352P1049
FSD,US33738E1091
FSK,US3026352068
FSKR,US35952V3033
FSLF,US32010E1001
FSLY,US31188V1008
FSM,CA3499151080
FSNB,US36118N1028
FSNB+,US36118N1101
FSNB.UN,US36118N2018
FSPR,US35104D1028
FSR,US33813J1060
FSR+,US33813J1144
FSS,US3138551086
FST,US3118751086
FST+,US3118751169
FST.UN,US3118752076
FT,US3551451038
FTAI,US34960P1012
FTAI-A,US34960P2002
FTAI-B,US34960P3091
FTAI-C,US34960P4081
FTCH,KY30744W1070
FTEV,KYG3R19A1046
FTEV+,KYG3R19A1202
FTEV.UN,KYG3R19A1129
FTHY,US33741Q1076
FTI,GB00BDSFG982
FTK,US3433891021
FTS,CA3495531079
FTV,US34959J1088
FTV*,US34959J1161
FTV-A,US34959J2078
FUBO,US35953D1046
FUL,US3596941068
FUN,US1501851067
FUSE,US36118H1059
FUSE+,US36118H1133
FUSE.UN,US36118H2040
FVAC,US34962V1061
FVAC+,US34962V1145
FVAC.UN,US34962V2051
FVIV,US34964K1088
FVIV+,US34964K1161
FVIV.UN,US34964K2078
FVRR,IL0011582033
FVT,US34964G1076
FVT+,US34964G1159
FVT.UN,US34964G2066
FXLV,US30322L1017
FZT,US3118741012
FZT+,US3118741194
FZT.UN,US3118742002
G,BMG3922B1072
GAB,US3623971013
GAB-G,US3623971765
GAB-H,US3623978612
GAB-J,US3623978539
GAB-K,US3623978463
GAB.RT,US3623972185
GAB.RT*,US3623972185
GAM,US3688021043
GAM-B,US3688024013
GAPA,US36146G1031
GAPA+,US36146G1114
GAPA.UN,US36146G2021
GAQ,KYG382581026
GAQ+,KYG382581281
GAQ.UN,KYG382581109
GATO,US3680361090
GATX,US3614481030
GB,CH0562152865
GB+,CH0562311404
GBAB,US4016641072
GBCI,US37637Q1058
GBL,US3614381040
GBLI,US37959R1032
GBLL,US37959R2022
GBTG,US37890B1008
GBTG+,US37890B1180
GBX,US3936571013
GCAP,US36268W1009
GCI,US36472T1097
GCO,US3715321028
GCP,US36164Y1010
GCV,US36240B1098
GD,US3695501086
GDDY,US3802371076
GDL,US3615701048
GDL-C,US3615704018
GDO,US95790C1071
GDOT,US39304D1028
GDV,US36242H1041
GDV-A,US36242H2031
GDV-G,US36242H7089
GDV-H,US36242H8806
GDV-K,US36242H8640
GE,US3696043013
GEF,US3976241071
GEF.B,US3976242061
GEHI,US74979W1018
GEL,US3719271047
GEN,US37185X1063
GENI,GG00BMF1JR16
GENI+,GG00BMF1JS23
GEO,US36162J1060
GER,US38148G2066
GES,US4016171054
GETY,US3742751056
GETY+,US3742751130
GF,US6444651060
GFF,US3984331021
GFI,US38059T1060
GFL,CA36168Q1046
GFLU,US36168Q1206
GFOR,US3842721009
GFOR+,US3842721181
GFOR.UN,US3842722098
GFX,US38102H1095
GFX+,US38102H1178
GFX.UN,US38102H2085
GFY,US9576671088
GGB,US3737371050
GGG,US3841091040
GGI.UN,KYG420081138
GGM,US40168G1085
GGT,US36239Q1094
GGT-E,US36239Q5053
GGT-G,US36239Q6044
GGT.RT,US36239Q1581
GGT.RT*,US36239Q1581
GGZ,US36249W1045
GGZ-A,US36249W2035
GHC,US3846371041
GHG,US39579V1008
GHL,US3952591044
GHLD,US40172N1072
GHM,US3845561063
GHY,US69346J1060
GIA,US37519U1097
GIA+,US37519U1170
GIA.UN,US37519U2087
GIB,CA12532H1047
GIC,US37892E1029
GIK,US37519D1072
GIK+,US37519D1155
GIK.UN,US37519D2062
GIL,CA3759161035
GIM,US8801981064
GIS,US3703341046
GIX,US3750361004
GIX+,US3750361186
GIX.RT,US3750361269
GIX.UN,US3750362093
GJH,US86311Q2049
GJO,US86312E2000
GJP,US78478P8894
GJR,US8631212086
GJS,US86311R3012
GJT,US86310N2027
GKOS,US3773221029
GL,US37959E1029
GL-C,US37959E2019
GL-D,US37959E3009
GLEO,KYG3770A1022
GLEO+,KYG3770A1105
GLEO.UN,KYG3770A1287
GLOB,LU0974299876
GLOG,BMG375851091
GLOG-A,BMG375851174
GLOP,MHY2687W1084
GLOP-A,MHY2687W1167
GLOP-B,MHY2687W1241
GLOP-C,MHY2687W1324
GLP,US37946R1095
GLP-A,US37946R2085
GLP-B,US37946R3075
GLS,US36850R2040
GLS+,US36850R1133
GLT,US3773201062
GLW,US2193501051
GM,US37045V1008
GME,US36467W1099
GMED,US3795772082
GMRE,US37954A2042
GMRE-A,US37957W2035
GMS,US36251C1036
GMTA,US3614486088
GMZ,US38147W2026
GNC,US36191G1076
GNE,US3722842081
GNE-A,US3722843071
GNK,MHY2685T1313
GNL,US3793782018
GNL-A,US3793783008
GNL-B,US3793784097
GNPK,KYG382451097
GNPK+,KYG382451253
GNPK.UN,KYG382451170
GNRC,US3687361044
GNT,US36465E1010
GNT-A,US36465E2000
GNW,US37247D1063
GOAC,US3620191011
GOAC+,US3620191193
GOAC.UN,US3620192001
GOF,US40167F1012
GOGN,KYG9461B1014
GOGN+,KYG9461B1196
GOGN.UN,KYG9461B1279
GOL,US38045R2067
GOLD,CA0679011084
GOLF,US0050981085
GOOS,CA1350861060
GOTU,US36257Y1091
GPC,US3724601055
GPI,US3989051095
GPJA,US3733344408
GPK,US3886891015
GPM,US40167B1008
GPMT,US38741L1070
GPMT-A,US38741L3050
GPN,US37940X1028
GPOR,US4026355028
GPRK,BMG383271050
GPS,US3647601083
GPX,US36225V1044
GRA,US38388F1084
GRAF,US3842781078
GRAF+,US3842781151
GRAF.UN,US3842782068
GRAM,US38500P2083
GRBK,US3927091013
GRBK-A,US3927092003
GRC,US3830821043
GRMN,CH0114405324
GROV,US39957D1028
GROV+,US39957D1101
GRP.UN,CA3874371147
GRUB,US4001101025
GRX,US36246K1034
GRX-B,US36246K3014
GS,US38141G1040
GS-A,US38143Y6656
GS-C,US38144X6094
GS-D,US38144G8042
GS-J,US38145G3083
GS-K,US38148B1089
GS-N,US38148B5049
GSAH,US36258Q1058
GSAH+,US36258Q1132
GSAH.UN,US36258Q2049
GSBD,US38147U1079
GSH,US40065W1071
GSK,US37733W2044
GSK*,US37733W2044
GSL,MHY271836006
GSL-B,MHY271831213
GSLD,USY271831478
GSQB,KYG420411061
GSQB+,KYG420411228
GSQB.UN,KYG420411145
GSQD,KYG4204R1092
GSQD+,KYG4204R1175
GSQD.UN,KYG4204R1258
GSX,US36257Y1091
GTES,GB00BD9G2S12
GTLS,US16115Q3083
GTN,US3893751061
GTN.A,US3893752051
GTS,PR8967491088
GTT,US3623931009
GTX,US3665051054
GTY,US3742971092
GUG,US40170T1060
GUT,US36240A1016
GUT-A,US36240A2006
GUT-C,US36240A4085
GUT.RT,US36240A1768
GUT.RT*,US36240A1768
GVA,US3873281071
GWB,US3914161043
GWH,US26916J1060
GWH+,US26916J1144
GWR,US3715591059
GWRE,US40171V1008
GWW,US3848021040
GXO,US36262G1013
GXO*,US36262G1013
GYC,US12679R2040
H,US4485791028
HAE,US4050241003
HAL,US4062161017
HASI,US41068X1000
HAYW,US4212981009
HBB,US40701T1043
HBI,US4103451021
HBM,CA4436281022
HCA,US40412C1018
HCC,US93627C1018
HCFT,US44558T1007
HCHC,US4041391073
HCI,US40416E1038
HCR,US4283371098
HCXY,US4270968476
HCXZ,US4270968542
HD,US4370761029
HDB,US40415F1012
HE,US4198701009
HEI,US4228061093
HEI.A,US4228062083
HEP,US4357631070
HEQ,US47804L1026
HES,US42809H1077
HESM,US4281031058
HEXO,CA4283043079
HFC,US4361061082
HFRO,US43010E4044
HFRO-A,US43010E5033
HGH,US4165185046
HGLB,US43010T1043
HGTY,US4051661092
HGTY+,US4051661175
HGV,US43283X1054
HHC,US44267D1072
HHLA,KYG397141030
HHLA+,KYG397141295
HHLA.UN,KYG397141113
HHS,US4161962026
HI,US4315711089
HIE,US6003791018
HIG,US4165151048
HIG-G,US4165186036
HIGA,KYG448981079
HIGA+,KYG448981236
HIGA.UN,KYG448981152
HII,US4464131063
HIL,US4314661012
HIMS,US4330001060
HIMS+,US4330001144
HIO,US95766K1097
HIPO,US4335392027
HIPO+,US4335391110
HIW,US4312841087
HIX,US95766J1025
HIX.RT,US95766J1108
HIX.RT*,US95766J1108
HKD,US00180N1019
HKIB,US00180G1067
HL,US4227041062
HL-B,US4227042052
HLF,KYG4412G1010
HLGN,US42329E1055
HLGN+,US42329E1139
HLI,US4415931009
HLIO,US42328H1095
HLLY,US43538H1032
HLLY+,US43538H1115
HLN,US4055521003
HLN*,US4055521003
HLT,US43300A2033
HLX,US42330P1075
HMA,US42237V1089
HMA+,US42237V1162
HMA.UN,US42237V2079
HMC,US4381283088
HMI,US44331K1034
HMLP,MHY3262R1009
HMLP-A,MHY3262R1181
HMN,US4403271046
HMY,US4132163001
HNGR,US41043F2083
HNI,US4042511000
HNP,US4433041005
HOG,US4128221086
HOMB,US4368932004
HOME,US04650Y1001
HOMS,US13000N1028
HOMS-A,US13000N2018
HON,US4385161066
HOUS,US75605Y1064
HOV,US4424874018
HP,US4234521015
HPE,US42824C1099
HPF,US41013X1063
HPI,US41013W1080
HPP,US4440971095
HPP-C,US4440973075
HPQ,US40434L1052
HPR,US43114K2078
HPS,US41021P1030
HPX,KYG322191001
HPX+,KYG322191266
HPX.UN,KYG322191183
HQH,US87911J1034
HQL,US87911K1007
HR,US42226K1051
HRB,US0936711052
HRC,US4314751029
HRI,US42704L1044
HRL,US4404521001
HRT,US4335371070
HRTG,US42727J1025
HSBC,US4042804066
HSBC-A,US4042806046
HSC,US4158641070
HST,US44107P1049
HSY,US4278661081
HT,US4278255009
HT-C,US4278254010
HT-D,US4278256098
HT-E,US4278257088
HTA,US42225P5017
HTAQ,KYG464821084
HTAQ+,KYG464821241
HTAQ.UN,KYG464821167
HTD,US41013V1008
HTFA,US44045A3005
HTFB,US44045A4094
HTFC,US44045A5083
HTGC,US4270965084
HTH,US4327481010
HTPA,KYG446901087
HTPA+,KYG446901244
HTPA.UN,KYG446901160
HTY,US41013P7490
HTZ,US42806J1060
HUBB,US4435106079
HUBS,US4435731009
HUD,BMG464081030
HUGS,US91748P1003
HUGS+,US91748P1185
HUGS.UN,US91748P2092
HUM,US4448591028
HUN,US4470111075
HUYA,US44852D1081
HVT,US4195961010
HVT.A,US4195962000
HWKZ,US42032P1084
HWKZ+,US42032P1167
HWKZ.UN,US42032P2074
HWM,US4432011082
HXL,US4282911084
HY,US4491721050
HYB,US6418768007
HYI,US95768B1070
HYLN,US4491091074
HYLN+,US4491091157
HYT,US09255P1075
HYT.RT,US09255L1145
HYT.RT*,US09255L1145
HZAC,KYG460491056
HZAC+,KYG460491130
HZAC.UN,KYG460491213
HZN,US44052W1045
HZO,US5679081084
HZON,KYG460441069
HZON+,KYG460441143
HZON.UN,KYG460441226
IAA,US4492531037
IACA,KYG493921061
IACA+,KYG493921145
IACA.UN,KYG493921228
IACB,KYG493931045
IACB+,KYG493931128
IACB.UN,KYG493931201
IACC,KYG4940J1141
IAE,US92912J1025
IAG,CA4509131088
IBA,US4564631087
IBER,KYG468431013
IBER+,KYG468431195
IBER.UN,KYG468431278
IBM,US4592001014
IBM*,US4592001196
IBN,US45104G1040
IBP,US45780R1014
ICD,US4534156066
ICE,US45866F1049
ICL,IL0002810146
ICNC,KYG4712C1078
ICNC+,KYG4712C1151
ICNC.UN,KYG4712C1235
ICR-A,US45781T2050
IDA,US4511071064
IDE,US92912X1019
IDT,US4489475073
IEX,US45167R1041
IFF,US4595061015
IFF*,US4595061015
IFFT,US4595063094
IFIN,KYG478621009
IFIN+,KYG478621264
IFIN.UN,KYG478621181
IFN,US4540891037
IFS,PAL2400671A3
IGA,US92912R1041
IGD,US92912T1007
IGI,US95790A1016
IGR,US12504G1004
IGT,GB00BVG7F061
IH,US45175B1098
IHC,US4534403070
IHD,US92912P1084
IHG,US45857P8068
IHIT,US46135X1081
IHS,KYG4701H1092
IHTA,US46136K1051
IIAC,KYG4771L1059
IIAC+,KYG4771L1133
IIAC.UN,KYG4771L1216
IID,US92912Y1091
IIF,US61745C1053
IIIN,US45774W1080
IIM,US46132P1084
IIPR,US45781V1017
IIPR-A,US45781V2007
IMAX,CA45245E1097
IMPX,KYG010461047
IMPX+,KYG010461120
IMPX.UN,KYG010461203
INAQ,US45784L1008
INAQ+,US45784L1180
INAQ.UN,US45784L2097
INFA,US45674M1018
INFO,BMG475671050
INFY,US4567881085
ING,US4568371037
INGR,US4571871023
INN,US8660821005
INN-D,US8660825063
INN-E,US8660826053
INN-F,US8660827044
INS,US45816D1000
INSI,US45781W1099
INSP,US4577301090
INST,US4577901030
INSW,MHY410531021
INSW-A,US46032V1061
INT,US9814751064
INVH,US46187W1071
INXN,NL0009693779
IO,US4620442073
IONQ,US46222L1089
IONQ+,US46222L1162
IOT,US79589L1061
IP,US4601461035
IP*,US4601461290
IPG,US4606901001
IPHI,US45772F1075
IPI,US46121Y2019
IPOB,KYG8250T1094
IPOB+,KYG8250T1250
IPOB.UN,KYG8250T1177
IPOC,KYG8251K1076
IPOC+,KYG8251K1159
IPOC.UN,KYG8251K1233
IPOD,KYG825141032
IPOD+,KYG825141115
IPOD.UN,KYG825141297
IPOE,KYG8252P1054
IPOE+,KYG8252P1138
IPOE.UN,KYG8252P1211
IPOF,KYG8251L1059
IPOF+,KYG8251L1133
IPOF.UN,KYG8251L1216
IPV,US46064A1034
IPV+,US46064A1117
IPV.UN,US46064A2024
IPVA,US46064Q1085
IPVA+,US46064Q1168
IPVA.UN,US46064Q2075
IPVF,US46064R1068
IPVF+,US46064R1142
IPVF.UN,US46064R2058
IQI,US46133G1076
IQV,US46266C1053
IR,US45687V1061
IRET,US4617305093
IRET-C,US4617304005
IRL,US6456731040
IRM,US46284V1017
IRNT,US46323Q1058
IRNT+,US46323Q1132
IRR,US92913C1062
IRRX,US45827R1068
IRRX+,US45827R1142
IRRX.UN,US45827R2058
IRS,US4500472042
IRS+,ARIRSA100224
IRT,US45378A1060
IS,IL0011763799
ISD,US69346H1005
ISOS,KYG4962C1125
ISOS+,KYG4962C1042
ISOS.UN,KYG4962C1208
IT,US3666511072
ITCB,US45033E1055
ITCB.RT,US45033E1139
ITCB.RT*,US45033E1139
ITGR,US45826H1095
ITT,US45073V1089
ITUB,US4655621062
ITW,US4523081093
IVAN,KYG4R87P1144
IVAN+,KYG4R87P1060
IVAN.UN,KYG4R87P1227
IVC,US4612031017
IVH,US2461071068
IVR,US46131B7047
IVR-A,US46131B2097
IVR-B,US46131B4077
IVR-C,US46131B5066
IVT,US46124J2015
IVZ,BMG491BT1088
IX,US6863301015
J,US46982L1089
JATT,KYG507521071
JATT+,KYG507521238
JATT.UN,KYG507521154
JAX,US46609J1060
JBGS,US46590V1008
JBI,US47103N1063
JBI+,US47103N1147
JBK,US21988K8595
JBL,US4663131039
JBT,US4778391049
JCAP,US4764051052
JCAP-B,US4764052043
JCE,US67090X1072
JCI,IE00BY7QL619
JCO,US67075U1025
JDD,US6706EP1058
JE,CA48213W4083
JE-A,CA48213W2004
JEF,US47233W1099
JELD,US47580P1030
JEMD,US67077P1012
JEQ,US00306J1097
JFR,US67072T1088
JGH,US67075G1031
JHAA,US67079F1012
JHB,US67077N1063
JHG,JE00BYPZJM29
JHI,US4101421034
JHS,US4101231037
JHX,US47030M1062
JHY,US67075L1026
JIH,US48205G1067
JIH+,US48205G1141
JIH.UN,US48205G2057
JILL,US46620W2017
JKS,US47759T1007
JLL,US48020Q1076
JLS,US6707351093
JMIA,US48138M1053
JMM,US67075J1079
JMP,US46629U1079
JNJ,US4781601046
JNPR,US48203R1041
JOBY,KYG651631007
JOBY+,KYG651631189
JOE,US7901481009
JOF,US47109U1043
JP,US48205B1070
JPC,US67073B1061
JPI,US67075A1060
JPM,US46625H1005
JPM-C,US48128B6487
JPM-D,US48128B6552
JPM-G,US48127X5427
JPM-H,US48127V8274
JPM-J,US48128B6222
JPM-K,US48128B5802
JPM-L,US48128B5497
JPM-M,US48128B5232
JPS,US67072C1053
JPT,US67075T1051
JQC,US67073D1028
JRI,US67074Y1055
JRO,US6706EN1001
JRS,US67071B1089
JSD,US67074X1072
JT,US47738D3098
JTA,US67090H1023
JTD,US67073G1058
JUN,US48203N1037
JUN+,US48203N1110
JUN.UN,US48203N2027
JW.A,US9682232064
JW.B,US9682233054
JWN,US6556641008
JWS,KYG507441049
JWS+,KYG507441122
JWS.UN,KYG507441205
JWSM,KYG507371089
JWSM+,KYG507371246
JWSM.UN,KYG507371162
JXN,US46817M1071
JXN*,US46817M1071
K,US4878361082
KAHC,US48253T1097
KAHC+,US48253T1170
KAHC.UN,US48253T2087
KAI,US48282T1043
KAMN,US4835481031
KAR,US48238T1097
KB,US48241A1051
KBH,US48666K1097
KBR,US48242W1062
KCA.UN,KYG525191576
KCAC,US49006L1044
KCAC+,US49006L1127
KCAC+A,KYG525191162
KCAC.UN,US49006L2034
KCGI,KYG5251K1031
KCGI+,KYG5251K1296
KCGI.UN,KYG5251K1114
KD,US50155Q1004
KD*,US50155Q1004
KDC,CA49926X1050
KDMN,US48283N1063
KDP,US49271V1008
KEM,US4883602074
KEN,SG9999012629
KEP,US5006311063
KEX,US4972661064
KEY,US4932671088
KEY-I,US4932677028
KEY-J,US4932678760
KEY-K,US4932678687
KEY-L,US4932678430
KEYS,US49338L1035
KF,US5006342092
KFS,US4969042021
KFY,US5006432000
KGC,CA4969024047
KIM,US49446R1095
KIM-L,US49446R7373
KIM-M,US49446R7118
KIND,US65345M1080
KIO,US48249T1060
KKR,US48251W1045
KKR-A,US48251W2035
KKR-B,US48251W3025
KKR-C,US48251W4015
KKRS,US48253M1045
KL,CA49741E1007
KLC,US49456W1053
KLR,US4833791035
KMB,US4943681035
KMF,US48661E1082
KMI,US49456B1017
KMPA,US4884012091
KMPB,US4884013081
KMPR,US4884011002
KMT,US4891701009
KMX,US1431301027
KN,US49926D1090
KNL,US4989042001
KNOP,MHY481251012
KNSL,US49714P1084
KNSW,US4991031091
KNSW+,US4991031174
KNSW.UN,US4991032081
KNX,US4990491049
KO,US1912161007
KODK,US2774614067
KOF,US1912411089
KOP,US50060P1066
KORE,US50066V1070
KORE+,US50066V1153
KOS,US5006881065
KR,US5010441013
KRA,US50077C1062
KRC,US49427F1084
KREF,US48251K1007
KREF-A,US48251K2096
KRG,US49803T3005
KRO,US50105F1057
KRP,US49435R1023
KSM,US23342Q1013
KSS,US5002551043
KSU,US4851703029
KSU-,US4851702039
KT,US48268K1016
KTB,US50050N1037
KTF,US2333681094
KTH,US22080R2067
KTN,US22532R1014
KUKE,US5012291085
KW,US4893981070
KWAC,US4968611057
KWAC+,US4968611131
KWAC.UN,US4968612048
KWR,US7473161070
KYN,US4866061066
L,US5404241086
LAC,CA53680Q2071
LAD,US5367971034
LADR,US5057431042
LAIX,US50736W2044
LAW,US1263271058
LAZ,BMG540501027
LB,US5017971046
LBRT,US53115L1044
LC,US52603A2087
LCI,US5160121019
LCII,US50189K1034
LCW,KYG541571058
LCW+,KYG541571132
LCW.UN,KYG541571215
LDI,US53946R1068
LDL,US5508191062
LDOS,US5253271028
LDP,US19248C1053
LEA,US5218652049
LEAF,US52177G1022
LEAP,KYG7552B1059
LEAP+,KYG7552B1133
LEAP.UN,KYG7552B1216
LEE,US5237684064
LEG,US5246601075
LEJU,US50187J2078
LEN,US5260571048
LEN.B,US5260573028
LEO,US05588W1080
LEV,CA5362211040
LEV+,CA5362211123
LEVI,US52736R1023
LFC,US16939P1066
LFG,US03940F1030
LFG+,US03940F1113
LFT,US55025L1089
LFT-A,US55025L2079
LFT.RT,US55025L1162
LFT.RT*,US55025L1162
LGC,US5246431036
LGC+,US5246431119
LGC.UN,US5246432026
LGF.A,CA5359194019
LGF.B,CA5359195008
LGI,US52106W1036
LGV,US54319Q1058
LGV+,US54319Q1132
LGV.UN,US54319Q2049
LGVW,US5431951012
LGVW+,US5431951194
LGVW.UN,US5431952002
LH,US50540R4092
LHC,KYG5463R1020
LHC+,KYG5463R1285
LHC.UN,KYG5463R1103
LHX,US5024311095
LICY,CA50202P1053
LICY+,CA50202P1137
LII,US5261071071
LIII,KYG5463T1085
LIII+,KYG5463T1242
LIII.UN,KYG5463T1168
LIN,IE00BZ12WP82
LINX,US53619W1018
LITB,US53225G1022
LL,US55003T1079
LLAP,US88105P1030
LLAP+,US88105P1113
LLY,US5324571083
LM,US5249011058
LMHA,US5249015018
LMHB,US5249016008
LMND,US52567D1072
LMT,US5398301094
LN,US53567X1019
LNC,US5341871094
LND,US10554B1044
LNFA,KYG537021092
LNFA+,KYG537021175
LNFA.UN,KYG537021258
LNN,US5355551061
LOAK,US53804F1030
LOAK+,US53804F1113
LOAK.UN,US53804F2020
LOCC,US5380861097
LOCC+,US5380861170
LOCC.UN,US5380862087
LOCL,US53960E1064
LOCL+,US53960E1148
LOKB,US53804W1062
LOKB+,US53804W1146
LOKB.UN,US53804W2052
LOKM,US5381261032
LOKM+,US5381261115
LOKM.UN,US5381262022
LOMA,US54150E1047
LOW,US5486611073
LPG,MHY2106R1100
LPI,US5168062058
LPL,US50186V1026
LPX,US5463471053
LRN,US86333M1080
LSI,US53223X1072
LSPD,CA53229C1077
LTC,US5021751020
LTH,US53190C1027
LTHM,US53814L1089
LTM,US51817R1068
LU,US54975P1021
LUB,US5492821013
LUMN,US5502411037
LUV,US8447411088
LVS,US5178341070
LVWR,US53838J1051
LVWR+,US53838J1135
LW,US5132721045
LXFR,GB00BNK03D49
LXP,US5290431015
LXP-C,US5290433094
LXU,US5021601043
LYB,NL0009434992
LYG,US5394391099
LYV,US5380341090
LZB,US5053361078
M,US55616P1049
MA,US57636Q1040
MAA,US59522J1034
MAA-I,US59522J8898
MAC,US5543821012
MACC,US60501L1017
MACC+,US60501L1199
MACC.UN,US60501L2007
MAIN,US56035L1044
MAN,US56418H1005
MANU,KYG5784H1065
MAS,US5745991068
MATV,US8085411069
MATX,US57686G1058
MAV,US7237621005
MAX,US58450V1044
MAXR,US57778K1051
MBAC,US5538001034
MBAC+,US5538001117
MBAC.UN,US5538002024
MBI,US55262C1009
MBSC,US55407R1032
MBSC+,US55407R1115
MBSC.UN,US55407R2022
MBT,US6074091090
MC,US60786M1053
MCA,US09254N1037
MCB,US5917741044
MCC,US58503F5026
MCD,US5801351017
MCG,US5860011098
MCI,US06759X1072
MCK,US58155Q1031
MCN,US5574371002
MCO,US6153691059
MCR,US5527271093
MCRN,US59870L1061
MCS,US5663301068
MCV,US58503F3047
MCW,US60646V1052
MCX,US58503F4037
MCY,US5894001008
MD,US58502B1061
MDC,US5526761086
MDH,US55283P1066
MDH+,US55283P1140
MDH.UN,US55283P2056
MDLA,US5840211099
MDLQ,US58503Y2046
MDLX,US58503Y1055
MDLY,US58503T2050
MDP,US5894331017
MDT,IE00BTN1Y115
MDU,US5526901096
MDV,US60784B1017
MDV-A,US60784B2007
MDVA,US60784B2007
MEC,US5786051079
MED,US58470H1014
MEG,US6151111019
MEGI,US56064Q1076
MEI,US5915202007
MEN,US09253Y1001
MER-K,US0605051798
MET,US59156R1086
MET-A,US59156R5046
MET-E,US59156R8768
MET-F,US59156R8503
MFA,US55272X6076
MFA-B,US55272X4097
MFA-C,US55272X5086
MFAC,US58518F1093
MFAC+,US58518F1176
MFAC.UN,US58518F2083
MFC,CA56501R1064
MFD,US55607W1009
MFG,US60687Y1091
MFGP,US5948374039
MFL,US09254P1084
MFM,US5527381066
MFO,US55272X3008
MFT,US09254T1007
MFV,US55274E1029
MG,US60649T1079
MGA,CA5592224011
MGF,US5529391006
MGM,US5529531015
MGP,US55303A1051
MGR,US0082528508
MGRB,US0082528433
MGRD,US0082528359
MGU,US55608D1019
MGY,US5596631094
MH-A,BMG5753U1201
MH-C,BMG5753U1383
MH-D,BMG5753U1466
MHD,US09253N1046
MHE,US09258E1091
MHF,US95766N1037
MHI,US7237631087
MHK,US6081901042
MHLA,US5602923022
MHN,US09255C1062
MHNC,US56029Q4082
MHO,US55305B1017
MIC,US55608B1052
MIE,US19249B1061
MIN,US55273C1071
MIO,US7237601049
MIR,US60471A1016
MIR+,US60471A1198
MIT,US57520Y1064
MIT+,US57520Y1148
MIT.UN,US57520Y2054
MITT,US0012285013
MITT-A,US0012282044
MITT-B,US0012283034
MITT-C,US0012284024
MIXT,US60688N1028
MIY,US09254V1052
MKC,US5797802064
MKC.V,US5797801074
MKFG,US57064N1028
MKFG+,US57064N1101
MKL,US5705351048
ML,US60938K1060
ML+,US60938K1144
MLI,US6247561029
MLM,US5732841060
MLNK,US58985J1051
MLP,US5773451019
MLR,US6005512040
MMC,US5717481023
MMD,US56064K1007
MMI,US5663241090
MMM,US88579Y1010
MMM.WD,US88579Y1010
MMP,US5590801065
MMS,US5779331041
MMT,US5527371083
MMU,US95766M1053
MN,US56382Q1022
MNE,US09255F1093
MNK,IE00BBGT3753
MNP,US95766P1084
MNR,US6097201072
MNR-C,US6097204043
MNRL,US10918L1035
MNSO,US66981J1025
MNTN,US29978K1025
MNTN+,US29978K1108
MNTN.UN,US29978K2015
MO,US02209S1033
MOD,US6078281002
MODG,US1311931042
MODN,US6075251024
MOG.A,US6153942023
MOG.B,US6153943013
MOGU,US6080123085
MOH,US60855R1005
MOS,US61945C1036
MOTV,KYG6293A1031
MOTV+,KYG6293A1114
MOTV.UN,KYG6293A1296
MOV,US6245801062
MP,US5533681012
MP+,US5533681194
MPA,US09255G1076
MPC,US56585A1025
MPLN,US62548M1009
MPLN+,US62548M1181
MPLX,US55336V1008
MPV,US06761A1034
MPW,US58463J3041
MPX,US5684271084
MQT,US09254G1085
MQY,US09254F1003
MR,US61179L1008
MRC,US55345K1034
MRK,US58933Y1055
MRK*,US58933Y1139
MRO,US5658491064
MS,US6174464486
MS-A,US61747S5047
MS-E,US61762V2007
MS-F,US61763E2072
MS-I,US61761J4067
MS-K,US61762V6065
MS-L,US61762V8046
MS-O,US61762V8616
MS-P,US61762V8533
MSA,US5534981064
MSB,US5906721015
MSC,US86389T1060
MSCI,US55354G1004
MSD,US61744H1059
MSGE,US55826T1025
MSGN,US5535731062
MSGS,US55825T1034
MSI,US6200763075
MSM,US5535301064
MSP,US23821D1000
MT,US03938L2034
MTAL,KYG604051006
MTAL+,KYG604051261
MTAL.UN,KYG604051188
MTB,US55261F1049
MTB-H,US55261F8721
MTCN,US03938L3024
MTD,US5926881054
MTDR,US5764852050
MTG,US5528481030
MTH,US59001A1025
MTL,US5838406081
MTL-,US5838405091
MTN,US91879Q1094
MTOR,US59001K1007
MTR,US5906601068
MTRN,US5766901012
MTT,US95768A1097
MTVC,KYG6293R1065
MTVC+,KYG6293R1149
MTVC.UN,KYG6293R1222
MTW,US5635714059
MTX,US6031581068
MTZ,US5763231090
MUA,US09254J1025
MUC,US09254L1070
MUE,US09254C1071
MUFG,US6068221042
MUH,US09253P1093
MUI,US09253X1028
MUJ,US09254X1019
MUR,US6267171022
MUS,US09254A1016
MUSA,US6267551025
MUX,US58039P3055
MVC,US5538291023
MVCD,US5538294092
MVF,US09253R1059
MVO,US5538591091
MVT,US09253T1016
MWA,US6247581084
MX,US55933J2033
MXE,US5928341057
MXF,US5928351023
MXL,US57776J1007
MYC,US09254M1053
MYD,US09253W1045
MYE,US6284641098
MYF,US09254R1041
MYI,US09254E1038
MYJ,US09254Y1091
MYN,US09255E1029
MYOV,BMG637AM1024
MYTE,US55406W1036
MZA,US09254K1097
NABL,US62878D1000
NABL*,US62878D1000
NAC,US67066Y1055
NAD,US67066V1017
NAN,US67066X1072
NAPA,US26414D1063
NAT,BMG657731060
NAV,US63934E1082
NAV-D,US6389013060
NAZ,US67061W1045
NBA.UN,US64222H2094
NBB,US67074C1036
NBHC,US6337071046
NBR,BMG6359F1370
NBR-A,BMG6359F1297
NBXG,US64133Q1085
NC,US6295791031
NCA,US67062C1071
NCB,US6706EB1062
NCI,US63935N1072
NCLH,BMG667211046
NCR,US62886E1082
NCV,US92838X1028
NCV-A,US92838X7066
NCZ,US92838U1088
NCZ-A,US92838U7028
NDMO,US67079X1028
NDP,US89148K2006
NE,GB00BMXNWH07
NEA,US6706571055
NEE,US65339F1012
NEE-I,US65339K8036
NEE-J,US65339K8861
NEE-K,US65339K1007
NEE-N,US65339K8606
NEE-O,US65339F7969
NEE-P,US65339F7704
NEE-Q,US65339F7399
NEM,US6516391066
NEP,US65341B1061
NET,US18915M1071
NETC,US6295671084
NETC+,US6295671167
NETC.UN,US6295672074
NETI,MHY2294C1075
NEU,US6515871076
NEV,US67074M1018
NEW,US74704P4054
NEWR,US64829B1008
NEX,US65290C1053
NEXA,LU1701428291
NFG,US6361801011
NFH,KYG6461G1064
NFH+,KYG6461G1148
NFJ,US92840R1014
NFNT,KYG480281073
NFNT+,KYG480281230
NFNT.UN,KYG480281156
NFYS,KYG3167L1095
NFYS+,KYG3167L1178
NFYS.UN,KYG3167L1251
NGA,US66516T1043
NGA+,US66516T1126
NGA.UN,US66516T2033
NGAB,US66516U1016
NGAB+,US66516U1198
NGAB.UN,US66516U2006
NGC,US66516W1071
NGC+,US66516W1154
NGC.UN,US66516W2061
NGG,US6362744095
NGL,US62913M1071
NGL-B,US62913M2061
NGL-C,US62913M3051
NGLS-A,US87611X2045
NGS,US63886Q1094
NGVC,US63888U1088
NGVT,US45688C1071
NHA,US6706871026
NHF,US65340G2057
NHF-A,US65340G3048
NHI,US63633D1046
NI,US65473P1057
NI-B,US65473P8813
NIC,US65406E1029
NID,US6706711065
NIE,US92841M1018
NIM,US67061T1016
NIMC,US65473P1214
NINE,US65441V1017
NIO,US62914V1061
NIQ,US6706771036
NJR,US6460251068
NJV,US6707021092
NKE,US6541061031
NKG,US67072B1070
NKX,US6706511085
NL,US6291564077
NLS,US63910B1026
NLSN,GB00BWFY5505
NLY,US0357108390
NLY-D,US0357108051
NLY-F,US0357108705
NLY-G,US0357108622
NLY-I,US0357108473
NM,MHY621971198
NM-G,US63938Y1001
NM-H,US63938Y3080
NMAI,US6707501085
NMCO,US6706631032
NMFC,US6475511001
NMFX,US6475512090
NMG,CA66979W8429
NMI,US67062J1025
NMK-B,US6535223001
NMK-C,US6535224090
NMM,MHY622674098
NMR,US65535H2085
NMS,US6707341029
NMT,US67061E1047
NMY,US67061Q1076
NMZ,US6706821039
NNA,MHY621591434
NNI,US64031N1081
NNN,US6374171063
NNN-F,US6374178746
NNY,US67062M1053
NOA,CA6568111067
NOAH,US65487X1028
NOC,US6668071029
NOG,US6655313079
NOK,US6549022043
NOM,US67060Q1085
NOMD,VGG6564A1057
NOTE,US3376551046
NOTE+,US3376551129
NOV,US62955J1034
NOVA,US86745K1043
NOW,US81762P1021
NP,US6400791090
NPCT,US67080D1037
NPFD,US67080R1023
NPK,US6372151042
NPN,US67074K1051
NPO,US29355X1072
NPTN,US64051T1007
NPV,US67064R1023
NQP,US6709721087
NR,US6517185046
NRDY,US64081V1098
NRDY+,US64081V1171
NRE,US66706L1017
NREF,US65342V1017
NREF-A,US65342V4086
NRG,US6293775085
NRGV,US29280W1099
NRGV+,US29280W1172
NRGX,US69346N1072
NRK,US6706561072
NRP,US63900P6088
NRT,US6593101065
NRUC,US6374321056
NRZ,US64828T2015
NRZ-A,US64828T3005
NRZ-B,US64828T4094
NRZ-C,US64828T5083
NRZ-D,US64828T7063
NS,US67058H1023
NS-A,US67058H2013
NS-B,US67058H3003
NS-C,US67058H4092
NSA,US6378701063
NSA-A,US6378702053
NSC,US6558441084
NSCO,US64083J1043
NSCO+,US64083J1126
NSH,US6393581003
NSH+,US6393581185
NSH.UN,US6393582092
NSL,US67067Y1047
NSP,US45778Q1076
NSR,CA65532M6062
NSS,US67059T2042
NSTB,US66573W1071
NSTB+,US66573W1154
NSTB.UN,US66573W2061
NSTC,US66574L1008
NSTC+,US66574L1180
NSTC.UN,US66574L2097
NSTD,US66575B1017
NSTD+,US66575B1199
NSTD.UN,US66575B2007
NTB,BMG0772R2087
NTCO,US63884N1081
NTG,US89148B2007
NTP,VGG639071023
NTR,CA67077M1086
NTST,US64119V3033
NTZ,US63905A2006
NU,KYG6683N1034
NUE,US6703461052
NUM,US6709791031
NUO,US6709801012
NUS,US67018T1051
NUV,US6709281009
NUVB,US67080N1019
NUVB+,US67080N1191
NUW,US6706951059
NVG,US67071L1061
NVGS,MHY621321089
NVO,US6701002056
NVR,US62944T1051
NVRO,US64157F1030
NVS,US66987V1098
NVST,US29415F1049
NVT,IE00BDVJJQ56
NVTA,US46185L1035
NWE,US6680743050
NWG,US6390572070
NWG*,US6390572070
NWHM,US6453701079
NWN,US66765N1054
NX,US7476191041
NXC,US67063R1032
NXDT,US65340G2057
NXDT-A,US65340G3048
NXE,CA65340P1062
NXJ,US67069Y1029
NXN,US67063V1044
NXP,US67062F1003
NXQ,US67063C1062
NXR,US67063X1000
NXRT,US65341D1028
NXU,US67012W1045
NXU+,US67012W1128
NXU.UN,US67012W2035
NYC,US6494392052
NYCB,US6494451031
NYCB-A,US6494452021
NYCB-U,US64944P3073
NYT,US6501111073
NYV,US6707061007
NZF,US67070X1019
O,US7561091049
O*,US7561091122
OAC,KYG671451055
OAC+,KYG671451139
OAC.UN,KYG671451212
OACB,KYG6715X1034
OACB+,KYG6715X1117
OACB.UN,KYG6715X1299
OAK,US6740012017
OAK-A,US6740013007
OAK-B,US6740014096
OC,US6907421019
OCA,US68218L1089
OCA+,US68218L1162
OCA.UN,US68218L2079
OCFT,US68248T1051
OCN,US6757466064
ODC,US6778641000
ODV,CA68828E8099
OEC,LU1092234845
OFC,US22002T1088
OFG,PR67103X1020
OFG-A,PR67103X2010
OFG-B,PR67103X3000
OFG-D,PR67103X4099
OG,US68277G1076
OGE,US6708371033
OGN,US68622V1061
OGN*,US68622V1061
OGS,US68235P1084
OHI,US6819361006
OI,US67098H1041
OIA,US46132X1019
OIBR.C,US6708515001
OII,US6752321025
OIS,US6780261052
OKE,US6826801036
OLN,US6806652052
OLO,US68134L1098
OLP,US6824061039
OMC,US6819191064
OMF,US68268W1036
OMI,US6907321029
ONDK,US6821631008
ONE,US68276W4006
ONL,US68629Y1038
ONL*,US68629Y1038
ONON,CH1134540470
ONS.UN,KYG675601218
ONTF,US68339B1044
ONTO,US6833441057
OOMA,US6834161019
OPA,KYG5S70A1049
OPA+,KYG5S70A1122
OPA.UN,KYG5S70A1205
OPAD,US67623L1098
OPAD+,US67623L1171
OPFI,US68386H1032
OPFI+,US68386H1115
OPP,US76882G1076
OPP-A,US76882G2066
OPP-B,US76882G4047
OPP.RT,US76882G1647
OPP.RT*,US76882G1647
OPY,US6837971042
OR,CA68827L1013
ORA,US6866881021
ORAN,US6840601065
ORC,US68571X3017
ORCC,US69121K1043
ORCL,US68389X1054
ORI,US6802231042
ORN,US68628V3087
OSB,CA65548P4033
OSCR,US6877931096
OSG,US69036R8631
OSH,US67181A1079
OSI,US68829A1034
OSI+,US68829A1117
OSI.UN,US68829A2024
OSK,US6882392011
OTIS,US68902V1070
OUST,US68989M1036
OUST+,US68989M1119
OUT,US69007J1060
OVV,US69047Q1022
OWL,US09581B1035
OWL+,US09581B1118
OWLT,US69120X1072
OWLT+,US69120X1155
OXM,US6914973093
OXY,US6745991058
OXY+,US6745991629
OXY+*,US6745991629
PAA,US7265031051
PAC,US4005061019
PACD,LU1405802361
PACE,KYG8990Y1035
PACE+,KYG8990Y1290
PACE.UN,KYG8990Y1118
PACI,US74349W1045
PACI+,US74349W1128
PACI.UN,US74349W2035
PACK,US75321W1036
PACK+,US75321W1119
PAG,US70959W1036
PAGP,US72651A2078
PAGS,KYG687071012
PAI,US95766T1007
PAM,US6976602077
PANA,US6981021008
PANA+,US6981021180
PANA.UN,US6981022097
PANW,US6974351057
PAR,US6988841036
PARR,US69888T2078
PATH,US90364P1057
PAXS,US72203T1007
PAY,US70439P1084
PAYC,US70432V1026
PB,US7436061052
PBA,CA7063271034
PBB,US74348T3005
PBC,US74348T1108
PBF,US69318G1067
PBFX,US69318Q1040
PBH,US74112D1019
PBI,US7244791007
PBI-B,US7244795065
PBR,US71654V4086
PBR.A,US71654V1017
PBT,US7142361069
PBY,US74348T4094
PCF,US42968F1084
PCG,US69331C1080
PCGU,US69331C1403
PCI,US72202D1063
PCK,US72200M1080
PCM,US69323T1016
PCN,US72200U1007
PCOR,US74275K1088
PCPC,US7138951006
PCPC+,US7138951188
PCPC.UN,US7138952095
PCPL,KYG1992Y1145
PCPL+,KYG1992Y1228
PCPL.UN,KYG1992Y1061
PCQ,US72200N1063
PD,US69553P1003
PDAC,KYG7008A1159
PDAC+,KYG7008A1076
PDAC.UN,KYG7008A1233
PDI,US72201Y1010
PDM,US7201902068
PDO,US69355M1071
PDOT,KYG7008B1059
PDOT+,KYG7008B1216
PDOT.UN,KYG7008B1133
PDS,CA74022D4075
PDT,US41013T1051
PE,US7018771029
PEAK,US42250P1030
PEB,US70509V1008
PEB-C,US70509V4077
PEB-D,US70509V5066
PEB-E,US70509V6056
PEB-F,US70509V7047
PEB-G,US70509V8037
PEB-H,US70509V8862
PEG,US7445731067
PEI,US7091028008
PEI-B,US7091025038
PEI-C,US7091026028
PEI-D,US7091027018
PEN,US70975L1070
PEO,US00548F1057
PER,US80007A1025
PFD,US3384801060
PFE,US7170811035
PFE*,US7170811290
PFGC,US71377A1034
PFH,US7443208886
PFL,US72201H1086
PFLT,US70806A1060
PFN,US72201J1043
PFO,US33848E1064
PFS,US74386T1051
PFSI,US70932M1071
PG,US7427181091
PGP,US7220111030
PGR,US7433151039
PGRE,US69924R1086
PGRU,KYG7258M1087
PGSS,KYG697681024
PGSS+,KYG697681107
PGSS.UN,KYG697681289
PGTI,US69336V1017
PGZ,US74255X1046
PH,US7010941042
PHCC,US7411721001
PHD,US72369J1025
PHG,US5004723038
PHI,US69344D4088
PHK,US7220141078
PHM,US7458671010
PHR,US71944F1066
PHT,US72369H1068
PHX,US69291A1007
PHYT,KYG7308P1019
PHYT+,KYG7308P1274
PHYT.UN,KYG7308P1191
PIAI,KYG610741038
PIAI+,KYG610741293
PIAI.UN,KYG610741111
PIC,US72582K1007
PIC+,US72582K1189
PIC.UN,US72582K2096
PICC,US72582M1062
PICC+,US72582M1146
PICC.UN,US72582M2052
PII,US7310681025
PIM,US7469091000
PINE,US02083X1037
PING,US72341T1034
PINS,US72352L1061
PIPP,US7226151014
PIPP+,US7226151196
PIPP.UN,US7226152004
PIPR,US7240781002
PJH,US7443206070
PJT,US69343T1079
PK,US7005171050
PKE,US70014A1043
PKG,US6951561090
PKI,US7140461093
PKO,US72202B1008
PKX,US6934831099
PL,US72703X1063
PL+,US72703X1147
PLAN,US03272L1089
PLD,US74340W1036
PLNT,US72703H1014
PLOW,US25960R1059
PLT,US7274931085
PLTR,US69608A1088
PLYM,US7296401026
PM,US7181721090
PMF,US72200R1077
PML,US72200W1062
PMM,US7468231037
PMO,US7469221037
PMT,US70931T1034
PMT-A,US70931T3014
PMT-B,US70931T4004
PMT-C,US70931T5092
PMVC,US6934861021
PMVC+,US6934861104
PMVC.UN,US6934862011
PMX,US72201A1034
PNC,US6934751057
PNC-P,US6934758573
PNC-Q,US6934758326
PNF,US72200T1034
PNI,US72200Y1029
PNM,US69349H1077
PNNT,US7080621045
PNR,IE00BLS09M33
PNTM,KYG717071065
PNTM+,KYG717071222
PNTM.UN,KYG717071149
PNW,US7234841010
POL,US73179P1066
POLY,US7274931085
POND,KYG0447J1022
POND+,KYG0447J1287
POND.UN,KYG0447J1105
POR,US7365088472
PORT,US84465L1052
PORT+,US84465L1136
PORT.UN,US84465L2043
POST,US7374461041
POST*,US7374461207
PPG,US6935061076
PPL,US69351T1060
PPR,US92913A1007
PPT,US7468531006
PPX,US69352P2020
PQG,US73943T1034
PR,US71424F1057
PRA,US74267C1062
PRBM,US69901P1093
PRBM+,US69901P1176
PRBM.UN,US69901P2083
PRE-F,BMG686031284
PRE-G,BMG686031367
PRE-H,BMG686031441
PRE-I,BMG686031516
PRE-J,BMG686031698
PRG,US74319R1014
PRG*,US74319R1014
PRGO,IE00BGH1M568
PRH,US7443208704
PRI,US74164M1080
PRIF-A,US74274W1036
PRIF-B,US74274W2026
PRIF-C,US74274W3016
PRIF-D,US74274W4006
PRIF-E,US74274W8304
PRIF-F,US74274W8221
PRIF-G,US74274W8148
PRIF-H,US74274W7983
PRIF-I,US74274W7801
PRIF-J,US74274W7728
PRIF-K,US74274W7645
PRIF-L,US74274W7561
PRLB,US7437131094
PRM,LU2391723694
PRMI,US7414061025
PRMW,CA74167P1080
PRO,US74346Y1038
PROS,US74349J1034
PRPB,KYG3166T1031
PRPB+,KYG3166T1114
PRPB.UN,KYG3166T1296
PRPC,KYG1992N1007
PRPC+,KYG1992N1262
PRPC.UN,KYG1992N1189
PRS,US7443208050
PRSP,US7153471005
PRT,US7142541090
PRTY,US7021491052
PRU,US7443201022
PSA,US74460D1090
PSA-B,US74460W7763
PSA-C,US74460W7508
PSA-D,US74460W7359
PSA-E,US74460W7193
PSA-F,US74460W6856
PSA-G,US74460W6690
PSA-H,US74460W6443
PSA-I,US74460W6286
PSA-J,US74460W5940
PSA-K,US74460W5783
PSA-L,US74460W5528
PSA-M,US74460W5379
PSA-N,US74460W5114
PSA-O,US74460W4877
PSA-P,US74460W4612
PSA-Q,US74460W4463
PSA-R,US74460W4208
PSA-S,US74460W3960
PSA-V,US74460W8001
PSA-V.CL,US74460W8001
PSA-W,US74460W8753
PSA-X,US74460W1071
PSB,US69360J1079
PSB-W,US69360J6284
PSB-X,US69360J5948
PSB-Y,US69360J5781
PSB-Z,US69360J5526
PSEC-A,US74348T5653
PSF,US19248Y1073
PSFE,BMG6964L1072
PSFE+,BMG6964L1155
PSN,US70202L1026
PSO,US7050151056
PSPC,US7374651047
PSPC+,US7374651120
PSPC.UN,US7374652037
PSTG,US74624M1027
PSTH,US71531R1095
PSTH+,US71531R1178
PSTH.UN,US71531R2085
PSTL,US73757R1023
PSV,BMG4511M1082
PSX,US7185461040
PSXP,US7185492078
PTA,US19249X1081
PTR,US71646E1001
PTY,US72201B1017
PUBXL,US74460W5528
PUK,US74435K2042
PUK*,US74435K1135
PUK-,GB00B02FFZ25
PUK-A,GB00B0G40271
PUMP,US74347M1080
PV,KYG7255E1098
PV+,KYG7255E1171
PV.UN,KYG7255E1254
PVG,CA74139C1023
PVH,US6936561009
PVL,US71425H1005
PVT,US72583A1016
PVT+,US72583A1198
PVT.UN,US72583A2006
PVTL,US72582H1077
PWR,US74762E1029
PWSC,US73939C1062
PX,US69376K1060
PXD,US7237871071
PYN,US72201E1055
PYS,US73941X5932
PYT,US73941X6849
PYX,US74737V1061
PZC,US72201C1099
PZN,US74731Q1031
QBTS,US26740W1099
QBTS+,US26740W1172
QD,US7477981069
QEP,US74733V1008
QES,US74875T1034
QFTA,US74767A1051
QFTA+,US74767A1135
QFTA.UN,US74767A2042
QGEN,NL0012169213
QNGY,US74764U1043
QNGY+,US74764U1126
QS,US74767V1098
QS+,US74767V1171
QSR,CA76131D1033
QTS,US74736A1034
QTS-A,US74736A2024
QTS-B,US74736A3014
QTWO,US74736L1098
QUAD,US7473011093
QUOT,US7491191034
QVCC,US7472624003
QVCD,US7472623013
R,US7835491082
RA,US1128301041
RAAS,US18900M1045
RACE,NL0011585146
RAD,US7677548726
RAMP,US53815P1084
RBA,CA7677441056
RBAC,KYG7417R1056
RBAC+,KYG7417R1130
RBAC.UN,KYG7417R1213
RBC,US75524B1044
RBC*,US7587501039
RBCP,US75524B2034
RBLX,US7710491033
RBOT,US92561V1098
RBOT+,US92561V1171
RBS,US7800976893
RBT,US78112J1097
RBT+,US78112J1170
RC,US75574U1016
RC-B,US75574U5074
RC-C,US75574U7054
RC-D,US75574U8045
RC-E,US75574U8870
RCA,US75574U2006
RCB,US75574U4085
RCC,US75574U6064
RCF.UN,KYG7330C1289
RCFA,KYG7330C1024
RCFA+,KYG7330C1107
RCFA.UN,KYG7330C1289
RCI,CA7751092007
RCL,LR0008862868
RCP,US75574U3095
RCS,US72200X1046
RCUS,US03969F1093
RDN,US7502361014
RDS.A,US7802592060
RDS.B,US7802591070
RDW,US75776W1036
RDW+,US75776W1119
RDY,US2561352038
RE,BMG3223R1088
RELX,US7595301083
REN,US76116A3068
RENN,US7598923008
RERE,US00138L1089
RES,US7496601060
RESI,US35904G1076
REV,US7615256093
REVG,US7495271071
REX,US7616241052
REXR,US76169C1009
REXR-A,US76169C2098
REXR-B,US76169C3088
REXR-C,US76169C4078
REZI,US76118Y1047
RF,US7591EP1005
RF-A,US7591EP3084
RF-B,US7591EP5063
RF-C,US7591EP7044
RF-E,US7591EP8869
RFI,US19247R1032
RFL,US75062E1064
RFM,US76883H1041
RFMZ,US76883Y1073
RFP,US76117W1099
RGA,US7593516047
RGR,US8641591081
RGS,US7589321071
RGT,US78081T1043
RH,US74967X1037
RHI,US7703231032
RHP,US78377T1079
RHT,US7565771026
RICE,US7625941098
RICE+,US7625941171
RICE.UN,US7625942088
RIG,CH0048265513
RIO,US7672041008
RITM,US64828T2015
RITM-A,US64828T3005
RITM-B,US64828T4094
RITM-C,US64828T5083
RITM-D,US64828T7063
RIV,US76881Y1091
RIV-A,US76881Y2081
RIV.RT,US76881Y1588
RIV.RT*,US76881Y1588
RJAC,US46653C1062
RJAC+,US46653C1146
RJAC.UN,US46653C2052
RJF,US7547301090
RJF-A,US7547303070
RJF-B,US7547304060
RKLY,KYG7614L1095
RKLY+,KYG7614L1178
RKT,US77311W1018
RKTA,KYG7613T1031
RKTA+,KYG7613T1296
RKTA.UN,KYG7613T1114
RL,US7512121010
RLGY,US75605Y1064
RLH,US7567641060
RLI,US7496071074
RLJ,US74965L1017
RLJ-A,US74965L2007
RLTY,US19249Q1031
RLX,US74969N1037
RM,US75902K1060
RMAX,US75524W1080
RMD,US7611521078
RMED,US74933X2036
RMG,US7496411064
RMG+,US7496411148
RMG.UN,US7496412054
RMI,US76883F1084
RMM,US76882H1059
RMMZ,US76882M1045
RMO,US7761531083
RMO+,US7761531166
RMPL-,US76882B2079
RMT,US7809151043
RNG,US76680R2067
RNGR,US75282U1043
RNP,US19247X1000
RNR,BMG7496G1033
RNR-E,BMG7498P1196
RNR-F,US75968N3098
RNR-G,BMG7498P1279
ROAN,US7697551098
ROG,US7751331015
ROK,US7739031091
ROL,US7757111049
RONI,KYG755291005
RONI+,KYG755291260
RONI.UN,KYG755291187
ROP,US7766961061
ROSS,KYG7641C1069
ROSS+,KYG7641C1143
ROSS.UN,KYG7641C1226
ROT,US77879W1053
ROT+,US77879W1137
ROT.UN,US77879W2044
ROYT,US6941031022
RPAI,US76131V2025
RPLA,KYG751301071
RPLA+,KYG751301154
RPLA.UN,KYG751301238
RPM,US7496851038
RPT,US74971D1019
RPT-D,US74971D2009
RQI,US19247L1061
RRAC,KYG7573M1069
RRAC+,KYG7573M1143
RRAC.UN,KYG7573M1226
RRC,US75281A1097
RRD,US2578672006
RRX,US7587501039
RS,US7595091023
RSF,US76882B1089
RSG,US7607591002
RSI,US7820111000
RSI+,US7820111182
RSKD,IL0011786493
RST,US7777801074
RTP,KYG7483N1299
RTP+,KYG7483N1034
RTP.UN,KYG7483N1117
RTPZ,KYG748471078
RTPZ+,KYG748471151
RTPZ.UN,KYG748471235
RTW,US74980D1000
RTX,US75513E1010
RUBI,US78112V1026
RVI,US76133Q1022
RVLV,US76156B1070
RVT,US7809101055
RWT,US7580754023
RXN,US76169B1026
RXN*,US76169B1109
RY,CA7800871021
RY-T,CA78013G5014
RYAM,US75508B1044
RYAN,US78351F1075
RYB,US74979W1018
RYCE,VGG0335L2012
RYI,US7837541041
RYN,US7549071030
RZA,US7593517037
RZB,US7593518027
S,US81730H1095
SA,CA8119161054
SAF,US80349A5056
SAFE,US78645L1008
SAH,US83545G1022
SAIC,US8086251076
SAIL,US78781P1057
SAK,US80349A6047
SALT,MHY7546A1304
SAM,US1005571070
SAN,US05964H1059
SAN-B,US05971K4067
SAND,CA80013R2063
SAP,US8030542042
SAR,US80349A2087
SAT,US80349A8027
SAVE,US8485771021
SB,MHY7388L1039
SB-C,MHY7388L1294
SB-D,MHY7388L1377
SBBA,US80918T2087
SBE,US87105M1027
SBE+,US87105M1100
SBE.UN,US87105M2017
SBG,US7997931040
SBG+,US7997931123
SBG.UN,US7997932030
SBH,US79546E1047
SBI,US9584351095
SBII,US7997921066
SBII+,US7997921140
SBII.UN,US7997922056
SBOW,US82836G1022
SBR,US7856881021
SBS,US20441A1025
SBSW,US82575P1075
SC,US80283M1018
SCA,US8585683068
SCCO,US84265V1052
SCD,US50208A1025
SCE-G,US78407R2040
SCE-H,US78409B2079
SCE-J,US78409G2066
SCE-K,US78409W2017
SCE-L,US78410V2007
SCHW,US8085131055
SCHW-C,US8085134026
SCHW-D,US8085136005
SCHW-J,US8085138654
SCI,US8175651046
SCL,US8585861003
SCM,US8585681088
SCPE,KYG785162036
SCPE+,KYG785164016
SCPE.UN,KYG785163026
SCS,US8581552036
SCU,US8112461079
SCUA,KYG7T9831035
SCUA+,KYG7T9831118
SCUA.UN,KYG7T9831290
SCVX,KYG794482086
SCVX+,KYG794481179
SCVX.UN,KYG794481096
SCX,US8556681091
SD,US80007P8692
SDHY,US69355J1043
SDRL,BMG7998G1069
SE,US81141R1005
SEAH,US84918M1062
SEAH+,US84918M1146
SEAH.UN,US84918M2052
SEAL-A,MHY8564M1131
SEAL-B,MHY8564M2048
SEAS,US81282V1008
SEDA,KYG794711013
SEDA+,KYG794711278
SEDA.UN,KYG794711195
SEE,US81211K1007
SEGR,US84169Q1031
SEM,US81619Q1058
SEMG,US81663A1051
SEMR,US81686C1045
SERV,US81761R1095
SES,US78397Q1094
SES+,US78397Q1177
SF,US8606301021
SF-A,US8606304090
SF-B,US8606307069
SF-C,US8606308703
SF-D,US8606308620
SFB,US8606306079
SFBS,US81768T1088
SFE,US7864492076
SFL,BMG7738W1064
SFS,US83190B1017
SFTW,US68839R1041
SFTW+,US68839R1207
SFTW.UN,US68839R4011
SFUN,US30711Y3009
SG,US87043Q1085
SGFY,US82671G1004
SGHC,GG00BMG42V42
SGHC+,GG00BMG4F262
SGU,US85512C1053
SHAK,US8190471016
SHAP,KYG837451023
SHAP+,KYG837451288
SHAP.UN,KYG837451106
SHEL,US7802593050
SHEL*,US7802593050
SHG,US8245961003
SHI,US82935M1099
SHLL,US89154L1008
SHLL+,US89154L1180
SHLL.UN,US89154L2097
SHLX,US8226341019
SHO,US8678921011
SHO-E,US8678926069
SHO-F,US8678927059
SHO-H,US8678928040
SHO-I,US8678928875
SHOP,CA82509L1076
SHPW,US81947T1025
SHPW+,US81947T1108
SHW,US8243481061
SI,US82837P4081
SI-A,US82837P5070
SID,US20440W1053
SIG,BMG812761002
SII,CA8520662088
SIRE,US1724641097
SITC,US82981J1097
SITC-A,US82981J8779
SITC-K,US82981J8027
SITE,US82982L1035
SIX,US83001A1025
SJI,US8385181081
SJIJ,US8385182071
SJIU,US8385181164
SJIV,US8385183061
SJM,US8326964058
SJR,CA82028K2002
SJT,US7982411057
SJW,US7843051043
SKE,CA83056P7157
SKIL,US83066P2002
SKIL+,US83066P1194
SKLZ,US83067L1098
SKLZ+,US83067L1171
SKM,US78440P3064
SKT,US8754651060
SKX,US8305661055
SKY,US8308301055
SLAC,US83363K1025
SLAC+,US83363K1108
SLAC.UN,US83363K2015
SLB,AN8068571086
SLCA,US90346E1038
SLF,CA8667961053
SLG,US78440X8873
SLG-I,US78440X5077
SLGN,US8270481091
SLQT,US8163073005
SLVM,US8713321029
SLVM*,US8713321029
SM,US78454L1008
SMAR,US83200N1037
SMFG,US86562M2098
SMG,US8101861065
SMHI,US78413P1012
SMLP,US8661424098
SMM,US79471V1052
SMP,US8536661056
SMR,US67079K1007
SMR+,US67079K1189
SMRT,US83193G1076
SMWB,IL0011751653
SNA,US8330341012
SNAP,US83304A1060
SNDA,US1404752032
SNDR,US80689H1023
SNE,US8356993076
SNII,KYG8T86C1052
SNII+,KYG8T86C1219
SNII.UN,KYG8T86C1136
SNN,US83175M2052
SNOW,US8334451098
SNP,US16941R1086
SNPR,KYG895541020
SNPR+,KYG895541285
SNPR.UN,KYG895541103
SNR,US6486911034
SNV,US87161C5013
SNV-D,US87161C6003
SNV-E,US87161C7092
SNX,US87162W1009
SNX*,US87162W1181
SO,US8425871071
SOAC,KYG8598Y1098
SOAC+,KYG8598Y1171
SOAC.UN,KYG8598Y1254
SOGO,US83409V1044
SOI,US83418M1036
SOJA,US8425872061
SOJB,US8425873051
SOJC,US8425874042
SOJD,US8425878001
SOJE,US8425878837
SOL,US75971T3014
SOLN,US8425876021
SON,US8354951027
SONX,US8354311073
SONY,US8356993076
SOR,US8361441053
SOS,US83587W2052
SPAQ,US84677R1068
SPAQ+,US84677R1142
SPAQ.UN,US84677R2058
SPB,US84790A1051
SPCE,US92766K1060
SPE,US84741T1043
SPE-B,US84741T3023
SPE-C,US84741T4013
SPE.RT,US84741T1381
SPE.RT*,US84741T1381
SPFR,KYG507401027
SPFR+,KYG507401100
SPFR.UN,KYG507401282
SPG,US8288061091
SPG-J,US8288068856
SPGI,US78409V1044
SPGS,US82880R1032
SPGS+,US82880R1115
SPGS.UN,US82880R2022
SPH,US8644821048
SPIR,US8485601087
SPIR+,US8485601160
SPLP,US85814R1077
SPLP-A,US85814R2067
SPN,US8681573064
SPNT,BMG8192H1060
SPNT-B,BMG8192H1557
SPNV,US86846V1089
SPNV+,US86846V1162
SPNV.UN,US86846V2079
SPOT,LU1778762911
SPR,US8485741099
SPRQ,US8467751041
SPRQ+,US8467751124
SPRQ.UN,US8467752031
SPXC,US78473E1038
SPXX,US6706EW1000
SQ,US8522341036
SQM,US8336351056
SQM.RT,US8336361113
SQM.RT*,US8336361113
SQNS,US8173232070
SQSP,US85225A1079
SQZ,US78472W1045
SR,US84857L1017
SR-A,US84857L3096
SRC,US84860W3007
SRC-A,US84860W2017
SRE,US8168511090
SRE-A,US8168514060
SRE-B,US8168515059
SREA,US8168516040
SRF,US23162T1025
SRG,US81752R1005
SRG-A,US81752R3084
SRI,US86183P1021
SRL,KYG7T96K1077
SRLP,US8493431089
SRT,US85569C1071
SRV,US2316313004
SSD,US8290731053
SSL,US8038663006
SST,US87200P1093
SST+,US87200P1176
SSTK,US8256901005
SSU,NL0015000LX8
SSU+,NL0015000M34
ST,GB00BFMBMT84
STAG,US85254J1025
STAG-C,US85254J4094
STAR,US45031U1016
STAR-D,US45031U4085
STAR-G,US45031U7054
STAR-I,US45031U8045
STC,US8603721015
STE,IE00BFY8C754
STEM,US85859N1028
STEM+,US85859N1101
STET,BMG8465L1072
STET+,BMG8465L1155
STET.UN,BMG8465L1239
STEW,US1015071012
STG,US86740P2074
STIC,US6657421029
STIC+,US6657421102
STIC.UN,US6657422019
STK,US19842X1090
STL,US85917A1007
STL-A,US85917A2096
STLA,NL00150001Q9
STM,US8610121027
STN,CA85472N1096
STNG,MHY7542C1306
STON,US86184W1062
STOR,US8621211007
STPC,US8551791077
STPC+,US8551791150
STPC.UN,US8551792067
STPK,US8551851046
STPK+,US8551851129
STPK.UN,US8551852036
STR,US82982V1017
STRE,KYG8T90F1020
STRE+,KYG8T90F1285
STRE.UN,KYG8T90F1103
STRY,US85572U1025
STRY+,US85572U1108
STT,US8574771031
STT-D,US8574776089
STT-G,US8574778556
STVN,IT0005452658
STWD,US85571B1052
STZ,US21036P1084
STZ.B,US21036P2074
SU,CA8672241079
SUAC,US82537G1040
SUAC+,US82537G1123
SUAC.UN,US82537G2030
SUI,US8666741041
SUM,US86614U1007
SUN,US86765K1097
SUNL,US86738J1060
SUNL+,US86738J1144
SUP,US8681681057
SUPV,US40054A1088
SUZ,US86959K1051
SWBK,KYG8633T1159
SWBK+,KYG8633T1076
SWBK.UN,KYG8633T1233
SWCH,US87105L1044
SWI,US83417Q2049
SWI*,US83417Q1132
SWK,US8545021011
SWM,US8085411069
SWN,US8454671095
SWT,US8545028461
SWX,US8448951025
SWZ,US8708751016
SXC,US86722A1034
SXI,US8542311076
SXT,US81725T1007
SYF,US87165B1035
SYF-A,US87165B2025
SYK,US8636671013
SYX,US8718511012
SYY,US8718291078
SZC,US2316472073
T,US00206R1023
T-A,US00206R5081
T-C,US00206R7061
T.WD,US00206R1106
TAC,CA89346D1078
TACA,KYG9095M1015
TACA+,KYG9095M1270
TACA.UN,KYG9095M1197
TAK,US8740602052
TAL,US8740801043
TALO,US87484T1088
TAP,US60871R2094
TAP.A,US60871R1005
TARO,IL0010827181
TBA,KYG882721023
TBB,US00206R3003
TBC,US00206R4092
TBI,US89785X1019
TCI,US8936172092
TCN,CA89612W1023
TCO,US8766641034
TCO-J,US8766646082
TCO-K,US8766647072
TCOA,US89301B1044
TCOA+,US89301B1127
TCOA.UN,US89301B2034
TCP,US87233Q1085
TCRW,US8724384032
TCRZ,US8724383042
TCS,US2107511030
TD,CA8911605092
TDA,US8794337951
TDC,US88076W1036
TDCX,US87190U1007
TDE,US8794338454
TDF,US88018T1016
TDG,US8936411003
TDI,US8794338520
TDJ,US8794338371
TDOC,US87918A1051
TDS,US8794338298
TDS-U,US8794337878
TDS-V,US8794337613
TDW,US88642R1095
TDW+A,US88642R1178
TDW+B,US88642R1251
TDY,US8793601050
TEAF,US27901F1093
TECK,CA8787422044
TEF,US8793822086
TEI,US8801921094
TEL,CH0102993182
TEN,US8803491054
TEO,US8792732096
TEVA,US8816242098
TEX,US8807791038
TFC,US89832Q1094
TFC-F,US89832Q8511
TFC-G,US89832Q8446
TFC-H,US89832Q8362
TFC-I,US89832Q8107
TFC-O,US89832Q7455
TFC-R,US89832Q6952
TFII,CA87241L1094
TFPM,CA89679M1041
TFSA,US88104C2026
TFX,US8793691069
TG,US8946501009
TGH,BMG8766E1093
TGH-A,US88314W2044
TGH-B,US88314W3034
TGI,US8968181011
TGLS,KYG872641009
TGNA,US87901J1051
TGP,MHY8564M1057
TGP-A,MHY8564M1131
TGP-B,MHY8564M2048
TGR,US49436K1060
TGR+,US49436K1144
TGR.UN,US49436K2050
TGS,US8938702045
TGT,US87612E1064
THC,US88033G4073
THG,US4108671052
THGA,US4108672043
THO,US8851601018
THQ,US8791051043
THR,US88362T1034
THS,US89469A1043
THW,US87911L1089
TIF,US8865471085
TIMB,US88706T1088
TIMB*,US88706T1088
TINV,KYG886721037
TINV+,KYG886721110
TINV.UN,KYG886721292
TISI,US8781551002
TIXT,CA87975H1001
TJX,US8725401090
TK,MHY8564W1030
TKC,US9001112047
TKR,US8873891043
TLGA,US87257M1080
TLGA+,US87257M1163
TLGA.UN,US87257M2070
TLI,US95790J1025
TLK,US7156841063
TLRD,US87403A1079
TLYS,US8868851028
TM,US8923313071
TMAC,US62752R1005
TMAC+,US62752R1187
TMAC.UN,US62752R2094
TME,US88034P1093
TMHC,US87724P1066
TMO,US8835561023
TMST,US8873991033
TMX,US88087E1001
TNC,US8803451033
TNET,US8962881079
TNK,MHY8565N3002
TNL,US8941641024
TNP,BMG9108L1735
TNP-C,BMG9108L1321
TNP-D,BMG9108L1404
TNP-E,BMG9108L1578
TNP-F,BMG9108L1651
TOL,US8894781033
TOST,US8887871080
TOT,US89151E1091
TOWR,US8918261095
TPB,US90041L1052
TPC,US9011091082
TPGS,KYG8656V1041
TPGY,KYG8990D1253
TPGY+,KYG8990D1170
TPGY.UN,KYG8990D1097
TPH,US87265H1095
TPL,US88262P1021
TPR,US8760301072
TPRE,BMG8827U1009
TPTA,US88104K1051
TPVG,US89677Y1001
TPVY,US89677Y3080
TPX,US88023U1016
TPZ,US89147X1046
TR,US8905161076
TRAQ,KYG9059F1000
TRAQ+,KYG9059F1182
TRAQ.UN,KYG9059F1265
TRC,US8790801091
TRCA,KYG9151L1041
TRCA+,KYG9151L1207
TRCA.UN,KYG9151L1124
TREB,KYG9027T1094
TREB+,KYG9027T1177
TREB.UN,KYG9027T1250
TREC,US8946481046
TREX,US89531P1057
TRGP,US87612G1013
TRI,CA8849037095
TRIS,KYG9074V1068
TRIS+,KYG9074V1142
TRIS.UN,KYG9074V1225
TRN,US8965221091
TRNE,US89628U1088
TRNE+,US89628U1161
TRNE.UN,US89628U2078
TRNO,US88146M1018
TRNY.UN,KYG9065B1196
TROX,GB00BJT16S69
TRP,CA87807B1076
TRQ,CA9004352071
TRTL,KYG8956E1098
TRTL+,KYG8956E1171
TRTL.UN,KYG8956E2088
TRTN,BMG9078F1077
TRTN-A,BMG9078F1234
TRTN-B,BMG9078F1317
TRTN-C,BMG9078F1499
TRTN-D,BMG9078F2067
TRTN-E,BMG9078F1564
TRTX,US87266M1071
TRTX-C,US87266M2061
TRU,US89400J1079
TRV,US89417E1091
TRWH,US90171V2043
TS,US88031M1099
TSE,IE0000QBK8U7
TSI,US8723401043
TSLX,US83012A1097
TSM,US8740391003
TSN,US9024941034
TSPQ,US87301L1061
TSPQ+,US87301L1145
TSPQ.UN,US87301L2051
TSQ,US8922311019
TSU,US88706P2056
TT,IE00BK9ZQ967
TTC,US8910921084
TTE,US89151E1091
TTI,US88162F1057
TTM,US8765685024
TTP,US89148H2076
TU,CA87971M1032
TUFN,IL0011571556
TUP,US8998961044
TUYA,US90114C1071
TV,US40049J2069
TVC,US8805913006
TVE,US8805914095
TWI,US88830M1027
TWLO,US90138F1021
TWN,US8740361063
TWND,US87403Q1022
TWND+,US87403Q1105
TWND.UN,US87403Q2012
TWNI,KYG8662F1019
TWNI+,KYG8662F1191
TWNI.UN,KYG8662F1274
TWNT,KYG866131090
TWNT+,KYG866131256
TWNT.UN,KYG866131173
TWO,US90187B4086
TWO-A,US90187B2007
TWO-B,US90187B3096
TWO-C,US90187B5075
TWO-D,US90187B6065
TWO-E,US90187B7055
TWOA,KYG9152V1014
TWOA.UN,KYG9152V1279
TWTR,US90184L1026
TX,US8808901081
TXT,US8832031012
TY,US8954361031
TY-,US8954362021
TYG,US89147L8862
TYL,US9022521051
U,US91332U1016
UA,US9043112062
UAA,US9043111072
UAN,US1266332055
UBA,US9172862057
UBER,US90353T1007
UBP,US9172861067
UBP-H,US9172868823
UBP-K,US9172868740
UBS,CH0244767585
UDR,US9026531049
UE,US91704F1049
UFI,US9046772003
UFS,US2575592033
UGI,US9026811052
UGIC,US9026811136
UGP,US90400P1012
UHS,US9139031002
UHT,US91359E1055
UI,US90353W1036
UIS,US9092143067
UL,US9047677045
UMC,US9108734057
UMH,US9030021037
UMH-B,US9030023017
UMH-C,US9030024007
UMH-D,US9030025095
UN,US9047847093
UNF,US9047081040
UNFI,US9111631035
UNH,US91324P1021
UNM,US91529Y1064
UNMA,US91529Y6014
UNP,US9078181081
UNT,US9092181091
UNVR,US91336L1070
UP,US96328L1061
UP+,US96328L1145
UPH,US91532B1017
UPH+,US91532B1199
UPS,US9113121068
URI,US9113631090
USA,US5301581048
USAC,US90290N1090
USB,US9029733048
USB-A,US9029738666
USB-H,US9029731554
USB-M,US9029738336
USB-O,US9029737916
USB-P,US9029737593
USB-Q,US9029737346
USB-R,US9029737189
USB-S,US9029736686
USDP,US9033181036
USER,US91734E1010
USFD,US9120081099
USM,US9116841084
USNA,US90328M1071
USPH,US90337L1089
USX,US90338N2027
UTF,US19248A1097
UTI,US9139151040
UTL,US9132591077
UTZ,US9180901012
UTZ+,US9180901194
UVE,US91359V1070
UVV,US9134561094
UWMC,US91823B1098
UWMC+,US91823B1171
UZA,US9116844054
UZB,US9116845044
UZC,US9116846034
UZD,US9116847024
UZE,US9116848014
UZF,US9116848840
V,US92826C8394
VAC,US57164Y1073
VAL,BMG9460G1015
VAL+,BMG9460G1197
VALE,US91912E1055
VAM,US92853C2070
VAPO,US9221071072
VAR,US92220P1057
VATE,US45784J1051
VBF,US46132L1070
VCIF,US92535C1045
VCRA,US92857F1075
VCV,US46132H1068
VCXB,KYG870771063
VCXB+,KYG870771147
VCXB.UN,KYG870771220
VEC,US92242T1016
VEDL,US92242Y1001
VEEV,US9224751084
VEI,US92735P1030
VEL,US92262D1019
VER,US92339V3087
VER-F,US92339V2097
VERT.UN,US92537N2071
VET,CA9237251058
VFC,US9182041080
VGAC,KYG9446E1052
VGAC+,KYG9446E1136
VGAC.UN,KYG9446E1219
VGI,US92829B1017
VGII,KYG9460K1022
VGII+,KYG9460K1287
VGII.UN,KYG9460K1105
VGM,US46131M1062
VGR,US92240M1080
VHAQ.UN,US92853V2051
VHC,US92823T1088
VHI,US9189052098
VIAO,US91823Y1091
VICI,US9256521090
VIPS,US92763W1036
VIST,US92837L1098
VIV,US87936R2058
VIV*,US87936R2058
VJET,US92912L1070
VKQ,US46131J1034
VLD,US92259N1046
VLD+,US92259N1129
VLN,IL0011796880
VLN+,IL0011796963
VLO,US91913Y1001
VLRS,US21240E1055
VLT,US46131F1012
VLTA,US92873V1026
VLTA+,US92873V1109
VMC,US9291601097
VMI,US9202531011
VMO,US46132C1071
VMW,US9285634021
VMW*,US9285634021
VNCE,US92719W2070
VNE,US92336X1090
VNO,US9290421091
VNO-K,US9290428518
VNO-L,US9290428443
VNO-M,US9290428286
VNO-N,US9290428104
VNO-O,US9290427940
VNT,US9288811014
VNT*,US9288811014
VNTR,GB00BF3ZNS54
VOC,US91829B1035
VOYA,US9290891004
VOYA-B,US9290892093
VPCC,US91835J1088
VPCC+,US91835J1161
VPCC.UN,US91835J2078
VPG,US92835K1034
VPV,US46132K1097
VRE,US5544891048
VRS,US92531L2079
VRT,US92537N1081
VRT+,US92537N1164
VRTV,US9234541020
VSCO,US9264001028
VSCO*,US9264001028
VSH,US9282981086
VSLR,US92854Q1067
VST,US92840M1027
VST+A,US92840M1282
VSTO,US9283771007
VTA,US46132R1041
VTEX,KYG9470A1022
VTN,US46131T1016
VTOL,US11040G1031
VTR,US92276F1003
VVI,US92552R4065
VVNT,US9285421098
VVNT+,US9285421171
VVR,US46131H1077
VVV,US92047W1018
VVX,US92242T1016
VYGG,KYG9444H1002
VYGG+,KYG9444H1184
VYGG.UN,KYG9444H1267
VZ,US92343V1044
VZIO,US92858V1017
W,US94419L1017
WAAS,VGG0443N1078
WAB,US9297401088
WAGE,US9304271094
WAL,US9576381092
WAL-A,US9576384062
WALA,US9576382082
WARR,US9362731013
WARR+,US9362731195
WARR.UN,US9362732003
WAT,US9418481035
WAVC,KYG065361092
WAVC+,KYG065361175
WAVC.UN,KYG065361258
WBAI,US33829R1005
WBC,US92927K1025
WBEV,US97265W1053
WBK,US9612143019
WBS,US9478901096
WBS-F,US9478905055
WBS-G,US9478907036
WBT,US9490901041
WBX,NL0015000M91
WBX+,NL0015000M83
WCC,US95082P1057
WCC-A,US95082P3038
WCN,CA94106B1013
WD,US93148P1021
WDH,US94132V1052
WDI,US95790K1097
WDR,US9300591008
WDS,US9802283088
WE,US96209A1043
WE+,US96209A1126
WEA,US9576641057
WEAV,US94724R1086
WEBR,US94770D1028
WEC,US92939U1060
WEI,US94861A2078
WEL,KYG4828B1005
WEL+,KYG4828B1187
WEL.UN,KYG4828B1260
WELL,US95040Q1040
WES,US9586691035
WEX,US96208T1043
WF,US9810641087
WFC,US9497461015
WFC-A,US94988U1280
WFC-C,US95002Y2028
WFC-D,US95002Y4008
WFC-L,US9497468044
WFC-N,US9497467475
WFC-O,US9497467210
WFC-P,US9497466550
WFC-Q,US9497465560
WFC-R,US9497464654
WFC-T,US9497463664
WFC-V,US94988U7303
WFC-W,US94988U7147
WFC-X,US94988U6727
WFC-Y,US94988U6560
WFC-Z,US94988U1512
WFG,CA9528451052
WGO,US9746371007
WH,US98311A1051
WHD,US1272031071
WHG,US9617651040
WHR,US9633201069
WIA,US95766Q1067
WIT,US97651M1099
WIW,US95766R1041
WK,US98139A1051
WLH,US5520747008
WLK,US9604131022
WLKP,US9604171036
WLL,US9663875089
WLY,US9682232064
WLYB,US9682233054
WM,US94106L1098
WMB,US9694571004
WMC,US95790D2045
WMK,US9488491047
WMS,US00790R1041
WMT,US9311421039
WNC,US9295661071
WNNR,KYG267351032
WNNR+,KYG267351297
WNNR.UN,KYG267351115
WNS,US92932M1018
WOLF,US9778521024
WOR,US9818111026
WORK,US83088V1026
WOW,US96758W1018
WPC,US92936U1097
WPCA,KYG9461D1079
WPCA+,KYG9461D1152
WPCA.UN,KYG9461D1236
WPCB,KYG9460M1087
WPCB+,KYG9460M1244
WPCB.UN,KYG9460M1160
WPF,US34431F1049
WPF+,US34431F1122
WPF.UN,US34431F2039
WPG,US93964W4050
WPG-H,US93964W2070
WPG-I,US93964W3060
WPM,CA9628791027
WPP,US92937A1025
WPX,US98212B1035
WQGA,KYG5596W1015
WQGA+,KYG5596W1270
WQGA.UN,KYG5596W1197
WRAC,US96951B1026
WRAC+,US96951B1109
WRAC.UN,US96951B2016
WRB,US0844231029
WRB-B,US0844234098
WRB-C,US0844235087
WRB-D,US0844236077
WRB-E,US0844237067
WRB-F,US0844238057
WRB-G,US0844238883
WRB-H,US0844238701
WRBY,US93403J1060
WRE,US9396531017
WRI,US9487411038
WRK,US96145D1054
WSM,US9699041011
WSO,US9426222009
WSO.B,US9426221019
WSR,US9660842041
WST,US9553061055
WTI,US92922P1066
WTM,BMG9618E1075
WTRG,US29670G1022
WTRU,US29670G2012
WTS,US9427491025
WTTR,US81617J3014
WU,US9598021098
WUBA,US31680Q1040
WWE,US98156Q1085
WWW,US9780971035
WY,US9621661043
WYND,US98310W1080
X,US9129091081
XAN,US30068N1054
XAN-C,US30068N4025
XEC,US1717981013
XFLT,US98400T1060
XFLT-A,US98400T2050
XHR,US9840171030
XIN,US98417P1057
XL,US9837FR1002
XL+,US9837FR1184
XOM,US30231G1022
XPER,US98423J1016
XPER*,US98423J1016
XPEV,US98422D1054
XPO,US9837931008
XPO*,US9837931180
XPOA,US23344P1012
XPOA+,US23344P1194
XPOA.UN,US23344P2002
XPOF,US98422X1019
XPRO,NL0010556684
XRF,US16953Q2049
XRX,US98421M1062
XYF,US98372W2026
XYL,US98419M1009
Y,US0171751003
YAC,KYG9879L1059
YAC+,KYG9879L1133
YAC.UN,KYG9879L1216
YALA,US98459U1034
YELP,US9858171054
YETI,US98585X1046
YEXT,US98585N1063
YMM,US35969L1089
YOU,US18467V1098
YPF,US9842451000
YRD,US98585L1008
YSAC,US98566K1051
YSAC+,US98566K1135
YSAC.UN,US98566K2042
YSG,US9851941099
YTPG,KYG898261048
YUM,US9884981013
YUMC,US98850P1093
YXR,US98426G1040
ZAYO,US98919V1052
ZBH,US98956P1021
ZBH*,US98956P1104
ZEN,US98936J1016
ZEPP,US98945L1052
ZETA,US98956A1051
ZEV,US53228T1016
ZEV+,US53228T1198
ZGN,NL0015000PB5
ZGN+,NL0015000PA7
ZH,US98955N1081
ZIM,IL0065100930
ZIP,US98980B1035
ZME,US98955H2004
ZNH,US1694091091
ZTO,US98980A1051
ZTR,US92835W1071
ZTS,US98978V1035
ZUO,US98983V1061
ZVIA,US98955K1043
ZWS,US98983L1089
ZYME,CA98985W1023
